x,y,Ca,K,Fe,Zn,Cu,Mn,S,P,Cl,Si,Br,Sr
1,1,1.102,1.481,1.121,1.237,0.946,0.562,0.737,1.038,0.915,0.928,0.769,1.051
1,2,1.594,0.554,1.205,2.021,2.094,1.564,0.972,0.962,1.085,0.996,1.86,1.379
1,3,1.683,0.222,0.951,2.075,1.402,1.194,1.979,1.406,2.538,0.819,1.303,0.477
1,4,1.02,0.661,0.878,1.921,0.275,1.7,1.013,1.789,1.636,1.115,1.406,1.421
1,5,0.707,1.077,1.825,0.74,0.194,1.425,1.75,0.836,1.463,1.095,1.423,1.847
1,6,0.945,1.966,1.042,1.916,1.981,1.452,0.495,0.857,1.526,1.645,1.318,1.492
1,7,1.828,0.317,1.064,1.932,1.048,0.837,0.813,0.456,0.46,1.585,1.019,0.834
1,8,1.633,1.862,1.755,0.85,2.12,1.61,0.348,0.804,1.51,1.401,1.909,2.145
1,9,0.943,2.101,0.506,0.591,1.676,1.038,1.835,0.896,1.561,1.861,1.855,2.05
1,10,1.636,1.072,1.861,1.422,1.405,1.142,1.632,1.499,0.548,0.858,1.966,1.992
1,11,0.273,1.051,1.362,2.103,1.645,1.085,0.962,0.216,1.317,0.256,1.316,1.184
1,12,0.497,0.86,0.357,1.454,0.413,1.378,0.146,1.866,0.211,1.131,0.403,1.709
1,13,2.095,0.926,1.739,1.755,0.908,1.137,1.547,2.044,0.761,0.0,1.33,1.777
1,14,1.319,1.51,1.798,1.555,1.989,1.896,0.973,1.806,1.213,1.584,1.752,1.736
1,15,1.495,1.711,1.362,1.948,0.28,1.769,1.827,1.662,1.13,2.178,0.61,0.639
1,16,0.419,1.172,1.55,1.038,0.733,0.489,1.005,1.588,1.295,0.871,0.569,1.463
1,17,1.836,1.682,1.477,1.044,1.394,1.005,1.596,1.092,0.936,1.246,0.497,2.506
1,18,2.281,1.691,2.004,0.82,0.747,2.146,0.451,0.77,1.771,1.098,1.928,0.225
1,19,2.576,1.44,1.565,0.976,1.121,1.0,1.616,2.222,0.865,2.027,1.458,0.809
1,20,1.455,1.417,0.773,2.0,1.82,0.467,1.505,0.571,0.833,0.691,1.19,0.755
1,21,1.406,1.31,1.072,0.481,0.557,1.965,0.766,1.135,1.999,0.966,1.848,1.283
1,22,1.112,1.53,1.015,1.48,1.68,0.653,0.786,1.844,1.397,1.762,2.234,1.002
1,23,1.267,1.977,0.727,1.54,0.924,0.707,0.879,0.982,0.896,1.687,1.837,1.981
1,24,0.696,1.568,1.279,0.454,1.723,0.204,1.949,1.383,1.409,1.868,0.106,1.719
1,25,0.097,2.208,0.64,1.402,1.291,0.445,2.0,1.161,1.656,1.534,1.42,0.862
1,26,1.217,0.531,1.128,1.748,1.442,1.481,0.623,0.578,1.92,0.844,1.327,1.648
1,27,1.914,0.838,1.324,0.95,2.044,0.975,0.109,0.616,1.482,0.919,1.392,1.364
1,28,1.203,1.055,0.88,1.575,1.662,1.838,1.573,0.565,1.138,1.996,1.16,0.754
1,29,2.323,1.73,1.887,1.518,1.629,1.509,0.298,0.735,0.72,1.481,1.009,1.811
1,30,0.747,0.737,1.938,1.245,2.122,1.094,1.949,1.56,1.884,0.587,0.624,1.267
1,31,0.835,1.033,1.674,1.267,0.768,0.931,1.746,0.568,0.625,1.384,1.709,0.782
1,32,1.993,0.635,0.332,2.093,1.916,0.455,2.262,1.493,1.354,0.789,0.891,2.013
1,33,1.991,2.536,1.707,0.922,1.687,1.537,1.129,1.386,1.065,1.639,1.653,0.631
1,34,1.491,2.058,0.8,0.497,1.558,2.309,1.722,0.973,1.754,0.432,0.811,0.867
1,35,1.194,1.029,1.254,1.291,0.914,1.083,1.279,1.221,0.854,0.849,0.982,2.179
1,36,0.703,0.56,1.974,1.913,0.0,0.618,1.295,1.854,1.471,1.722,0.512,0.552
1,37,0.489,1.594,1.432,1.86,0.35,0.34,0.36,1.209,0.245,1.353,0.834,0.46
1,38,0.589,1.047,2.009,1.407,0.382,1.378,1.12,1.229,1.575,1.117,1.477,1.064
1,39,0.725,1.638,1.184,1.965,1.744,1.54,0.334,0.877,1.127,1.785,0.207,1.702
1,40,0.46,0.372,1.452,1.745,1.215,1.594,0.891,1.768,1.521,1.935,1.75,1.574
1,41,0.805,1.165,0.654,0.098,1.617,0.345,0.52,1.083,1.819,1.448,1.311,1.099
1,42,1.628,1.153,1.543,2.208,2.029,0.835,2.025,2.536,1.725,1.393,2.008,1.477
1,43,1.243,1.332,1.589,1.234,0.587,0.979,1.187,0.0,0.111,0.966,1.575,0.554
1,44,1.741,0.672,0.946,1.501,1.82,0.755,1.111,1.291,1.288,0.7,1.064,0.545
1,45,0.659,1.379,1.303,1.782,0.587,1.424,0.584,2.074,0.629,1.168,1.313,1.536
1,46,0.73,2.502,0.575,1.276,0.688,0.995,1.854,0.176,1.323,0.504,1.914,1.782
1,47,1.703,1.456,2.104,0.349,0.655,0.721,0.846,0.78,0.791,0.921,1.531,1.929
1,48,0.594,1.55,1.52,0.934,2.038,1.674,1.219,0.629,0.365,1.273,0.797,0.708
1,49,1.403,0.99,0.62,1.487,1.964,1.264,0.853,0.372,1.865,0.482,1.623,1.251
1,50,1.581,1.643,1.409,1.487,1.168,0.944,0.851,1.354,2.021,1.006,2.086,1.29
2,1,0.871,1.128,1.28,1.277,2.371,1.108,1.507,1.161,1.151,1.673,1.924,1.531
2,2,1.024,0.829,1.113,2.55,1.393,0.851,0.098,1.414,1.496,1.867,1.583,1.916
2,3,0.531,1.157,1.958,0.717,1.791,1.781,0.475,1.466,0.269,1.551,0.579,1.381
2,4,2.162,1.731,0.534,0.854,1.346,1.232,0.857,1.991,0.813,1.577,0.87,1.851
2,5,1.092,0.969,0.504,1.671,1.674,1.27,1.54,2.341,0.592,1.13,1.134,2.038
2,6,0.542,0.879,1.006,1.631,2.228,0.539,0.497,2.015,1.352,1.714,1.481,1.715
2,7,1.631,1.691,1.043,2.549,1.527,2.144,1.023,0.523,1.488,0.394,1.174,1.188
2,8,0.988,1.358,0.997,0.664,1.706,0.901,1.123,2.164,0.884,0.717,1.467,1.158
2,9,1.79,1.408,1.441,1.033,2.194,1.419,0.839,2.212,2.009,0.895,0.812,0.847
2,10,0.481,0.993,1.431,2.327,0.845,1.757,1.727,0.303,0.567,1.923,1.669,1.697
2,11,0.915,0.931,1.438,0.939,0.164,1.379,1.919,1.768,0.859,1.62,1.577,0.935
2,12,0.634,0.583,1.453,1.891,0.684,1.151,1.492,1.276,1.395,0.742,0.229,1.31
2,13,1.442,0.609,1.161,2.038,1.937,2.542,1.281,0.511,1.508,1.758,1.012,1.237
2,14,1.574,1.58,0.885,2.09,0.981,1.094,1.055,1.304,1.486,1.6,0.761,1.816
2,15,1.188,0.889,1.167,2.12,1.642,1.591,1.219,2.022,1.76,0.88,0.644,1.218
2,16,0.549,1.745,1.852,1.769,2.145,1.523,2.369,2.064,1.451,1.422,0.987,0.806
2,17,2.047,0.277,1.918,1.832,0.855,0.465,0.538,1.515,0.403,2.115,1.784,0.494
2,18,0.486,1.056,0.638,1.321,1.88,1.015,1.601,0.851,1.163,0.927,1.611,1.426
2,19,0.858,2.113,1.112,0.413,1.63,1.1,0.29,1.409,1.138,1.83,1.102,0.391
2,20,1.948,1.128,0.513,1.161,1.672,0.921,1.051,0.525,1.172,1.131,2.177,1.142
2,21,1.095,1.959,1.654,0.515,0.884,0.934,0.644,1.029,1.709,0.931,0.318,0.479
2,22,0.796,0.378,1.176,1.361,2.403,1.437,1.025,0.918,1.051,0.55,1.86,1.157
2,23,0.486,1.464,0.804,0.493,1.806,1.26,1.786,0.745,0.286,1.173,1.867,1.524
2,24,1.606,1.353,0.794,1.207,1.411,1.214,0.851,1.478,0.988,1.909,1.032,1.039
2,25,2.032,0.608,1.539,0.996,0.747,1.114,0.838,1.806,1.684,0.692,1.942,1.063
2,26,0.835,1.007,1.866,1.281,0.558,0.179,1.966,0.636,0.462,1.744,1.102,1.326
2,27,1.418,1.178,1.987,1.017,0.995,2.316,1.289,1.511,0.904,2.299,1.517,1.099
2,28,0.0,0.848,2.093,0.926,0.731,0.79,0.568,1.266,1.798,1.843,1.579,1.033
2,29,0.693,0.112,2.139,1.809,0.946,0.826,1.122,0.636,1.077,2.149,2.067,0.467
2,30,1.179,1.282,1.283,0.77,0.979,2.01,1.957,1.667,1.136,0.959,0.806,1.399
2,31,1.095,2.081,1.445,1.471,0.838,1.821,1.544,1.552,1.645,1.873,1.516,1.291
2,32,1.616,2.07,1.783,1.647,2.1,1.238,1.701,1.254,1.445,1.324,0.098,0.731
2,33,1.162,1.359,1.154,1.046,1.283,1.083,1.511,1.59,1.84,0.623,1.245,1.47
2,34,1.26,1.888,0.535,1.141,1.02,1.87,0.997,1.281,0.323,0.235,1.83,0.9
2,35,0.587,0.0,1.37,1.4,0.988,0.977,0.495,0.484,0.893,1.568,0.41,0.554
2,36,1.131,1.129,1.885,2.165,0.368,0.679,0.961,0.364,0.76,1.863,1.895,1.232
2,37,0.75,0.912,1.275,1.605,1.829,1.566,1.914,0.6,0.512,1.251,0.829,0.435
2,38,0.772,1.018,0.563,1.849,1.146,0.731,0.811,0.952,1.161,0.58,1.517,1.261
2,39,1.675,0.476,1.36,1.678,1.386,2.024,0.429,1.13,0.619,1.204,1.022,0.576
2,40,1.02,1.668,0.587,1.133,0.581,1.76,2.477,1.917,0.973,1.175,0.443,1.685
2,41,1.601,1.046,1.441,2.12,1.991,1.275,1.739,1.654,1.374,1.309,0.381,1.454
2,42,0.618,0.467,0.775,0.725,1.976,0.164,1.401,1.568,0.682,1.741,0.606,0.875
2,43,1.295,1.443,1.718,1.465,0.161,0.559,1.744,0.823,2.179,1.56,1.297,1.85
2,44,0.281,1.587,1.813,0.606,1.334,2.221,0.0,2.324,0.837,0.953,0.932,0.863
2,45,0.762,1.325,0.299,0.954,0.881,0.995,2.051,1.165,1.529,1.028,1.188,1.055
2,46,1.131,1.269,0.942,1.228,1.381,1.043,1.78,1.505,1.79,1.192,1.808,0.884
2,47,1.503,1.427,0.191,0.724,1.078,1.513,0.623,1.474,1.263,1.27,0.789,0.481
2,48,0.479,1.396,1.49,0.651,1.413,0.879,1.498,0.586,0.879,0.63,1.498,0.716
2,49,1.621,0.887,0.611,1.0,2.54,0.744,1.235,1.42,0.267,0.95,1.815,1.634
2,50,1.936,1.418,1.131,1.306,1.483,1.684,1.255,1.744,0.646,0.748,1.4,2.623
3,1,1.648,1.781,1.032,0.903,0.784,0.43,0.545,0.957,1.642,2.018,1.963,0.658
3,2,1.508,1.246,1.291,0.864,1.264,1.817,1.654,1.189,1.2,2.166,1.098,0.83
3,3,1.354,1.864,1.185,1.25,0.3,2.143,1.168,1.59,1.343,2.19,0.952,1.88
3,4,0.234,1.962,1.449,1.725,0.609,0.892,1.815,1.657,1.269,0.594,1.037,1.662
3,5,0.689,1.701,0.843,2.124,1.046,0.874,1.544,1.44,0.919,1.083,0.934,1.949
3,6,1.968,1.162,0.738,1.975,1.019,1.827,0.229,1.277,2.227,0.709,0.537,0.96
3,7,0.024,1.986,1.525,0.532,0.952,1.008,1.167,0.696,1.943,1.314,2.086,0.464
3,8,1.602,1.034,0.801,0.759,1.349,1.102,1.649,1.283,1.101,0.64,1.437,1.227
3,9,0.59,1.234,1.746,2.007,0.791,1.327,0.978,1.215,1.994,0.775,0.645,1.084
3,10,0.988,0.654,1.069,1.177,0.805,1.648,1.13,2.167,1.63,1.254,1.46,0.387
3,11,1.866,1.086,0.906,1.346,1.111,1.055,0.014,1.82,1.83,0.87,0.885,1.739
3,12,0.738,0.998,0.806,0.636,0.951,0.832,1.283,0.754,1.232,1.737,0.3,1.886
3,13,1.695,1.892,1.116,1.656,0.91,0.649,1.915,1.306,1.131,0.293,1.51,2.232
3,14,0.577,0.603,1.308,0.32,1.594,1.39,1.208,0.554,1.929,1.553,0.498,1.156
3,15,0.716,0.767,1.702,1.387,1.289,1.075,1.128,1.82,0.834,0.549,1.09,1.228
3,16,0.628,0.446,1.335,1.29,1.005,0.694,0.234,0.219,1.554,0.899,0.18,1.034
3,17,0.977,0.309,1.545,1.913,1.063,1.644,1.415,0.682,1.487,0.893,1.035,2.199
3,18,1.806,1.49,0.929,1.273,1.725,1.896,1.132,1.157,2.169,0.595,0.967,1.573
3,19,0.523,1.221,1.072,0.109,0.832,0.918,1.497,0.685,0.996,0.201,0.919,1.263
3,20,1.323,0.375,0.664,1.553,0.771,1.145,1.242,1.765,1.261,0.672,0.387,0.923
3,21,0.915,1.784,1.117,0.804,1.579,1.082,0.645,1.512,1.67,0.923,1.546,0.364
3,22,0.985,0.714,2.026,1.614,1.15,1.004,0.572,1.041,1.701,1.38,0.591,1.718
3,23,0.786,0.541,0.354,1.271,0.93,1.312,1.853,1.406,2.214,0.482,0.878,1.1
3,24,2.28,1.092,2.15,0.958,0.628,2.496,0.92,0.874,0.966,2.155,1.162,0.501
3,25,1.406,0.462,1.648,2.03,1.491,0.588,0.298,1.7,1.279,2.343,1.92,1.21
3,26,1.613,0.35,0.492,1.275,1.366,0.461,0.482,1.168,1.0,0.989,0.658,2.223
3,27,1.602,0.741,2.043,0.724,1.758,0.725,0.864,0.891,1.787,1.28,0.782,1.749
3,28,0.661,1.719,1.063,1.267,1.327,1.702,1.487,1.131,0.774,1.903,1.316,1.867
3,29,2.077,0.752,1.645,2.154,1.134,1.454,0.727,0.514,0.492,1.746,1.638,1.466
3,30,0.753,1.595,0.945,0.604,1.821,2.037,0.858,0.713,1.641,1.611,1.155,1.749
3,31,1.441,1.18,1.234,1.548,0.609,0.679,1.41,1.193,1.171,2.293,1.827,0.892
3,32,0.909,1.159,1.371,2.277,0.262,0.464,1.169,1.511,1.257,1.628,1.971,1.127
3,33,0.645,0.607,1.152,1.065,0.842,2.118,0.854,2.042,0.761,1.43,0.779,0.944
3,34,0.575,1.373,1.552,1.208,0.791,1.035,0.267,1.213,0.715,1.651,0.774,1.633
3,35,1.581,1.232,0.903,1.03,1.528,1.913,1.69,1.463,0.843,2.007,1.653,0.64
3,36,0.645,1.857,1.296,1.205,0.519,1.237,2.238,1.849,1.345,0.563,0.51,1.233
3,37,1.79,0.649,1.032,0.657,1.039,1.423,2.145,1.566,0.983,0.832,0.898,0.47
3,38,2.287,1.885,0.88,0.618,1.122,0.503,1.979,1.649,1.831,1.887,0.769,0.931
3,39,0.849,0.692,0.873,0.587,1.279,0.0,0.431,0.425,1.503,1.458,1.435,2.118
3,40,1.834,1.041,0.886,1.343,0.659,1.651,1.59,1.713,1.227,1.358,0.389,0.739
3,41,0.938,1.25,0.768,1.616,0.621,1.314,0.706,1.186,0.777,0.852,1.404,1.475
3,42,0.63,0.656,0.991,1.765,1.285,0.716,1.011,1.747,1.574,0.478,1.748,0.939
3,43,1.678,1.039,1.145,1.271,0.762,1.004,0.835,1.955,1.65,1.528,1.65,0.861
3,44,1.683,1.575,1.072,1.849,1.982,0.444,1.404,0.067,1.154,1.461,0.759,1.117
3,45,1.334,0.724,1.053,1.562,0.974,1.289,1.167,1.293,0.964,1.889,0.669,1.053
3,46,1.613,0.975,0.843,1.461,1.045,0.474,0.876,1.653,0.869,0.329,0.317,1.216
3,47,0.106,1.737,1.349,1.672,2.329,1.549,0.458,1.644,1.46,0.665,1.359,0.978
3,48,1.424,0.685,0.669,1.087,1.536,0.477,0.623,0.87,2.064,1.071,0.94,0.94
3,49,0.755,1.711,1.111,2.067,1.37,0.973,0.903,1.695,0.176,1.225,1.37,0.632
3,50,1.06,0.798,1.014,0.729,1.291,1.075,2.211,0.592,1.404,1.692,0.616,1.569
4,1,0.441,1.306,1.325,1.139,0.882,1.388,0.755,1.977,1.028,1.159,0.453,1.641
4,2,1.823,0.938,1.88,2.012,0.577,1.531,1.726,0.983,0.452,1.875,1.043,0.687
4,3,0.64,0.261,0.703,1.284,0.868,1.885,0.855,1.206,1.386,1.444,1.291,0.715
4,4,0.475,0.618,1.064,0.878,0.836,0.734,0.605,0.79,0.899,0.873,0.977,0.207
4,5,0.914,1.328,1.699,1.408,1.823,1.651,1.397,1.159,1.057,1.903,0.958,1.201
4,6,0.411,0.879,1.953,1.738,1.403,1.855,0.933,1.878,1.599,0.59,2.264,1.584
4,7,0.34,1.35,1.602,0.954,1.658,0.38,1.149,0.748,1.4,1.4,1.314,1.608
4,8,0.426,1.484,1.511,2.108,1.137,1.175,1.569,1.823,1.531,1.61,1.279,1.31
4,9,0.721,1.556,1.524,0.792,1.44,2.287,0.684,1.726,1.768,0.556,0.982,1.463
4,10,0.673,1.077,1.607,1.185,1.698,1.91,1.357,0.861,2.239,1.321,2.195,1.301
4,11,0.833,0.879,1.547,0.832,0.909,0.483,1.217,2.419,1.793,0.687,1.846,0.644
4,12,0.701,1.206,0.888,1.11,0.931,0.546,0.863,1.024,2.241,0.838,0.0,1.302
4,13,1.497,1.762,1.185,1.021,0.781,1.756,0.983,1.027,1.541,0.484,1.036,1.077
4,14,0.704,1.214,1.509,1.199,1.229,0.34,1.381,1.683,2.368,1.551,1.114,1.15
4,15,1.334,0.983,0.352,0.835,1.215,1.81,1.641,1.203,2.006,0.203,0.567,1.524
4,16,0.147,0.823,1.4,1.742,0.642,2.417,1.814,0.575,1.826,0.819,0.768,0.292
4,17,0.062,0.436,1.272,1.274,1.619,0.49,2.091,1.039,1.939,0.659,1.842,1.735
4,18,1.176,0.865,0.608,0.874,1.096,0.642,1.363,1.004,1.26,1.721,0.81,0.452
4,19,1.081,1.573,1.565,1.151,0.905,0.418,0.766,1.963,1.775,1.214,0.738,1.384
4,20,1.333,1.124,1.551,1.547,0.428,1.218,1.145,1.14,0.724,0.455,0.883,1.473
4,21,1.43,1.794,1.66,1.751,1.838,2.05,0.264,1.56,2.088,1.031,1.886,1.626
4,22,0.407,1.894,1.309,0.884,1.476,1.701,1.309,1.842,0.599,2.261,1.293,0.877
4,23,1.204,1.164,1.26,1.021,1.883,0.79,1.384,1.393,0.587,1.708,0.752,1.914
4,24,0.824,1.753,0.305,1.419,0.325,1.2,1.898,1.24,0.803,1.609,1.4,0.611
4,25,0.816,1.138,0.891,1.948,0.67,0.82,1.775,1.546,1.538,1.557,0.632,1.339
4,26,1.632,1.927,1.254,2.516,1.215,1.839,1.294,0.86,0.829,1.911,1.054,1.908
4,27,2.3,1.807,1.654,1.339,1.938,2.277,1.833,1.925,1.015,1.376,0.795,1.599
4,28,2.082,1.928,1.479,1.539,1.754,1.319,1.854,1.814,1.465,1.685,0.786,1.728
4,29,0.713,1.352,1.47,0.94,1.406,0.611,1.603,1.492,0.96,1.839,1.707,0.283
4,30,0.728,1.653,1.312,1.91,1.209,2.302,0.858,1.901,0.0,2.186,2.244,1.432
4,31,1.558,1.236,1.094,0.927,1.289,1.28,1.105,1.573,1.012,1.169,0.348,1.813
4,32,0.91,1.718,1.533,0.98,1.133,1.532,0.496,0.243,1.03,1.874,1.711,0.852
4,33,0.863,1.333,1.68,1.037,1.236,1.388,1.51,2.0,0.446,1.955,1.176,0.557
4,34,0.674,1.342,0.5,1.413,0.825,1.692,1.412,0.831,1.081,2.132,0.651,1.819
4,35,1.01,0.453,1.616,1.665,2.462,1.406,1.177,1.225,1.013,1.833,0.829,0.505
4,36,0.383,0.915,1.711,0.218,1.154,1.988,1.267,1.416,1.484,0.948,1.206,1.04
4,37,2.213,1.878,1.657,1.536,1.705,1.324,0.59,1.505,1.125,0.68,1.585,2.087
4,38,0.67,1.412,1.387,1.397,0.679,0.642,1.312,1.575,1.864,1.478,0.666,1.555
4,39,1.366,2.021,0.616,1.745,2.055,1.0,1.274,1.333,1.741,0.365,1.093,1.416
4,40,1.132,1.153,2.189,0.659,1.736,1.348,0.813,1.562,0.792,1.41,1.551,0.898
4,41,1.394,1.947,1.664,1.533,1.49,1.046,1.882,0.551,1.033,1.379,1.306,2.268
4,42,0.774,0.646,1.431,1.748,1.552,1.338,0.75,0.418,1.403,1.284,2.212,1.889
4,43,2.035,1.163,0.804,0.701,0.73,2.049,1.577,1.683,1.542,0.556,1.877,1.265
4,44,0.772,1.406,1.659,1.907,1.958,1.951,1.863,1.945,0.862,1.146,0.717,1.249
4,45,1.856,1.349,0.899,0.474,1.483,1.296,1.525,1.136,1.587,0.806,1.076,0.961
4,46,0.737,1.317,1.014,1.6,1.414,0.906,2.112,0.736,0.915,1.268,1.096,2.339
4,47,2.108,1.219,1.782,0.698,1.207,1.576,1.488,1.158,1.245,0.917,2.064,1.753
4,48,1.451,1.094,1.56,0.613,1.678,1.784,1.452,1.053,1.955,2.229,1.253,1.235
4,49,1.671,1.472,1.311,0.785,1.925,1.621,1.07,1.257,1.033,1.019,1.023,1.28
4,50,1.499,1.032,0.865,0.66,0.577,1.075,1.165,0.895,0.147,1.605,0.923,1.198
5,1,2.063,1.627,0.397,1.892,0.996,1.386,1.771,0.693,1.081,2.201,0.537,1.871
5,2,1.479,1.767,1.744,1.407,0.725,1.318,0.878,0.81,1.942,1.104,0.171,1.052
5,3,0.997,2.109,2.318,1.033,1.541,2.076,1.875,2.102,1.076,1.236,1.346,0.813
5,4,1.632,1.68,1.257,1.378,0.75,1.032,1.036,1.521,1.262,1.043,1.898,1.524
5,5,0.711,1.397,0.519,0.529,0.301,1.016,1.049,1.058,1.721,1.645,0.827,1.801
5,6,1.269,0.493,0.024,1.253,2.105,0.807,0.344,1.427,2.044,2.388,0.932,1.261
5,7,2.086,0.66,1.734,0.614,1.823,0.409,1.169,0.982,1.558,1.024,2.107,0.784
5,8,1.314,1.377,0.917,0.852,0.876,1.996,1.204,2.138,1.378,1.239,2.255,1.586
5,9,0.305,1.994,1.573,0.666,0.262,1.415,0.175,1.194,0.506,1.353,1.598,1.804
5,10,1.433,1.096,0.372,0.957,0.184,1.349,0.611,2.2,0.73,1.891,0.568,1.096
5,11,0.959,1.124,1.326,0.763,1.391,1.272,0.24,1.443,1.469,0.574,1.364,1.055
5,12,1.124,1.316,1.266,1.356,1.716,1.079,1.656,1.062,1.375,1.984,0.564,0.521
5,13,0.319,1.377,1.212,0.989,0.923,1.834,1.01,0.709,0.532,0.861,1.765,0.747
5,14,1.222,0.621,1.272,0.845,0.576,0.202,1.436,1.322,2.109,1.301,1.458,1.467
5,15,1.675,1.006,0.608,1.108,0.474,1.212,0.867,1.01,1.6,0.763,1.245,0.71
5,16,0.862,0.373,1.492,2.33,0.567,0.677,1.693,1.567,1.298,1.092,1.195,1.588
5,17,1.855,1.268,0.844,1.111,0.642,1.382,1.906,0.731,1.533,0.661,1.396,0.924
5,18,1.324,1.155,1.893,1.891,0.913,0.804,0.186,1.708,1.52,1.211,1.264,1.683
5,19,0.495,0.865,1.779,1.201,0.501,1.92,1.792,1.2,1.442,1.145,1.29,1.998
5,20,2.079,1.675,1.273,1.267,0.699,0.343,1.113,1.73,0.983,1.18,0.064,1.198
5,21,0.687,0.993,0.497,2.505,0.628,1.658,1.16,1.626,0.447,1.979,1.376,0.617
5,22,0.778,2.267,0.977,1.577,2.027,1.183,1.417,0.549,1.041,2.057,0.852,1.579
5,23,1.876,1.59,1.941,0.955,0.727,0.52,1.935,1.26,1.166,1.144,1.277,1.497
5,24,1.142,0.789,2.303,1.612,1.54,1.004,0.584,1.947,1.022,1.804,1.818,1.174
5,25,1.754,0.868,0.405,0.974,2.12,0.525,1.076,1.254,1.744,0.816,0.588,1.218
5,26,0.5,0.735,1.104,0.852,2.036,1.109,0.9,0.733,1.625,0.121,0.919,0.976
5,27,0.944,1.239,1.541,0.847,1.508,1.718,0.694,1.116,0.595,0.586,1.915,1.248
5,28,0.838,1.754,1.794,2.155,1.416,1.556,1.199,1.654,1.587,1.902,0.456,1.73
5,29,0.54,0.866,1.589,1.217,1.919,1.49,1.603,1.841,1.286,1.427,2.045,0.707
5,30,1.065,0.366,1.126,1.871,1.448,0.753,1.82,1.129,2.101,0.445,0.715,0.92
5,31,0.0,0.967,1.433,0.95,1.229,0.435,0.796,1.211,1.615,1.148,0.65,0.762
5,32,1.902,1.031,1.88,1.292,1.371,1.284,0.585,1.865,1.459,1.88,1.56,0.38
5,33,0.338,1.161,1.676,1.669,1.535,1.906,0.309,1.014,0.842,0.693,1.889,0.921
5,34,1.964,0.498,0.616,1.198,1.706,2.024,1.856,1.767,1.809,0.83,1.369,1.947
5,35,1.449,1.997,1.821,1.551,1.795,1.403,1.737,0.322,0.529,0.879,2.287,1.915
5,36,0.898,0.536,0.693,1.95,0.0,0.786,0.69,2.247,1.127,1.75,1.674,1.136
5,37,0.663,1.201,1.761,0.381,0.883,1.349,1.922,0.372,1.233,0.986,1.294,1.397
5,38,1.48,0.452,1.658,0.656,1.95,1.619,1.08,1.94,1.491,2.137,1.139,0.903
5,39,1.647,0.768,1.021,1.375,1.832,1.22,0.859,1.807,1.379,1.78,0.55,1.407
5,40,1.194,0.991,1.593,0.198,1.151,0.611,0.908,1.682,1.566,1.941,1.832,0.767
5,41,1.338,1.579,0.01,0.79,1.267,0.623,0.747,1.617,1.325,1.175,1.413,1.017
5,42,2.195,1.716,0.773,1.959,1.246,1.986,1.041,1.268,1.277,2.694,1.256,1.455
5,43,1.689,1.602,1.727,1.825,0.776,0.0,1.413,1.216,1.223,1.045,1.188,0.792
5,44,1.979,0.0,0.877,1.797,1.374,0.594,1.523,0.897,0.96,1.377,0.693,1.608
5,45,1.159,0.926,1.154,1.645,1.425,1.049,1.439,0.817,1.0,0.0,2.535,0.851
5,46,0.734,1.673,0.722,1.503,1.55,1.505,2.057,2.436,0.978,1.05,0.923,2.176
5,47,1.368,1.494,1.197,1.674,0.615,1.919,0.433,1.065,0.773,0.873,1.658,1.793
5,48,2.05,1.433,1.457,1.76,2.25,1.622,1.764,0.326,1.21,1.485,1.439,2.189
5,49,1.564,1.688,1.756,0.764,1.819,2.069,1.243,0.665,1.025,0.448,0.417,1.071
5,50,1.879,0.58,1.692,1.788,1.039,1.365,2.095,1.617,1.146,1.295,1.715,1.023
6,1,1.453,1.305,0.726,0.903,0.862,1.826,1.742,1.39,2.116,0.425,1.068,1.238
6,2,0.654,0.958,1.147,0.552,0.826,0.335,1.874,1.286,0.731,1.767,0.607,0.722
6,3,1.255,1.206,0.742,0.0,0.481,0.789,1.664,1.2,0.446,1.683,1.556,1.418
6,4,1.773,1.33,0.512,0.836,1.731,0.756,0.969,1.613,2.476,0.869,0.874,1.726
6,5,1.779,1.268,1.989,0.236,1.012,0.386,1.513,1.492,0.796,1.455,1.215,1.888
6,6,0.67,1.508,1.995,0.619,0.913,1.466,1.145,1.161,1.291,0.549,1.098,1.69
6,7,1.971,0.744,1.541,0.891,0.529,1.428,1.506,1.01,1.665,1.471,0.0,1.314
6,8,2.141,1.394,1.542,1.747,0.493,0.563,0.751,1.019,1.108,1.166,1.06,1.242
6,9,0.986,0.843,1.475,1.085,1.284,0.474,1.553,0.273,1.757,0.967,1.745,2.096
6,10,1.22,1.234,1.964,1.805,0.451,0.562,2.288,1.074,0.57,1.769,0.584,0.865
6,11,1.691,0.693,0.419,0.79,1.323,2.441,0.577,1.615,1.977,1.859,1.205,1.426
6,12,0.367,1.766,1.084,1.491,1.518,2.09,1.271,2.016,1.716,0.565,0.784,0.665
6,13,1.64,0.978,0.109,1.498,0.628,0.869,0.797,1.638,1.509,0.86,2.022,1.691
6,14,1.441,0.906,0.962,0.686,0.916,1.333,1.887,1.539,1.777,0.762,1.088,1.995
6,15,1.594,0.92,1.639,0.74,0.409,1.355,1.498,1.548,1.918,1.507,0.604,0.397
6,16,1.194,1.357,1.021,1.117,1.516,1.114,0.576,0.876,1.011,1.147,1.038,1.597
6,17,1.117,1.196,1.977,0.814,1.826,1.43,0.678,0.651,0.896,1.478,1.705,0.984
6,18,0.778,0.722,2.06,1.475,1.567,0.833,0.807,1.526,2.034,0.579,1.158,1.808
6,19,1.653,1.317,1.362,1.739,1.409,0.561,0.78,0.654,2.017,0.697,0.947,1.139
6,20,0.58,1.182,0.943,1.042,0.564,0.426,0.77,1.816,1.35,1.176,2.064,2.012
6,21,1.51,1.483,1.2,0.35,1.992,1.288,1.614,1.057,1.136,1.847,0.234,0.793
6,22,1.677,1.659,2.096,1.118,0.562,2.215,1.653,1.657,0.493,1.263,1.542,1.483
6,23,1.496,1.648,0.774,0.83,0.483,0.248,1.642,1.318,0.61,0.62,0.0,0.733
6,24,0.984,1.688,1.617,2.267,1.898,1.037,1.429,0.905,1.432,0.224,2.232,1.422
6,25,0.905,0.499,1.04,1.686,0.384,1.228,2.182,0.735,2.047,1.18,1.71,1.508
6,26,0.995,1.571,1.791,1.019,1.516,1.27,1.968,1.378,0.975,2.093,0.858,1.015
6,27,0.626,0.527,1.144,1.96,0.636,0.412,1.4,1.811,0.92,0.657,0.916,1.182
6,28,1.752,1.768,0.614,1.377,1.005,1.335,1.209,1.063,0.788,0.777,1.059,0.837
6,29,0.801,2.073,1.61,1.484,1.955,0.453,1.469,1.615,1.969,0.777,1.858,0.391
6,30,1.533,1.081,1.569,0.109,1.858,2.352,0.852,1.498,1.202,0.744,1.059,0.867
6,31,1.341,0.908,0.911,1.642,1.297,0.549,0.387,1.968,1.994,1.306,1.075,0.795
6,32,1.544,1.582,1.215,1.424,1.514,1.744,1.612,1.108,1.322,1.129,1.459,1.422
6,33,1.05,1.934,0.359,1.235,0.602,0.726,1.12,0.678,2.437,0.886,2.279,0.305
6,34,0.783,1.053,0.851,0.659,1.026,0.979,1.321,1.985,0.443,1.037,0.685,1.661
6,35,1.108,1.661,1.137,1.693,1.107,1.672,1.287,1.326,0.449,1.55,1.572,1.742
6,36,0.301,1.726,1.941,2.008,1.766,2.421,1.196,0.253,1.954,2.028,1.905,1.576
6,37,1.65,1.713,1.136,1.526,1.563,1.028,1.555,1.085,1.228,1.619,0.0,0.849
6,38,1.825,0.492,0.396,1.14,0.56,1.587,0.892,0.711,1.848,1.186,0.646,2.196
6,39,1.094,1.664,1.164,1.636,0.205,0.924,1.606,0.572,0.789,2.06,1.391,1.094
6,40,1.956,1.539,1.433,2.273,0.649,0.691,1.32,1.815,1.124,0.92,2.009,0.715
6,41,0.895,1.636,0.884,0.473,1.868,1.759,1.684,1.841,0.989,1.423,0.692,0.265
6,42,1.111,1.11,1.548,1.292,1.596,1.3,1.425,0.824,1.875,0.154,1.252,1.831
6,43,1.421,0.338,1.335,1.265,0.479,0.53,0.833,0.541,1.507,1.959,1.217,0.744
6,44,1.881,0.918,1.055,1.467,0.933,1.531,1.715,2.089,1.665,1.749,1.519,0.948
6,45,1.962,1.374,1.161,0.799,0.839,1.467,1.007,1.068,0.435,1.174,1.845,0.624
6,46,1.967,1.152,1.099,2.104,1.82,0.852,1.497,2.116,0.744,1.854,1.158,1.039
6,47,1.518,1.746,1.195,0.644,0.573,1.706,1.252,1.844,0.463,1.743,1.418,1.382
6,48,1.434,1.027,1.847,0.704,0.646,0.846,2.069,1.084,0.766,1.105,1.101,1.817
6,49,1.451,1.612,0.994,1.364,1.457,2.323,1.805,1.122,0.911,1.065,1.054,1.533
6,50,1.825,0.195,0.499,1.351,0.76,0.728,2.064,0.823,0.991,0.119,1.433,0.762
7,1,1.224,1.474,0.467,1.088,0.925,1.575,0.702,1.949,0.716,0.485,1.053,1.074
7,2,0.794,0.699,1.814,0.721,0.865,1.592,0.819,1.924,0.22,0.965,1.422,1.846
7,3,0.519,1.91,0.541,0.566,1.468,1.72,0.961,2.229,1.331,1.101,1.481,1.135
7,4,1.233,0.824,1.286,1.438,1.137,1.896,1.099,0.853,1.327,1.526,1.6,1.164
7,5,0.842,1.762,1.201,2.043,1.379,0.208,0.934,0.671,0.127,1.09,1.731,1.648
7,6,1.781,1.943,1.3,0.458,0.882,1.508,1.77,0.135,1.533,0.636,0.57,0.909
7,7,0.67,0.55,0.942,0.726,1.431,1.726,1.201,0.916,1.066,1.734,0.872,1.667
7,8,0.892,2.299,1.389,1.597,1.036,1.096,1.159,1.252,1.313,0.91,1.021,1.193
7,9,2.113,0.384,0.721,0.974,1.293,2.067,1.349,1.404,1.361,1.576,1.326,2.178
7,10,0.576,1.567,1.744,1.134,0.67,1.611,0.769,1.266,0.833,1.014,1.201,1.816
7,11,1.027,1.373,1.416,0.271,0.709,1.167,0.77,1.975,1.063,0.814,1.454,1.867
7,12,1.107,1.426,1.676,1.556,0.606,0.45,1.828,1.54,1.165,1.583,0.468,1.362
7,13,1.745,1.345,1.284,1.838,0.919,0.496,1.201,1.12,1.872,1.796,1.746,0.615
7,14,0.387,1.763,1.114,1.504,1.387,2.214,0.706,0.853,0.928,1.469,1.513,1.822
7,15,0.816,0.477,0.881,0.601,0.64,1.122,0.888,0.294,1.649,1.812,0.521,1.505
7,16,0.691,1.639,1.465,1.852,1.745,0.711,0.799,1.034,0.666,1.86,1.625,0.451
7,17,0.268,1.282,0.3,1.65,1.608,1.46,1.141,1.177,0.613,0.927,1.219,0.859
7,18,1.32,1.257,1.562,1.071,0.935,0.34,0.409,1.746,1.616,1.405,1.813,0.136
7,19,1.59,1.99,0.511,0.519,1.399,1.473,1.55,0.625,0.904,1.726,0.917,1.389
7,20,1.041,1.987,1.103,0.326,2.466,0.445,1.588,0.74,1.473,0.604,0.744,1.824
7,21,1.253,0.909,0.887,0.388,1.707,0.972,0.379,0.779,0.313,2.1,0.569,1.746
7,22,1.665,0.728,0.998,1.652,1.571,0.862,1.833,1.503,0.624,1.119,1.736,1.86
7,23,1.087,0.763,1.749,1.301,1.842,0.686,1.513,1.122,2.194,1.394,0.54,0.458
7,24,1.698,2.24,1.233,1.943,0.174,1.686,0.825,1.169,0.703,0.974,0.657,1.045
7,25,13.014,4.244,2.975,1.32,6.879,1.568,7.404,0.719,0.796,4.131,1.509,4.766
7,26,1.249,1.461,1.57,0.749,0.689,0.77,0.355,0.776,1.578,0.82,1.857,1.223
7,27,1.983,1.235,1.806,1.627,1.411,0.681,1.728,1.045,0.664,0.486,1.932,0.495
7,28,0.73,1.941,0.622,1.441,1.535,1.831,0.341,1.406,0.485,1.645,1.521,1.016
7,29,1.765,0.857,1.372,0.816,0.926,0.685,2.457,1.784,1.571,1.449,0.636,1.093
7,30,0.914,1.58,0.428,1.833,0.532,1.281,0.841,0.941,1.57,1.522,1.105,1.376
7,31,1.696,1.998,1.548,1.389,0.797,1.566,1.497,1.707,0.629,0.483,1.77,1.681
7,32,0.889,1.851,1.227,0.478,0.352,1.465,1.319,1.261,1.283,0.791,1.593,1.215
7,33,1.032,1.008,0.845,0.806,0.844,1.065,0.945,1.322,1.034,0.655,0.124,0.894
7,34,1.707,1.069,1.796,0.999,1.311,1.563,1.458,1.117,1.514,1.597,1.311,2.228
7,35,1.531,1.942,0.43,1.97,1.285,0.672,0.818,1.5,1.048,1.594,0.956,1.98
7,36,1.718,1.564,0.821,0.864,1.682,1.212,1.658,1.924,1.398,1.734,1.612,1.484
7,37,1.946,0.875,1.77,1.279,0.802,0.921,0.565,1.926,1.459,1.326,0.565,1.455
7,38,1.869,2.088,0.916,0.956,1.559,0.713,1.782,0.779,0.763,1.998,1.338,1.66
7,39,1.504,1.305,1.091,1.375,1.747,1.486,0.317,0.728,0.648,1.67,0.154,0.774
7,40,0.822,1.147,0.844,0.734,1.099,1.072,1.806,2.657,1.507,1.904,0.25,1.455
7,41,0.743,1.249,2.376,0.511,1.533,1.196,1.763,1.245,0.742,2.414,1.136,1.72
7,42,0.906,1.793,0.024,0.34,0.781,1.857,0.73,1.25,1.054,1.758,2.291,0.104
7,43,1.87,1.866,1.099,1.311,1.646,1.774,1.964,0.837,1.028,0.484,0.611,0.834
7,44,1.313,1.625,1.19,1.291,1.024,1.675,0.818,1.285,0.962,0.374,1.04,1.183
7,45,1.223,0.426,1.073,1.38,1.408,2.162,0.381,1.955,1.169,1.416,0.536,0.803
7,46,1.121,1.481,0.728,1.727,0.844,1.485,1.302,1.338,1.144,0.044,0.349,1.781
7,47,1.304,2.069,1.725,0.385,1.593,0.719,1.629,1.441,0.946,0.968,0.938,0.917
7,48,0.675,1.544,1.151,2.313,0.819,2.295,1.48,0.633,1.754,1.789,0.664,1.231
7,49,0.401,1.011,1.049,1.014,2.159,0.934,1.355,1.766,1.602,1.789,1.515,1.84
7,50,1.289,1.573,1.771,1.582,1.411,0.865,1.608,1.058,0.738,0.755,0.611,0.181
8,1,1.687,0.967,2.189,1.985,1.343,1.717,1.692,1.277,1.202,1.923,1.529,0.876
8,2,0.051,1.628,1.372,0.369,1.374,0.843,0.737,0.771,1.927,1.44,0.594,1.497
8,3,0.739,1.06,1.468,1.749,0.075,1.805,0.168,1.034,0.587,1.115,1.49,1.868
8,4,1.189,1.283,1.287,1.225,1.701,0.382,1.897,0.943,0.692,2.219,1.372,0.672
8,5,0.696,1.152,0.885,1.151,1.424,0.597,0.584,0.45,1.438,1.693,1.937,0.514
8,6,1.666,1.329,0.489,1.597,1.363,2.35,1.735,0.917,1.515,0.155,0.994,1.68
8,7,0.969,2.547,0.944,1.189,1.448,0.645,1.088,0.763,0.471,1.826,1.675,0.304
8,8,1.902,0.696,1.579,1.952,0.697,1.075,0.308,1.936,1.063,1.59,1.34,1.23
8,9,0.972,1.206,1.723,1.708,2.001,0.84,0.908,1.589,1.364,0.812,2.025,0.185
8,10,0.732,1.161,1.363,0.736,1.886,0.93,1.2,0.72,0.944,1.134,1.397,0.706
8,11,1.142,1.073,1.966,0.142,1.872,1.434,1.939,1.552,1.844,1.159,1.001,1.571
8,12,2.176,2.142,1.243,0.337,1.416,1.173,1.508,0.93,1.696,2.032,1.338,0.807
8,13,1.652,1.954,1.687,2.39,1.281,1.064,1.022,2.039,0.546,1.678,0.157,1.896
8,14,0.743,1.605,0.361,1.26,1.281,1.549,1.783,1.028,1.49,1.18,1.615,1.71
8,15,1.76,1.028,2.502,1.444,1.388,2.036,1.63,1.847,2.06,0.719,0.557,0.753
8,16,1.399,1.311,0.68,0.993,0.727,1.118,1.035,0.658,2.284,1.54,1.622,0.548
8,17,1.627,0.555,1.964,1.701,1.271,0.997,1.604,2.054,0.531,1.706,1.876,1.438
8,18,1.439,0.579,1.422,1.688,1.032,0.324,0.968,1.124,1.608,1.099,1.868,0.599
8,19,1.714,1.941,0.452,1.553,0.528,1.612,0.827,1.192,0.528,1.455,1.345,1.239
8,20,0.783,0.663,1.609,1.485,1.43,0.424,2.012,1.532,1.263,2.051,1.138,1.625
8,21,0.303,1.73,1.093,1.161,0.357,1.295,0.835,0.907,1.134,1.371,1.031,1.475
8,22,14.048,3.997,3.598,1.015,4.709,0.282,8.513,1.463,2.269,3.01,1.286,4.084
8,23,12.005,3.944,4.084,1.528,4.021,1.968,8.882,1.299,1.149,3.442,1.81,4.39
8,24,15.588,6.257,5.66,1.408,7.049,0.502,7.443,1.57,2.189,4.075,0.935,4.137
8,25,12.531,5.145,4.173,0.735,6.254,1.331,6.665,1.501,1.023,4.117,1.37,3.245
8,26,13.828,4.305,4.611,1.586,5.708,0.929,5.605,1.776,1.569,3.431,2.291,3.073
8,27,14.653,3.269,3.354,1.084,6.176,2.047,7.104,1.555,0.753,3.334,0.957,4.748
8,28,14.113,5.341,3.596,1.672,7.676,1.167,6.398,0.765,0.893,2.797,0.556,3.518
8,29,1.485,1.247,1.51,1.947,1.877,1.523,1.664,1.501,1.607,0.709,2.159,1.535
8,30,1.166,1.314,1.844,1.785,1.659,1.06,1.142,0.718,0.56,0.969,1.324,1.717
8,31,1.845,0.884,1.115,0.796,1.911,1.608,1.571,0.547,1.029,1.776,1.625,1.25
8,32,1.654,1.538,0.445,2.359,0.965,1.624,1.343,1.297,1.03,0.989,0.738,1.762
8,33,1.112,1.266,1.789,1.508,1.191,1.47,0.786,1.274,1.835,2.015,1.307,0.402
8,34,1.217,1.617,1.422,1.76,1.359,2.177,1.448,1.415,1.551,1.796,1.359,1.194
8,35,0.518,0.476,1.567,1.659,0.696,0.524,1.744,0.564,1.077,2.053,0.815,1.97
8,36,1.483,1.392,1.969,0.521,0.971,1.526,0.895,0.923,1.469,0.631,1.973,0.841
8,37,1.725,1.304,1.432,2.064,1.413,1.601,1.226,1.441,1.281,1.549,0.997,0.493
8,38,0.741,1.145,2.084,1.058,1.314,1.601,1.593,2.261,1.371,2.021,1.138,1.098
8,39,0.666,1.504,1.345,1.087,2.28,1.323,1.63,1.503,1.6,1.075,1.22,1.48
8,40,1.872,1.905,1.346,1.779,2.235,1.125,1.55,1.396,0.991,1.303,0.8,1.333
8,41,2.07,0.899,0.562,1.33,0.689,0.885,0.997,1.943,1.477,1.995,1.958,2.005
8,42,2.013,1.901,1.463,0.885,1.212,1.566,0.556,1.74,2.205,0.899,1.064,1.383
8,43,1.529,1.611,0.443,1.796,1.708,1.315,1.103,0.345,0.939,0.964,1.524,1.226
8,44,0.565,1.431,1.892,1.241,0.954,1.807,0.688,0.668,0.296,1.336,0.919,0.794
8,45,1.697,1.307,0.873,1.895,1.167,1.257,1.161,1.015,1.26,0.761,1.565,1.097
8,46,1.341,1.805,1.374,1.084,2.217,2.268,0.615,1.937,1.248,0.584,1.254,0.921
8,47,1.147,2.464,1.933,1.149,1.721,1.651,1.425,0.876,1.104,1.011,1.109,1.932
8,48,1.601,0.907,0.768,1.341,1.362,1.569,2.304,1.449,0.938,1.284,1.523,1.386
8,49,1.945,1.793,0.569,1.157,1.188,0.904,1.448,0.821,1.141,0.121,2.094,1.99
8,50,2.368,1.26,0.775,0.758,1.373,2.058,0.655,1.528,1.674,0.06,2.411,1.871
9,1,0.783,1.566,1.67,0.818,1.045,1.465,1.723,1.415,0.793,0.513,1.16,2.029
9,2,1.219,1.043,0.46,1.188,0.976,1.431,0.32,0.508,0.721,0.823,1.765,0.842
9,3,1.431,1.115,1.035,0.725,1.036,1.612,1.006,1.552,0.918,1.068,1.182,0.658
9,4,0.172,0.392,2.014,2.116,2.01,1.566,0.752,1.773,1.231,1.179,1.954,1.109
9,5,1.778,1.84,0.874,1.482,1.211,1.587,1.168,1.228,1.205,0.997,0.854,1.142
9,6,1.87,0.0,1.947,0.745,1.951,2.109,0.438,1.381,0.1,1.178,1.57,1.882
9,7,1.129,0.441,2.226,0.353,1.437,1.279,1.427,1.67,0.715,1.067,1.116,0.948
9,8,0.872,0.474,1.381,1.133,1.022,1.183,0.454,1.698,2.193,0.735,2.367,2.063
9,9,1.703,1.774,0.713,1.537,0.835,2.298,1.094,1.078,1.533,1.209,0.469,0.575
9,10,1.13,0.451,1.794,1.7,0.77,1.547,0.369,1.843,1.183,0.647,1.505,2.029
9,11,0.899,1.448,1.839,1.232,0.884,0.746,1.337,1.554,1.854,1.932,1.664,2.03
9,12,2.113,2.076,0.266,1.109,1.409,1.705,1.428,0.461,1.257,0.819,1.408,1.663
9,13,1.85,1.153,1.147,1.231,1.151,1.784,2.092,0.726,2.072,1.388,1.761,1.664
9,14,1.513,2.32,1.697,1.587,1.619,1.302,0.94,1.144,1.828,1.655,1.118,2.001
9,15,0.856,1.207,1.058,2.031,0.24,0.874,1.523,1.936,1.499,1.716,0.485,1.072
9,16,1.65,1.022,1.629,1.118,1.104,1.436,1.068,1.731,1.929,1.154,2.165,0.638
9,17,1.687,2.032,0.54,1.409,1.469,1.156,0.69,1.912,1.639,2.099,1.489,1.254
9,18,0.983,1.07,0.546,0.394,1.716,1.899,1.523,1.008,1.9,1.091,1.504,1.37
9,19,0.916,1.6,1.685,1.006,0.507,1.571,0.607,1.022,1.271,0.48,0.459,0.306
9,20,11.711,3.755,4.392,1.046,7.335,2.306,6.51,0.663,1.289,3.402,1.494,4.162
9,21,16.167,4.273,5.749,1.514,4.597,0.853,8.605,0.904,1.204,3.725,1.053,3.358
9,22,14.587,5.371,4.418,0.407,4.529,1.117,7.539,1.395,1.108,2.911,1.719,5.394
9,23,14.857,4.202,4.425,2.246,6.473,1.437,8.332,0.923,1.324,2.352,1.607,4.246
9,24,14.726,4.326,4.614,0.88,5.349,1.155,6.763,1.359,0.573,2.561,2.036,5.058
9,25,11.673,4.089,2.754,0.512,6.661,1.123,9.644,1.357,1.203,2.261,2.017,3.757
9,26,13.774,4.333,3.738,0.871,6.529,0.795,7.662,0.472,1.636,3.533,0.861,5.09
9,27,10.473,4.648,5.062,0.97,5.823,1.975,9.469,1.171,1.531,3.755,1.362,3.751
9,28,15.497,4.705,3.925,0.739,6.438,1.683,7.81,0.735,0.883,2.368,1.859,3.34
9,29,15.576,2.422,4.915,1.157,6.708,1.527,6.436,0.992,1.223,4.094,0.635,3.65
9,30,15.925,3.9,4.111,1.238,5.196,0.937,6.911,1.156,1.896,3.514,1.652,4.988
9,31,1.975,1.162,1.19,0.894,0.738,1.137,1.202,0.824,1.187,1.045,0.878,1.047
9,32,1.105,1.109,1.849,1.681,1.415,1.108,0.551,1.279,0.534,2.002,1.144,1.447
9,33,1.146,0.762,1.393,0.5,1.319,0.966,1.997,0.439,1.013,2.03,0.471,1.756
9,34,1.397,1.583,1.693,1.368,1.043,1.773,0.824,1.42,0.868,1.349,2.352,1.803
9,35,0.855,1.004,1.673,2.202,1.806,0.822,2.236,1.433,2.153,0.869,1.436,1.834
9,36,0.994,0.371,1.057,2.232,1.46,1.185,0.442,1.53,1.742,1.792,1.667,0.599
9,37,1.851,1.621,1.935,1.256,1.367,1.518,0.848,1.858,0.586,1.752,1.597,1.707
9,38,1.537,0.907,1.323,1.146,1.502,0.986,0.722,1.413,0.762,1.093,0.322,0.512
9,39,2.214,1.512,2.044,2.183,0.805,1.361,0.699,1.17,1.266,0.974,1.954,0.728
9,40,1.0,1.335,1.709,1.428,0.577,0.214,0.6,0.798,0.749,2.062,0.603,1.921
9,41,2.178,1.957,0.219,0.483,2.329,0.957,1.257,1.521,1.175,2.746,1.193,0.451
9,42,1.362,1.518,2.477,1.752,1.664,1.016,0.341,0.521,1.21,2.237,1.856,1.314
9,43,1.888,1.099,1.501,2.143,1.046,0.501,0.788,1.426,1.593,1.619,0.502,1.836
9,44,0.598,0.558,0.742,0.927,1.771,1.433,1.989,2.164,1.003,1.082,2.196,0.229
9,45,1.747,0.898,2.246,0.287,2.019,0.785,0.498,0.677,1.789,1.046,0.857,0.553
9,46,2.067,1.142,1.786,1.348,1.169,1.37,1.082,0.59,2.167,1.889,0.84,0.756
9,47,0.784,1.445,1.126,1.014,1.912,1.438,1.461,1.738,2.586,2.291,0.506,0.702
9,48,1.476,1.003,1.393,1.349,0.793,1.89,0.399,0.27,1.127,1.555,1.219,0.278
9,49,2.312,1.036,1.483,1.021,1.572,1.234,0.75,0.741,1.876,1.426,1.185,0.588
9,50,0.051,1.361,1.087,0.671,1.757,2.096,1.525,1.21,2.067,1.071,1.285,1.371
10,1,1.241,1.868,0.456,1.695,0.3,1.897,0.766,0.988,1.481,0.865,0.803,1.396
10,2,1.106,1.344,1.742,0.544,1.182,1.396,1.977,1.604,1.527,0.888,1.678,0.646
10,3,1.727,0.91,0.325,2.0,1.077,0.557,0.96,1.855,1.402,1.415,1.831,2.045
10,4,1.692,0.549,1.17,1.252,1.333,2.079,1.382,0.989,0.852,1.438,1.183,0.803
10,5,2.028,0.791,2.379,1.501,2.177,0.899,1.673,1.975,0.852,1.357,1.832,1.224
10,6,1.144,0.802,0.617,1.221,1.157,0.791,1.348,1.018,1.148,0.153,0.751,1.511
10,7,0.664,2.066,0.709,2.011,0.638,1.284,0.589,1.765,1.93,1.282,0.453,0.969
10,8,1.592,0.958,0.907,1.304,1.331,1.254,0.943,1.818,1.717,2.057,1.244,1.876
10,9,1.993,1.074,1.543,1.512,2.027,0.574,1.306,1.225,1.096,1.242,1.454,1.529
10,10,2.152,0.934,0.323,1.463,0.831,1.193,1.08,0.811,0.805,0.915,1.346,0.764
10,11,0.846,1.208,0.0,1.629,0.569,1.765,0.433,1.365,0.657,1.794,0.895,1.899
10,12,0.687,1.343,1.361,0.948,0.375,0.966,0.879,2.093,2.559,1.756,2.226,2.035
10,13,0.927,0.742,1.233,1.759,1.367,0.751,1.122,2.359,1.395,1.48,1.116,0.838
10,14,1.196,1.304,1.424,1.771,1.12,0.635,2.05,1.4,0.801,0.523,1.993,0.868
10,15,1.765,1.276,0.266,2.323,1.46,1.353,0.842,0.736,0.732,0.684,0.799,1.259
10,16,1.76,1.529,1.835,1.122,1.156,1.272,0.551,1.171,0.365,1.655,1.215,1.593
10,17,1.561,0.953,0.49,0.774,0.663,1.062,1.834,1.274,1.711,1.513,1.568,1.753
10,18,1.135,0.999,0.33,1.306,0.537,1.622,2.097,1.549,0.757,0.95,1.017,1.006
10,19,16.778,3.038,4.253,1.154,3.877,0.747,7.029,0.798,1.139,2.498,0.722,5.018
10,20,14.35,5.29,4.344,1.064,5.843,1.918,7.496,0.708,0.168,1.902,2.146,3.453
10,21,12.847,5.358,3.303,0.467,5.278,0.633,6.707,1.611,1.875,3.977,1.008,4.522
10,22,14.703,3.716,4.343,1.251,5.412,1.806,7.104,1.757,0.965,2.045,0.89,4.643
10,23,12.896,5.412,4.666,0.946,5.39,1.373,6.918,1.449,0.508,3.611,0.0,4.221
10,24,13.825,3.258,4.355,1.23,5.495,1.525,6.74,0.902,0.765,3.446,1.148,3.909
10,25,14.87,5.367,5.183,1.338,5.938,1.292,8.203,1.235,1.866,4.119,1.48,4.564
10,26,15.057,4.366,5.874,0.886,4.127,0.518,8.36,0.992,1.515,2.184,2.009,3.86
10,27,12.745,2.975,4.873,1.617,5.857,1.698,7.217,1.398,1.488,4.641,0.854,5.91
10,28,15.852,5.001,5.39,0.82,3.909,0.902,7.474,0.497,0.792,3.241,1.413,3.511
10,29,12.619,4.786,3.239,0.161,7.402,0.913,8.849,0.578,1.912,3.063,1.529,2.905
10,30,16.694,4.923,5.236,2.021,5.037,1.023,9.006,1.753,0.697,2.095,1.67,3.381
10,31,15.92,3.711,3.984,2.926,4.746,1.923,8.959,0.732,1.149,3.213,0.626,3.602
10,32,0.15,1.318,0.776,1.432,1.333,1.022,0.472,1.559,1.161,0.802,0.257,0.671
10,33,0.415,1.136,2.003,1.354,1.389,1.847,0.894,0.0,1.327,1.721,1.498,1.937
10,34,0.904,1.396,0.873,1.403,1.388,0.858,0.534,0.967,0.359,1.206,1.095,1.593
10,35,0.839,1.282,1.163,2.026,1.114,1.866,1.392,1.325,1.334,0.401,1.307,1.491
10,36,2.47,1.733,1.793,1.261,1.303,2.245,1.894,1.875,0.809,1.697,1.434,2.444
10,37,2.262,1.505,1.755,1.09,0.609,1.303,1.322,0.0,1.017,1.143,1.401,1.238
10,38,1.619,0.452,1.551,1.138,1.771,1.959,1.121,1.051,0.659,1.326,1.28,1.378
10,39,0.982,1.376,0.761,1.941,1.166,0.616,2.394,1.612,1.087,1.254,0.899,0.749
10,40,1.094,1.681,1.994,0.889,1.132,0.542,0.636,0.911,1.341,0.797,1.63,1.144
10,41,1.202,0.047,0.839,1.25,0.867,1.511,1.281,0.657,1.051,2.017,1.559,1.192
10,42,1.708,0.588,0.435,1.878,0.486,1.511,0.989,0.626,0.255,0.777,2.086,1.865
10,43,0.946,0.05,1.569,2.278,1.512,1.52,0.512,1.123,0.624,0.992,1.65,0.569
10,44,1.736,0.889,1.443,0.631,1.88,1.345,0.97,0.238,1.156,2.104,1.826,0.889
10,45,0.428,1.13,1.391,0.753,0.444,1.548,0.925,1.269,1.956,1.325,1.015,1.707
10,46,1.368,0.7,0.666,1.229,1.167,1.585,0.957,1.45,1.23,1.628,2.144,1.842
10,47,1.671,1.682,0.793,1.019,1.279,1.731,1.103,1.223,1.102,1.417,0.939,2.196
10,48,1.464,1.429,1.65,0.922,0.543,1.595,0.432,1.873,1.165,1.448,1.305,0.581
10,49,1.856,0.4,0.934,1.232,1.865,2.097,0.816,1.528,1.093,1.576,1.418,1.114
10,50,1.217,0.927,1.381,1.041,2.123,0.765,0.921,1.562,1.307,1.323,1.18,1.101
11,1,1.393,1.649,1.601,2.236,1.146,2.009,1.728,1.027,1.158,1.756,0.908,2.242
11,2,1.059,2.326,1.219,1.347,0.934,0.802,1.673,0.975,1.954,1.148,0.8,0.771
11,3,1.185,1.769,1.021,0.924,1.644,2.331,0.843,0.9,1.409,1.522,0.947,1.373
11,4,1.884,0.739,0.762,0.439,1.67,1.359,1.412,1.262,1.136,1.652,0.691,1.774
11,5,1.232,0.606,1.02,0.091,1.517,1.838,1.994,1.41,0.688,1.589,0.803,0.722
11,6,1.281,1.238,0.538,0.737,0.974,1.559,1.288,1.204,1.899,1.131,1.281,1.323
11,7,1.896,1.028,0.882,0.795,1.841,1.25,1.055,1.045,1.027,1.162,1.21,1.055
11,8,2.521,1.179,1.467,1.059,1.759,1.636,1.928,1.921,0.66,1.144,1.87,1.177
11,9,1.327,1.083,1.86,1.437,2.173,1.131,1.307,0.739,1.483,0.913,0.978,1.988
11,10,1.309,0.533,1.147,1.32,2.024,1.842,0.936,0.402,0.641,1.145,0.746,0.657
11,11,1.694,2.047,1.703,1.489,0.386,0.655,0.829,1.06,1.293,0.747,1.772,1.606
11,12,0.575,1.014,0.377,2.118,0.954,1.902,1.333,1.819,0.804,1.27,1.502,1.615
11,13,2.145,2.042,2.157,1.677,1.854,1.012,0.758,0.514,0.441,1.386,1.718,0.383
11,14,0.728,1.394,0.74,1.456,0.625,1.529,0.991,0.509,0.783,2.111,1.029,0.883
11,15,1.506,0.459,0.49,2.237,1.83,1.033,0.873,2.058,1.056,1.618,1.442,0.424
11,16,0.712,0.819,1.935,1.635,1.237,2.263,2.027,0.0,0.447,1.154,0.778,0.711
11,17,1.599,1.305,1.491,2.471,1.813,0.66,0.17,1.981,2.054,1.942,1.373,0.758
11,18,0.487,0.891,1.377,0.747,1.097,1.934,1.675,0.317,2.155,1.437,0.912,1.188
11,19,15.082,4.352,4.652,0.438,6.61,0.856,8.061,2.123,0.46,2.242,0.416,5.03
11,20,11.707,4.697,5.328,1.499,4.999,0.322,7.245,1.028,1.131,2.636,0.212,4.284
11,21,16.626,3.582,3.047,1.56,7.489,1.513,6.596,0.68,1.477,3.735,0.636,4.913
11,22,13.302,4.318,5.65,2.043,4.485,2.145,8.126,1.071,1.095,3.239,0.861,3.737
11,23,12.144,4.076,3.604,0.813,5.071,1.184,7.894,0.73,1.609,4.07,0.936,3.929
11,24,14.127,3.144,3.898,1.108,6.046,0.895,10.03,1.197,1.406,2.852,0.6,3.196
11,25,13.847,5.425,4.036,2.07,5.221,1.655,5.873,1.596,0.964,3.22,2.088,5.733
11,26,15.2,3.43,4.738,0.576,4.615,1.252,7.332,1.529,1.987,3.102,1.078,4.405
11,27,13.537,3.83,2.787,1.481,7.278,0.879,7.468,0.997,1.772,3.359,0.684,4.864
11,28,12.292,3.484,3.798,1.196,5.775,0.645,8.785,0.0,0.966,4.84,1.748,4.007
11,29,12.976,4.966,4.277,1.016,5.659,1.965,8.809,1.175,2.068,2.798,1.283,3.417
11,30,13.555,3.78,2.726,1.204,5.195,1.917,5.903,1.116,1.744,3.684,1.563,4.102
11,31,12.946,3.54,4.109,0.221,6.827,1.398,8.244,1.435,2.118,2.632,1.601,4.746
11,32,1.453,1.722,1.571,0.768,0.974,0.666,0.148,1.583,1.449,0.355,1.522,0.39
11,33,0.947,0.787,1.879,1.298,0.931,0.379,1.803,1.744,0.774,2.316,0.927,0.208
11,34,1.514,0.486,1.237,1.526,1.75,0.694,1.536,1.394,1.855,0.1,1.197,1.082
11,35,1.642,0.837,1.778,1.438,0.81,0.891,0.848,0.75,1.127,1.326,1.795,0.695
11,36,1.296,1.605,0.993,0.86,1.503,0.495,1.08,1.112,1.91,1.384,0.725,1.139
11,37,1.299,0.653,2.481,0.418,1.532,1.169,1.978,1.082,2.468,0.796,0.0,1.407
11,38,1.3,1.674,0.453,1.573,1.214,0.166,1.94,1.084,2.112,0.96,1.26,0.918
11,39,1.002,2.469,1.251,1.16,0.981,1.941,0.884,0.894,1.328,1.543,1.138,1.336
11,40,1.311,1.562,0.263,1.314,1.811,2.291,1.783,1.619,0.789,1.318,1.01,0.98
11,41,0.689,1.215,0.845,1.629,2.055,0.554,0.543,0.875,0.749,0.161,0.805,0.885
11,42,1.79,0.124,1.524,1.175,1.41,0.838,1.358,1.896,0.808,0.947,2.203,0.849
11,43,0.894,1.598,1.864,1.71,1.201,1.11,1.492,1.574,0.144,1.863,0.608,0.847
11,44,0.842,1.182,2.107,1.111,1.102,1.987,1.555,0.142,1.736,1.245,1.926,1.549
11,45,1.355,0.523,1.336,0.638,1.592,1.079,1.762,1.077,1.114,0.81,1.642,1.143
11,46,1.11,1.146,1.645,1.811,1.627,1.138,1.319,1.706,1.526,0.501,1.361,2.157
11,47,2.316,1.221,1.305,1.955,1.583,0.754,2.075,1.42,0.768,1.27,1.594,1.747
11,48,1.648,0.536,1.099,1.445,1.735,1.804,1.329,1.784,1.542,0.671,1.099,1.026
11,49,1.607,1.66,0.406,0.702,1.669,0.775,1.491,1.589,1.018,1.061,0.681,0.708
11,50,1.74,2.077,1.683,1.977,1.244,1.508,1.622,0.75,2.169,0.801,1.509,1.692
12,1,1.359,1.691,0.789,1.545,1.382,1.242,1.359,1.211,1.828,1.535,1.322,1.836
12,2,0.933,1.224,1.331,1.544,1.352,1.802,1.545,0.66,0.806,1.839,0.87,0.805
12,3,0.832,0.898,1.129,1.475,2.121,2.224,1.921,1.322,0.885,1.067,0.975,1.275
12,4,0.312,1.313,1.732,1.59,2.218,1.575,1.199,1.963,1.984,1.286,1.234,0.959
12,5,1.956,2.34,2.049,0.632,1.94,0.789,0.658,1.469,1.61,0.553,0.503,1.521
12,6,0.458,0.595,0.182,1.728,0.322,1.944,0.585,0.823,0.765,1.323,0.432,1.659
12,7,2.145,1.533,0.858,0.857,1.241,0.71,2.288,0.745,1.359,0.895,1.664,1.427
12,8,1.141,1.447,0.809,0.886,2.01,0.509,1.786,0.995,1.408,2.282,1.932,1.128
12,9,0.86,0.964,0.668,0.681,1.46,0.747,1.578,1.165,1.875,1.155,0.493,1.593
12,10,2.021,0.847,0.515,1.258,0.387,1.472,1.276,1.134,1.409,0.148,1.505,0.45
12,11,0.928,0.777,0.698,1.417,1.151,0.994,0.951,1.307,1.492,2.164,0.444,0.425
12,12,1.765,0.682,0.898,1.8,1.088,1.072,1.294,1.558,0.275,2.106,0.916,0.91
12,13,1.495,0.485,0.881,1.851,1.692,1.263,1.037,1.681,1.307,2.057,1.574,0.879
12,14,1.761,1.927,1.585,1.8,0.478,1.234,1.817,2.073,1.704,1.272,0.949,1.046
12,15,0.937,0.325,1.858,1.739,0.829,1.038,2.245,1.501,2.121,1.798,1.899,1.93
12,16,1.183,1.663,1.726,0.732,0.441,1.36,1.786,0.623,1.875,0.409,1.227,0.0
12,17,1.597,1.124,1.094,1.166,1.167,0.803,1.16,0.954,0.694,0.829,1.3,1.07
12,18,13.535,4.775,4.812,1.273,4.622,1.295,7.243,1.34,2.207,3.13,1.488,3.542
12,19,15.182,3.938,4.41,0.298,7.366,0.419,7.548,0.052,1.404,5.027,0.825,4.938
12,20,11.45,4.861,5.083,1.423,6.791,1.728,9.081,1.205,1.733,4.54,1.099,5.056
12,21,15.16,4.781,3.997,0.41,6.291,1.646,8.196,1.582,2.197,4.506,2.188,3.284
12,22,12.273,5.091,4.001,0.794,6.615,1.043,7.44,0.909,0.695,3.872,1.104,4.976
12,23,10.587,3.3,4.585,1.214,7.529,1.809,7.746,1.254,1.103,3.595,2.045,4.187
12,24,14.7,2.999,4.47,0.369,7.242,1.45,6.413,0.474,0.727,4.002,0.845,4.016
12,25,12.518,3.595,4.639,0.984,5.284,0.637,6.838,0.757,0.621,3.098,0.6,5.736
12,26,15.8,5.237,3.181,2.012,7.234,0.515,6.875,1.019,1.574,1.153,1.431,4.603
12,27,12.29,4.092,5.268,1.737,5.435,0.834,7.879,0.815,2.604,2.481,0.479,4.591
12,28,11.087,3.633,4.901,1.059,4.321,0.897,7.86,0.861,0.769,3.424,1.437,3.976
12,29,13.991,3.158,4.053,1.22,4.044,0.773,8.434,1.242,2.226,3.173,0.98,4.933
12,30,12.632,4.666,3.285,0.917,5.886,0.0,8.363,1.157,1.702,4.905,0.431,4.343
12,31,15.355,5.078,5.676,0.809,5.989,0.982,8.896,1.816,0.361,3.919,0.668,3.546
12,32,13.975,3.136,4.177,1.54,5.083,2.039,7.019,0.566,1.371,3.825,1.466,3.724
12,33,1.009,0.26,1.187,1.378,1.147,1.74,1.465,0.815,1.118,1.862,0.672,0.934
12,34,1.652,0.976,0.749,1.41,1.722,1.045,1.079,0.474,1.098,1.601,1.51,0.858
12,35,1.928,1.862,1.384,1.286,1.98,1.277,2.128,1.403,1.459,1.875,2.005,0.966
12,36,1.551,1.485,1.832,1.554,1.882,0.848,0.836,2.438,1.132,0.703,0.73,0.992
12,37,1.399,1.213,1.201,1.828,0.594,1.422,1.677,0.734,1.364,1.093,0.257,1.743
12,38,1.071,0.249,2.06,1.66,1.247,1.044,0.999,1.148,1.711,1.081,1.445,1.026
12,39,1.917,0.546,0.607,1.618,0.885,0.678,0.534,1.756,0.489,1.748,1.18,0.546
12,40,1.884,1.87,2.308,1.313,1.776,1.487,2.15,1.203,2.369,1.775,1.733,0.63
12,41,2.192,0.102,1.146,1.178,1.892,0.884,1.83,1.806,2.432,1.622,2.323,2.097
12,42,1.324,1.876,1.227,1.768,1.224,1.565,2.024,0.795,0.907,1.123,1.128,2.487
12,43,1.512,1.139,2.008,1.968,0.956,0.888,1.687,0.472,1.372,0.251,1.757,1.62
12,44,0.891,1.19,0.828,1.893,1.88,2.159,1.416,1.243,2.15,0.939,1.325,0.65
12,45,1.65,1.322,1.083,0.623,1.823,0.816,0.235,0.764,1.156,1.295,1.389,1.298
12,46,1.675,1.04,1.086,1.533,0.631,1.254,1.053,0.537,1.399,1.399,0.579,1.878
12,47,2.421,1.693,1.273,0.565,0.837,1.074,1.784,1.127,0.89,0.364,0.801,1.413
12,48,1.967,0.813,1.301,1.236,0.288,1.514,1.393,1.305,1.672,1.142,0.817,0.989
12,49,0.775,1.228,0.699,1.173,1.65,1.437,0.522,0.642,1.347,0.433,0.581,1.094
12,50,0.71,1.069,1.611,1.274,1.252,1.111,1.326,1.208,0.404,0.71,0.824,1.051
13,1,0.19,0.854,0.358,1.843,1.367,1.269,1.047,1.819,0.565,2.025,0.736,0.499
13,2,1.536,1.384,1.234,0.398,1.153,1.284,1.239,1.591,0.642,1.653,0.416,1.909
13,3,0.781,1.424,0.605,1.117,1.082,1.036,0.447,1.547,1.001,1.509,1.012,1.457
13,4,1.964,0.886,0.547,1.306,1.49,0.892,1.121,0.93,1.617,1.004,1.689,2.135
13,5,1.18,1.953,0.845,0.838,0.443,0.807,1.13,1.349,1.402,1.83,0.065,1.272
13,6,0.504,1.546,2.236,1.81,1.514,1.02,1.783,1.826,2.271,1.471,2.184,1.337
13,7,0.794,1.278,2.33,1.643,1.961,0.955,0.479,1.267,0.842,1.239,0.931,0.917
13,8,1.097,1.308,0.963,1.024,1.387,0.487,1.301,2.171,0.925,0.427,0.889,1.276
13,9,1.057,2.039,1.59,0.852,1.809,1.334,1.087,1.305,1.412,2.123,0.989,0.848
13,10,0.986,0.383,1.402,1.42,1.897,1.914,1.814,0.685,1.723,0.805,1.627,1.18
13,11,0.986,2.147,0.762,1.925,2.199,1.84,1.451,0.98,1.913,2.005,0.578,1.101
13,12,0.93,1.459,0.737,1.452,1.724,0.951,1.428,0.356,2.125,1.819,0.306,1.468
13,13,1.226,1.984,0.843,1.709,0.098,0.728,0.999,0.787,1.027,1.231,0.935,2.069
13,14,1.49,2.202,1.261,1.582,1.706,2.187,0.219,0.68,2.232,2.202,0.826,1.89
13,15,2.003,0.675,1.028,0.563,0.603,1.933,0.944,1.327,1.137,1.704,0.417,1.503
13,16,1.117,1.892,1.308,0.346,0.469,1.638,1.759,1.849,1.162,1.68,1.516,1.445
13,17,1.871,1.43,0.892,1.336,1.447,1.748,0.427,1.493,1.418,1.086,1.769,1.534
13,18,11.544,5.544,4.472,1.335,6.186,0.91,6.531,0.711,1.079,4.93,1.673,3.795
13,19,12.828,5.961,4.541,2.292,6.528,1.949,8.928,0.714,1.899,2.086,1.172,4.04
13,20,12.154,5.573,3.185,0.898,4.456,0.871,8.249,0.512,1.308,4.539,1.356,3.867
13,21,15.419,4.067,5.094,0.484,4.696,1.401,7.674,1.185,0.992,3.409,2.275,4.281
13,22,13.53,5.196,5.088,1.099,7.367,1.023,6.71,1.625,0.565,4.802,2.016,4.671
13,23,13.588,4.892,4.406,1.996,5.158,0.503,7.186,1.05,1.733,3.023,1.384,5.943
13,24,14.084,4.266,3.657,2.239,5.525,0.518,7.084,0.795,0.471,2.774,1.155,3.051
13,25,15.705,4.826,5.033,0.075,6.964,0.864,8.424,1.103,0.41,3.657,0.917,2.832
13,26,15.479,4.372,4.769,1.664,5.049,2.173,6.246,1.092,2.13,3.066,0.712,4.669
13,27,13.819,4.892,5.38,1.616,4.293,1.658,8.92,0.614,0.465,3.53,0.787,4.011
13,28,13.079,5.727,3.109,1.264,4.54,1.241,9.598,1.07,0.708,2.622,1.046,4.432
13,29,12.705,4.909,5.116,0.904,4.619,1.28,8.515,0.95,1.539,3.659,1.367,4.691
13,30,15.808,3.682,4.327,0.944,7.263,1.383,7.558,1.43,1.323,3.671,1.018,3.78
13,31,16.864,4.898,3.332,2.304,5.376,1.759,8.839,1.713,0.638,3.526,1.345,3.883
13,32,13.035,4.648,4.018,1.658,6.289,0.072,6.404,0.867,1.36,3.203,1.571,3.713
13,33,0.947,1.514,1.623,0.61,1.935,0.032,1.453,1.75,1.136,0.835,1.304,1.283
13,34,1.418,1.773,0.493,1.223,1.719,1.884,1.76,0.355,1.285,1.634,1.639,1.297
13,35,0.886,0.938,1.095,1.323,1.762,1.081,1.347,1.761,1.278,1.302,1.067,1.288
13,36,1.891,0.632,1.429,1.85,0.784,0.496,1.229,1.684,1.232,0.637,0.75,2.547
13,37,0.754,0.428,2.392,0.839,0.582,1.264,1.702,1.242,0.476,0.559,1.269,1.566
13,38,2.266,2.202,0.776,1.064,1.089,0.79,2.157,1.267,1.052,1.323,0.531,1.81
13,39,2.112,1.517,1.701,1.632,0.862,1.425,2.148,0.588,0.73,0.679,2.112,1.896
13,40,1.114,0.935,1.651,1.377,1.689,1.5,0.301,1.802,1.064,1.389,0.965,1.425
13,41,1.041,0.855,0.362,1.307,2.007,2.228,0.711,1.064,1.12,0.38,0.816,1.836
13,42,2.028,1.631,1.391,0.874,2.226,1.014,1.737,1.269,1.296,1.476,1.388,0.948
13,43,1.544,1.507,1.898,1.421,1.089,1.811,1.91,1.345,2.356,1.45,2.103,2.268
13,44,1.11,0.853,1.3,0.63,1.91,1.125,1.172,1.69,1.136,1.716,2.332,1.71
13,45,1.44,0.865,0.748,0.105,0.974,1.771,1.044,1.06,2.036,0.989,1.341,1.805
13,46,2.257,1.69,2.17,0.672,1.337,1.512,1.711,0.954,1.642,1.062,2.111,0.973
13,47,1.189,2.175,1.028,1.068,1.666,1.36,0.755,2.122,1.683,0.707,1.649,1.33
13,48,1.115,0.661,1.196,1.088,1.401,1.516,0.838,1.78,0.722,1.269,1.679,2.629
13,49,1.597,0.827,0.94,1.526,1.38,1.583,0.448,1.192,1.719,1.879,0.938,1.285
13,50,0.98,0.877,0.959,0.758,0.578,1.198,0.624,2.013,1.876,0.836,0.449,0.419
14,1,1.071,1.258,1.168,0.941,1.217,1.487,1.998,1.261,1.96,1.251,1.326,1.254
14,2,1.672,0.649,1.466,0.946,1.605,1.269,1.109,1.985,2.114,1.816,1.278,1.819
14,3,1.163,2.159,0.598,1.309,0.281,1.286,0.925,1.065,1.051,1.918,1.324,0.539
14,4,1.111,1.188,1.193,1.475,0.908,1.819,0.42,1.581,1.578,0.284,1.7,2.547
14,5,2.247,1.355,1.076,0.261,1.481,1.356,1.549,1.205,0.228,1.707,1.624,0.703
14,6,0.958,1.278,0.569,1.899,1.812,1.264,0.588,1.629,1.698,2.534,1.373,0.902
14,7,1.204,1.829,1.868,1.575,0.179,1.891,1.321,1.509,0.597,1.842,0.535,1.498
14,8,1.161,0.473,0.356,1.364,1.983,1.272,0.497,0.967,1.368,1.033,1.967,1.72
14,9,2.055,1.0,1.659,0.883,0.718,1.355,1.175,0.539,1.615,1.909,1.046,1.757
14,10,0.775,1.298,1.859,2.282,0.453,1.083,1.592,1.101,0.401,1.068,0.913,1.122
14,11,1.433,1.284,0.498,1.624,1.488,1.326,1.783,0.876,0.615,0.983,0.825,0.808
14,12,1.26,1.967,0.99,1.356,0.544,1.477,2.184,1.345,1.156,1.656,1.353,1.092
14,13,1.904,1.691,1.562,1.608,1.033,1.299,0.852,1.431,1.553,1.136,1.61,1.378
14,14,1.181,0.959,0.913,1.767,1.867,0.862,2.222,1.4,1.919,1.045,1.397,1.596
14,15,1.895,0.747,1.939,0.815,1.219,0.832,1.953,0.201,1.182,1.082,0.7,0.928
14,16,0.907,1.201,1.632,1.444,1.444,0.973,2.128,0.995,1.379,1.476,0.48,1.2
14,17,0.878,0.694,1.967,0.979,1.252,0.761,1.837,1.55,0.724,0.797,0.864,1.223
14,18,12.259,5.009,3.962,1.676,3.35,1.128,7.086,1.791,1.651,1.646,2.266,4.51
14,19,16.209,3.917,3.003,1.073,5.409,2.139,6.774,1.842,0.667,3.488,1.234,3.538
14,20,12.932,4.262,4.381,1.494,6.64,1.39,9.07,0.989,1.24,5.281,0.653,3.671
14,21,16.07,3.999,5.245,0.996,6.354,0.563,6.573,1.929,1.807,2.248,1.882,5.177
14,22,14.197,2.82,4.272,1.559,4.992,0.739,6.735,1.201,1.187,3.908,1.276,3.502
14,23,13.031,5.358,5.461,1.411,6.988,1.388,6.833,1.323,1.111,3.141,0.853,4.852
14,24,14.711,4.638,4.456,1.143,6.066,1.069,6.92,0.937,1.799,3.909,1.544,4.959
14,25,16.221,4.474,4.703,1.154,7.674,1.136,8.174,2.016,2.188,2.68,1.13,5.856
14,26,13.411,4.026,4.079,0.367,5.167,1.528,6.61,1.207,1.227,3.514,1.553,3.769
14,27,11.484,5.255,3.799,0.686,7.4,1.126,9.12,1.523,1.938,1.553,2.038,3.588
14,28,15.307,4.176,3.791,1.68,5.174,1.74,9.439,0.423,0.95,3.185,0.666,3.199
14,29,11.815,3.755,2.756,1.267,6.093,1.047,6.705,1.396,1.05,2.978,1.411,4.423
14,30,12.681,3.801,5.382,1.625,4.047,1.65,5.728,1.646,1.292,3.007,1.095,5.572
14,31,11.712,4.413,3.478,0.997,6.756,1.029,8.073,1.504,1.168,4.565,1.72,5.163
14,32,13.195,3.045,4.484,1.901,5.409,1.281,7.12,1.226,1.04,3.107,2.095,3.899
14,33,1.78,0.985,0.939,0.652,2.18,1.285,0.765,1.289,1.164,1.128,1.279,1.381
14,34,0.971,1.337,1.178,1.778,0.857,1.348,1.565,0.719,1.512,0.779,0.527,0.664
14,35,1.617,1.242,0.498,1.583,1.858,1.393,0.765,1.906,0.987,1.289,1.555,1.331
14,36,1.853,1.668,1.233,1.123,0.678,0.901,0.856,1.074,2.748,1.465,1.911,1.123
14,37,0.924,1.198,1.352,1.021,1.517,1.923,0.394,1.22,2.036,0.841,0.781,0.0
14,38,1.283,1.447,0.823,0.575,0.865,0.956,1.701,1.675,1.146,0.49,2.324,0.852
14,39,1.498,1.907,0.835,1.717,1.422,1.736,0.287,1.248,0.991,0.912,1.231,1.796
14,40,2.043,2.625,1.575,1.579,1.336,1.496,1.847,0.61,1.498,1.947,0.827,2.077
14,41,1.693,2.311,0.708,0.911,1.863,0.962,1.292,0.605,1.606,2.085,0.687,0.986
14,42,1.176,1.28,0.713,0.88,1.188,1.21,0.983,1.481,0.743,0.438,1.325,0.14
14,43,1.364,1.026,1.104,1.933,0.868,1.151,0.87,0.937,1.578,1.586,1.205,1.152
14,44,1.132,1.746,1.688,1.958,0.895,1.25,1.119,1.497,0.711,1.417,0.455,1.378
14,45,0.856,0.762,1.534,2.02,1.372,1.517,1.317,1.456,1.235,1.631,1.889,1.865
14,46,1.758,1.672,1.703,0.224,0.779,0.159,0.902,0.913,0.621,1.48,1.743,1.566
14,47,0.631,1.674,2.044,1.645,2.049,0.155,1.339,1.119,1.781,0.935,1.608,0.542
14,48,1.904,0.968,1.921,2.027,1.093,0.788,1.488,0.656,1.504,1.231,1.427,2.135
14,49,1.573,1.255,0.879,0.836,0.627,1.558,0.304,1.868,1.661,1.033,1.831,1.167
14,50,1.049,0.273,0.577,1.276,0.803,1.168,1.685,1.089,0.686,1.629,1.183,1.231
15,1,0.786,1.085,0.789,1.839,1.204,0.844,1.398,0.747,1.513,0.713,1.396,1.205
15,2,0.543,1.845,0.989,1.41,1.619,1.878,0.758,1.822,1.813,1.18,0.66,1.592
15,3,0.193,1.762,0.677,2.625,1.14,0.789,1.2,0.502,1.346,2.079,1.21,1.697
15,4,0.845,0.919,0.835,0.856,0.585,0.621,0.897,1.426,1.664,1.648,1.013,0.679
15,5,0.662,1.883,1.083,1.277,0.659,1.41,1.18,0.818,0.636,0.489,1.873,1.656
15,6,1.79,1.712,0.939,1.395,0.577,0.566,1.794,0.944,1.216,0.687,1.632,0.703
15,7,0.787,1.68,1.261,0.655,0.414,0.413,0.723,1.689,1.158,0.427,2.038,1.885
15,8,2.019,1.371,1.115,1.519,1.364,1.232,0.399,0.873,1.48,1.933,1.095,1.322
15,9,2.091,1.063,0.901,0.621,0.608,0.935,0.951,1.422,0.934,1.067,0.834,1.541
15,10,0.436,1.263,0.377,1.305,1.536,1.73,0.997,1.31,1.092,0.947,0.917,1.696
15,11,1.096,0.811,1.578,1.149,0.944,0.93,1.475,1.04,0.83,1.467,0.801,0.948
15,12,0.637,1.438,1.605,2.118,0.97,1.295,1.491,1.055,0.608,0.884,1.489,1.221
15,13,1.737,1.321,2.0,1.351,1.421,1.365,0.47,1.568,1.902,2.07,1.299,0.688
15,14,1.612,0.466,2.016,0.985,1.62,1.508,1.252,0.401,1.883,0.901,2.022,1.477
15,15,2.185,1.379,0.746,0.909,2.229,1.393,0.136,0.733,1.237,0.348,1.804,0.974
15,16,0.496,1.013,1.451,1.018,1.034,0.874,1.438,0.726,0.778,1.552,1.352,1.043
15,17,11.71,5.294,4.694,1.98,5.904,1.58,8.375,1.769,1.407,3.818,1.207,5.026
15,18,16.342,4.001,3.273,0.782,6.326,0.233,8.519,1.499,0.429,3.183,1.159,3.747
15,19,11.923,3.694,3.938,0.498,4.99,0.441,7.071,1.96,1.452,3.704,1.664,5.815
15,20,13.476,4.234,3.304,0.936,4.685,1.051,7.986,0.312,0.977,1.711,1.782,3.642
15,21,13.742,2.996,3.529,1.463,4.816,2.135,6.333,2.384,1.619,3.835,0.994,4.601
15,22,14.29,3.537,5.23,1.35,5.52,1.293,7.518,1.181,1.517,2.621,0.964,3.737
15,23,13.905,3.561,3.89,1.233,5.615,0.909,6.436,1.283,0.726,3.773,2.025,3.623
15,24,14.658,4.194,4.745,1.987,4.251,1.244,9.461,1.856,0.798,3.022,0.531,3.739
15,25,20.881,9.329,4.746,3.696,5.633,2.972,13.477,4.692,5.379,2.608,3.269,7.809
15,26,13.345,3.428,4.754,0.606,3.485,1.939,6.971,1.719,1.89,4.17,1.104,3.16
15,27,15.607,4.794,4.397,1.474,5.664,2.104,8.776,1.606,1.084,3.608,1.111,4.014
15,28,12.63,4.82,3.661,0.784,4.578,0.657,6.025,1.017,1.922,3.22,1.166,4.532
15,29,14.531,4.469,5.334,2.069,5.146,1.758,5.77,0.418,0.99,4.566,1.821,4.915
15,30,13.268,3.141,3.714,1.135,5.945,1.464,7.83,0.729,2.131,3.604,1.532,4.011
15,31,16.076,5.968,3.974,0.982,5.181,1.524,6.235,0.691,1.978,3.319,0.686,4.473
15,32,14.331,4.127,4.598,1.795,4.587,0.569,8.22,1.603,0.944,2.86,2.362,3.042
15,33,13.712,4.955,3.866,1.889,6.1,0.901,6.923,1.171,1.896,4.04,0.458,3.785
15,34,0.371,1.313,1.426,1.388,1.031,1.265,1.34,1.406,0.319,1.394,0.532,0.957
15,35,1.712,0.925,1.393,1.261,0.992,0.289,1.215,0.938,0.38,2.135,0.99,1.26
15,36,1.815,1.651,1.425,1.113,1.497,1.111,1.345,2.411,1.248,1.731,0.798,2.043
15,37,1.57,1.36,1.305,1.668,0.205,1.618,1.328,0.746,0.486,0.952,1.268,1.632
15,38,1.435,1.593,1.875,0.634,0.707,1.084,1.535,1.689,0.472,1.706,2.187,2.02
15,39,1.565,1.408,1.445,1.866,1.935,1.485,0.928,0.646,1.769,0.853,0.791,0.633
15,40,1.625,0.926,0.522,1.51,1.722,0.626,1.331,0.857,0.563,1.57,0.75,1.821
15,41,1.045,1.639,1.009,0.597,1.477,0.245,1.249,2.19,1.548,0.968,0.954,1.51
15,42,1.445,1.992,1.037,1.962,0.974,1.448,1.99,1.834,0.28,1.014,1.462,1.494
15,43,1.609,1.232,1.003,1.096,1.632,1.095,1.258,0.455,1.998,1.185,1.259,1.813
15,44,0.808,1.238,0.578,0.764,1.347,1.549,1.639,0.469,0.799,1.487,2.225,1.875
15,45,1.948,1.248,1.56,1.326,2.017,0.887,1.685,1.427,1.479,1.292,1.057,1.719
15,46,1.506,2.261,1.691,1.073,0.448,2.13,1.504,1.849,0.746,1.239,2.159,1.17
15,47,2.029,0.986,2.285,1.865,0.965,1.34,1.605,1.641,0.895,0.813,1.873,0.858
15,48,1.483,1.732,1.492,0.697,0.731,1.116,1.553,1.633,0.468,1.505,0.424,0.9
15,49,1.352,1.041,1.008,0.736,2.052,1.792,0.702,0.594,0.666,1.721,0.742,0.45
15,50,1.013,0.898,1.96,0.931,0.74,1.193,0.831,1.803,1.696,1.711,0.852,1.112
16,1,1.194,0.901,0.885,1.888,1.004,0.872,1.733,2.151,1.84,0.66,1.34,1.27
16,2,0.762,0.918,0.027,0.975,1.024,0.334,1.625,1.684,0.148,1.146,1.463,1.578
16,3,1.828,1.364,1.716,2.162,0.785,2.113,2.031,0.725,0.166,0.201,1.475,0.514
16,4,1.29,1.577,0.624,1.961,1.658,0.851,1.252,0.95,1.78,0.939,1.081,2.331
16,5,1.773,0.626,0.536,0.859,1.021,2.047,1.472,1.263,0.774,1.026,1.33,1.647
16,6,1.301,1.451,1.362,0.837,1.518,0.637,1.271,0.81,1.474,0.962,1.838,0.434
16,7,2.099,2.103,1.21,1.927,1.348,0.787,0.452,0.243,0.876,1.497,1.586,0.813
16,8,0.947,1.308,1.659,0.912,1.014,1.059,1.293,1.296,1.225,0.241,1.016,2.164
16,9,1.016,1.164,1.719,1.092,1.794,0.79,0.832,1.415,0.869,1.338,0.86,0.551
16,10,1.549,1.966,1.204,1.131,1.615,1.627,0.608,0.357,1.042,2.098,0.655,0.956
16,11,0.515,1.117,0.518,1.002,1.824,1.529,0.197,1.834,1.312,1.512,0.396,1.126
16,12,1.432,1.911,1.927,1.142,1.472,1.709,0.807,2.226,1.706,0.545,1.75,1.468
16,13,2.136,0.724,1.488,1.467,1.256,1.02,0.438,1.216,0.602,2.204,1.611,1.075
16,14,1.026,1.621,1.885,0.89,1.338,1.685,0.739,1.136,0.835,0.507,0.625,1.231
16,15,1.425,0.891,1.113,2.09,1.083,1.393,1.097,1.276,1.921,0.956,1.396,1.987
16,16,0.71,0.622,1.637,1.39,0.866,0.367,0.396,0.606,1.05,1.365,1.521,0.848
16,17,1.174,1.762,1.786,0.424,2.417,1.161,0.409,0.935,0.635,1.516,1.361,1.385
16,18,12.726,5.534,4.9,1.968,5.573,1.996,8.719,1.8,1.915,4.286,1.282,3.86
16,19,12.02,4.289,5.465,1.708,6.535,0.864,7.907,1.295,1.698,3.651,1.616,4.191
16,20,14.684,4.578,3.484,1.358,5.699,1.66,6.999,0.807,0.967,4.36,1.332,4.602
16,21,13.615,4.797,4.227,1.22,7.264,2.301,8.627,1.713,0.5,4.129,2.255,5.245
16,22,25.775,8.706,3.505,4.986,4.026,2.418,14.009,6.427,4.642,5.114,3.525,6.124
16,23,20.829,8.805,3.83,4.439,6.806,3.548,15.145,4.555,5.063,2.287,2.568,5.075
16,24,22.605,10.442,4.904,3.687,6.601,3.321,11.634,4.026,3.67,4.116,2.313,6.994
16,25,23.615,8.228,4.34,4.155,4.42,2.943,11.315,4.721,4.229,4.372,2.888,7.189
16,26,26.578,11.43,3.685,5.398,5.878,2.258,11.608,5.968,5.983,2.349,2.269,7.691
16,27,22.222,10.113,4.986,4.569,4.075,2.332,13.014,5.995,2.807,4.52,2.089,7.445
16,28,24.949,8.951,3.625,5.318,6.161,2.925,11.407,5.186,5.295,4.139,2.87,4.77
16,29,13.238,3.863,2.882,1.016,4.887,1.953,7.022,1.881,1.076,3.606,0.968,3.833
16,30,12.518,4.777,4.141,1.487,5.145,1.384,7.624,0.431,1.563,1.501,0.388,5.605
16,31,14.962,4.66,4.565,0.246,6.7,0.488,7.702,1.741,1.023,2.745,1.617,5.498
16,32,13.09,3.807,4.842,1.384,5.997,1.953,7.279,1.791,2.078,2.418,1.987,3.445
16,33,0.437,1.028,1.612,1.237,1.538,2.064,1.183,1.354,1.961,1.189,1.268,0.917
16,34,0.937,0.583,1.053,1.104,1.406,2.226,2.026,1.379,1.411,1.275,0.797,0.677
16,35,0.791,1.726,0.525,1.503,0.78,0.352,2.156,0.446,1.353,0.953,1.019,0.495
16,36,2.268,1.261,0.851,1.076,0.578,0.931,2.025,0.693,1.475,1.495,0.96,1.012
16,37,1.028,1.026,0.58,2.061,0.682,1.107,1.867,0.543,1.8,1.406,0.522,0.93
16,38,1.83,1.334,1.739,1.52,1.137,1.467,1.028,2.239,2.085,1.542,1.087,0.946
16,39,1.246,0.636,0.936,1.678,1.48,0.991,1.203,1.644,0.457,1.862,1.883,0.693
16,40,1.784,0.619,1.707,1.039,2.029,2.003,1.454,0.667,1.439,1.537,0.988,1.804
16,41,1.296,1.396,1.264,1.308,1.858,1.091,1.828,2.631,0.082,1.054,1.838,1.95
16,42,1.241,0.979,1.196,1.942,1.643,1.126,0.137,0.711,1.895,1.981,1.459,1.833
16,43,1.191,0.683,0.555,2.001,0.313,1.291,1.035,1.287,0.814,1.816,1.893,2.495
16,44,1.609,1.083,0.428,0.879,1.891,0.097,0.907,2.046,1.122,0.228,1.397,0.842
16,45,1.458,2.121,0.94,0.692,1.342,2.073,1.501,0.459,1.978,1.321,0.921,0.876
16,46,1.869,1.102,0.512,1.762,0.56,0.639,2.113,0.695,2.351,1.622,2.004,0.748
16,47,0.97,0.491,0.649,0.988,0.667,0.629,0.0,2.148,1.755,2.295,1.198,1.709
16,48,0.992,0.467,1.87,1.68,1.101,0.303,1.629,1.661,1.066,1.505,1.802,1.513
16,49,1.19,0.782,1.674,1.791,1.501,0.368,2.195,1.1,1.172,1.48,0.623,0.885
16,50,0.945,1.767,1.276,1.732,0.983,1.447,1.059,2.244,1.343,0.897,0.821,1.334
17,1,0.711,1.792,1.282,0.64,1.518,2.281,1.269,1.299,1.005,1.658,1.518,0.989
17,2,1.306,1.538,1.836,1.668,0.0,0.648,0.72,1.519,1.23,1.654,1.052,0.89
17,3,0.544,0.227,0.542,0.626,1.698,0.862,1.355,0.303,1.427,1.386,0.682,2.452
17,4,1.255,1.351,0.727,0.954,1.196,0.571,1.342,2.147,1.037,1.598,1.735,1.848
17,5,1.573,1.823,1.425,1.324,1.675,0.477,0.88,1.606,0.776,0.436,1.846,1.05
17,6,1.685,1.079,0.662,1.492,1.42,1.567,0.357,0.838,1.035,1.134,1.245,0.774
17,7,1.41,1.798,1.028,2.074,0.855,1.145,1.696,2.274,0.795,1.623,1.845,1.014
17,8,2.28,1.358,1.282,1.504,1.819,2.214,1.479,1.628,1.005,0.718,0.958,0.566
17,9,0.787,1.781,0.673,0.751,2.371,1.564,0.997,0.262,0.995,1.522,1.53,1.018
17,10,1.238,0.49,0.98,0.633,1.244,1.147,0.652,0.16,1.694,1.205,2.178,0.471
17,11,0.935,1.252,1.627,0.776,0.567,1.684,1.216,0.552,1.051,1.179,1.381,1.647
17,12,0.966,1.94,0.937,1.202,1.638,0.851,0.813,2.143,2.005,1.993,1.731,1.84
17,13,0.413,1.606,1.022,1.247,1.154,1.355,1.751,1.263,1.252,0.714,1.067,0.598
17,14,1.042,1.708,1.386,1.07,2.057,1.197,1.466,1.682,1.737,2.262,1.116,0.786
17,15,0.749,1.28,1.398,0.0,1.508,1.759,0.282,1.42,2.083,1.256,1.898,1.602
17,16,0.326,0.957,1.139,1.381,1.141,0.985,0.753,1.107,0.952,1.568,0.802,1.56
17,17,0.342,2.198,1.541,1.061,0.767,1.386,1.224,1.013,1.954,0.43,1.213,0.318
17,18,16.307,4.263,4.963,1.042,7.906,1.455,8.12,1.038,1.34,4.1,0.812,4.735
17,19,13.659,4.726,4.173,1.0,5.689,1.591,5.659,1.229,0.857,2.64,1.211,3.156
17,20,15.555,3.899,3.295,1.761,6.852,0.912,8.711,1.282,1.564,2.968,1.716,5.456
17,21,21.501,7.643,5.193,5.633,5.214,2.169,15.72,4.483,5.681,2.081,2.631,6.087
17,22,21.255,7.746,3.105,4.235,6.708,2.293,13.612,4.845,4.493,2.712,2.527,4.516
17,23,20.31,7.482,3.875,3.938,4.337,2.755,13.828,4.927,5.021,3.361,4.024,8.041
17,24,25.428,8.951,4.767,4.032,4.991,3.363,15.056,5.307,3.922,4.191,3.936,6.649
17,25,23.424,8.021,4.328,3.73,7.651,2.777,11.733,5.55,3.912,3.682,3.324,6.628
17,26,22.798,8.447,4.802,4.672,6.388,3.447,13.025,4.759,4.761,3.732,2.567,6.954
17,27,24.386,7.647,4.911,4.065,4.78,2.553,15.087,4.288,4.297,3.815,3.001,6.834
17,28,22.043,7.304,4.631,4.509,7.24,3.838,11.733,7.112,5.33,3.235,2.551,4.859
17,29,27.181,8.834,5.053,3.839,4.542,3.224,14.295,5.045,5.23,2.278,2.713,6.594
17,30,15.639,3.502,3.915,0.9,5.886,0.617,6.609,0.542,0.599,2.473,1.248,3.041
17,31,12.801,4.113,4.606,1.36,4.893,1.196,8.17,1.123,1.841,3.268,1.197,4.337
17,32,15.744,3.758,2.8,1.91,4.97,1.635,8.764,1.794,0.56,2.425,0.009,4.147
17,33,1.267,1.405,0.298,1.538,1.19,1.273,1.361,0.0,1.136,1.419,1.54,1.08
17,34,1.143,0.359,0.515,0.29,1.641,1.807,1.045,1.004,1.723,2.051,1.683,1.195
17,35,0.806,0.962,1.185,1.228,0.295,0.796,1.436,1.915,0.997,0.454,1.747,0.61
17,36,1.715,1.594,2.164,1.254,0.246,0.955,1.24,1.934,0.383,1.12,1.715,2.142
17,37,1.281,1.698,0.748,1.183,1.211,0.0,1.906,1.043,1.268,1.089,1.289,0.863
17,38,1.562,1.552,1.695,1.66,1.981,1.317,1.162,1.797,2.2,1.585,0.624,0.305
17,39,1.412,1.247,1.468,1.625,2.19,0.192,2.289,0.952,1.598,1.308,1.516,1.443
17,40,2.148,1.261,1.908,0.958,1.201,0.869,0.487,1.048,0.718,0.686,1.363,0.916
17,41,0.715,1.136,1.882,1.625,1.394,1.732,1.002,2.121,0.869,1.078,1.542,1.284
17,42,1.478,1.776,0.234,1.152,1.089,0.867,1.107,1.178,0.674,1.333,0.749,1.108
17,43,0.9,0.706,1.437,0.69,1.084,1.953,1.393,1.256,1.726,1.825,1.643,0.708
17,44,1.919,1.244,1.16,1.545,1.205,1.067,0.451,0.562,1.237,1.271,1.925,0.913
17,45,1.541,0.866,1.384,1.122,1.128,1.587,1.702,2.123,0.495,0.702,2.431,1.732
17,46,1.172,1.157,0.804,2.231,1.221,1.696,1.33,0.989,1.768,0.55,0.862,1.413
17,47,1.587,1.533,0.686,1.059,1.267,0.991,0.606,1.535,0.339,0.717,1.439,1.014
17,48,2.044,1.89,1.87,1.18,0.711,1.738,1.878,2.149,1.125,0.709,1.048,1.941
17,49,0.628,1.078,1.159,0.522,2.195,0.848,1.47,1.207,1.142,1.263,0.694,1.8
17,50,1.952,1.457,0.943,1.304,1.89,0.63,0.805,1.435,1.071,1.174,2.015,1.657
18,1,2.274,0.556,1.602,1.21,1.001,1.984,1.787,0.562,0.914,1.874,1.462,1.361
18,2,1.115,1.04,1.114,1.62,1.577,0.806,1.006,1.79,0.969,1.444,0.997,1.739
18,3,1.91,0.873,0.477,1.993,1.515,1.726,1.725,1.752,0.53,0.957,1.28,0.636
18,4,0.708,1.125,2.186,1.98,1.298,0.811,1.558,1.145,1.72,1.522,1.5,1.36
18,5,1.004,1.555,2.118,2.236,1.314,0.696,0.647,1.943,2.198,1.415,1.413,1.211
18,6,1.472,1.246,1.624,1.845,1.737,1.6,1.223,0.948,1.774,1.174,2.198,1.403
18,7,1.656,1.913,0.941,1.263,0.92,1.365,2.481,1.992,1.319,1.514,0.073,1.45
18,8,1.115,0.586,0.425,1.338,1.214,1.548,0.824,1.588,1.459,1.337,1.346,1.483
18,9,0.82,0.712,1.294,1.362,1.094,1.386,0.287,0.082,1.203,2.021,0.864,1.935
18,10,0.697,1.881,1.252,1.363,1.379,0.949,1.092,0.912,1.409,1.563,1.9,1.493
18,11,2.227,0.809,1.393,1.981,1.759,0.992,0.733,1.236,1.647,0.359,1.901,0.793
18,12,1.237,0.592,1.304,1.365,2.142,0.745,1.672,1.281,1.016,1.721,0.729,1.696
18,13,0.885,1.795,1.139,0.599,0.548,0.455,0.905,0.566,0.838,1.941,1.723,1.811
18,14,0.769,0.93,1.649,0.378,0.446,1.19,0.963,1.994,0.795,0.694,1.1,1.856
18,15,1.728,1.969,1.346,2.232,0.32,0.576,1.338,1.818,1.114,0.856,1.634,1.964
18,16,1.054,0.759,1.216,1.017,1.532,1.72,0.717,0.737,0.841,0.218,1.243,2.68
18,17,0.672,0.268,1.217,1.171,1.064,0.505,0.993,1.521,1.887,1.457,1.146,2.113
18,18,16.223,4.632,3.198,0.143,5.574,0.372,6.065,1.933,1.802,3.618,1.174,4.582
18,19,14.158,3.921,4.597,1.86,4.667,0.96,7.66,0.736,0.345,2.051,0.762,2.433
18,20,22.548,9.455,4.763,3.117,7.663,3.469,14.995,4.076,3.717,2.449,3.735,6.282
18,21,24.722,8.919,5.581,3.674,7.046,2.641,13.493,5.697,3.69,1.881,3.212,6.259
18,22,23.839,10.3,5.873,4.398,5.9,2.765,10.968,4.6,4.542,2.783,1.877,5.389
18,23,25.437,10.166,4.272,4.773,4.529,1.419,14.044,4.872,3.965,3.416,2.315,6.249
18,24,26.09,8.91,3.516,3.356,7.339,3.945,14.631,5.508,3.467,2.867,1.853,6.541
18,25,23.976,8.925,4.44,4.97,6.973,2.457,13.5,5.246,5.362,2.332,1.367,6.768
18,26,25.117,9.664,3.639,5.694,8.173,1.45,11.368,5.91,3.246,2.664,2.004,5.229
18,27,21.24,8.96,4.11,5.012,5.073,3.398,11.298,5.076,4.71,3.243,1.859,3.759
18,28,24.916,10.89,5.061,4.25,4.852,3.374,13.67,5.298,5.006,2.904,2.776,7.088
18,29,23.852,8.773,4.033,4.884,4.868,2.926,11.807,6.05,4.428,4.348,3.087,5.052
18,30,20.915,10.873,3.548,4.508,5.941,3.932,12.413,4.585,5.671,2.354,2.743,7.288
18,31,14.508,4.761,4.641,0.725,5.829,1.201,8.189,1.141,2.095,2.39,1.563,4.101
18,32,13.789,5.413,3.544,1.477,6.684,1.505,8.281,0.644,2.11,3.293,1.013,5.059
18,33,0.853,1.492,2.38,0.618,0.642,1.553,0.538,0.698,0.635,1.965,1.545,0.874
18,34,1.768,0.79,0.686,1.893,1.289,1.395,1.879,2.133,2.056,2.119,1.827,0.92
18,35,1.679,1.02,0.459,1.209,1.373,1.142,1.684,2.182,1.886,1.112,0.943,1.604
18,36,0.593,1.908,1.907,1.056,1.237,1.836,1.56,0.038,1.175,1.365,0.471,1.016
18,37,0.371,1.078,1.301,1.005,0.508,0.636,1.417,1.19,1.043,0.843,0.676,0.494
18,38,1.985,1.554,1.847,1.473,1.506,0.155,1.618,1.424,1.036,0.674,1.431,0.613
18,39,1.272,0.838,1.798,1.218,0.656,0.632,1.469,1.507,0.387,1.605,1.216,1.763
18,40,0.552,1.795,1.703,0.798,0.937,1.188,1.242,0.706,1.129,1.916,1.918,1.163
18,41,0.978,0.928,2.055,1.524,1.216,0.715,1.616,1.598,0.676,1.974,1.633,1.504
18,42,1.051,0.732,1.461,2.153,1.561,2.236,1.348,0.76,0.618,0.874,0.944,1.048
18,43,1.462,1.071,1.025,1.778,0.636,1.655,0.93,0.429,0.272,1.185,1.914,2.072
18,44,1.804,0.762,0.642,1.25,0.665,1.085,1.09,0.701,0.686,0.604,1.916,0.649
18,45,1.198,1.178,2.104,1.674,1.278,1.517,1.309,1.37,1.374,0.547,1.565,1.688
18,46,1.161,2.031,1.933,1.374,1.597,0.777,1.421,0.898,0.994,1.631,2.076,0.828
18,47,1.04,1.753,0.901,1.244,1.768,1.642,2.033,0.307,1.611,0.937,1.385,1.98
18,48,0.883,1.933,1.071,0.414,1.453,1.652,1.812,2.333,1.583,2.203,1.065,1.039
18,49,0.785,1.724,0.83,2.171,0.7,1.838,1.125,0.766,0.796,2.02,1.029,0.759
18,50,0.894,1.427,0.271,0.998,2.078,1.674,0.94,0.0,1.35,1.077,0.595,1.658
19,1,1.648,0.842,1.043,1.741,1.372,0.485,1.463,1.312,1.308,1.634,0.509,2.053
19,2,0.476,2.671,0.448,1.869,1.807,1.32,0.404,0.832,1.326,1.379,1.11,1.612
19,3,1.802,1.231,0.612,1.174,1.899,1.521,1.412,0.805,0.845,1.726,1.274,2.242
19,4,1.129,1.122,1.428,1.218,1.439,2.123,0.815,1.353,0.939,1.772,1.522,2.151
19,5,0.846,0.602,1.402,1.035,0.918,1.122,1.718,1.425,1.568,1.403,1.646,0.658
19,6,1.622,1.138,1.608,1.038,0.235,1.307,1.144,2.101,1.511,0.53,0.407,1.054
19,7,1.323,2.56,0.705,1.691,1.486,0.423,1.484,0.6,1.164,1.504,1.31,1.118
19,8,0.057,1.672,1.754,1.23,1.245,1.063,2.088,1.078,1.228,1.711,1.35,1.646
19,9,1.107,2.111,0.571,0.823,0.897,0.447,1.321,1.012,1.174,0.853,1.109,1.479
19,10,1.392,0.879,1.499,0.599,1.362,0.829,1.743,1.531,1.315,1.197,1.871,1.532
19,11,1.261,1.729,1.245,1.223,1.461,1.321,1.437,1.446,1.734,1.125,1.156,2.406
19,12,0.899,1.014,1.531,1.611,2.695,0.745,1.206,1.339,0.602,1.79,1.003,1.429
19,13,1.216,0.569,0.271,0.78,1.319,1.467,1.3,1.265,0.0,1.302,1.047,1.583
19,14,1.063,1.026,1.443,1.296,1.644,0.699,0.908,0.102,0.137,1.735,1.973,0.36
19,15,1.07,1.811,1.844,1.907,1.372,0.531,1.277,1.237,1.732,0.964,0.79,2.106
19,16,1.789,1.706,0.975,1.126,1.954,1.418,1.251,0.03,0.903,0.65,0.527,1.541
19,17,0.999,0.556,1.097,0.687,0.573,0.992,1.588,1.214,0.964,0.662,1.748,1.263
19,18,0.661,0.8,1.612,1.347,2.188,1.383,1.923,0.54,0.735,1.689,1.234,1.193
19,19,23.374,7.422,3.899,3.801,5.332,1.932,14.266,4.475,4.445,4.565,2.833,6.047
19,20,24.193,10.531,5.385,4.771,4.355,3.218,14.527,5.905,4.876,3.721,3.029,7.97
19,21,21.677,10.331,3.786,2.962,6.651,2.446,12.583,4.513,3.05,4.144,1.528,4.428
19,22,25.739,11.124,3.525,4.137,7.794,3.364,14.77,6.079,4.926,1.568,2.298,5.554
19,23,25.296,7.685,4.102,5.129,5.754,2.474,11.691,6.141,5.357,2.577,2.159,6.083
19,24,24.126,10.416,3.183,3.032,6.655,3.443,12.315,5.676,4.067,3.171,1.785,5.94
19,25,23.114,8.369,4.174,3.516,6.508,2.435,14.713,4.181,4.111,2.381,3.419,6.997
19,26,20.119,9.722,4.138,4.63,6.723,3.262,12.608,5.076,3.801,2.452,2.349,7.158
19,27,23.894,11.269,4.864,4.313,7.735,1.883,11.849,3.7,3.74,3.328,2.352,5.782
19,28,22.232,6.416,3.903,3.885,8.321,2.564,12.483,5.349,5.194,2.731,4.691,6.607
19,29,26.579,9.821,4.447,3.308,6.756,4.232,10.699,5.828,4.608,4.588,2.301,4.961
19,30,24.022,7.756,3.495,5.332,4.892,2.33,12.845,6.982,3.371,3.644,2.039,5.04
19,31,27.614,8.085,2.847,4.094,4.564,2.946,12.437,5.93,4.73,2.526,1.842,4.887
19,32,1.432,1.327,0.018,1.026,1.196,1.623,1.271,0.978,1.209,1.798,0.674,1.307
19,33,1.315,0.369,1.571,1.839,0.75,1.678,1.202,1.512,1.712,0.467,1.972,2.298
19,34,1.478,0.925,1.42,1.649,1.932,1.966,1.54,0.0,1.523,0.64,1.608,0.769
19,35,1.58,1.373,0.988,1.271,1.866,1.572,1.583,1.465,0.944,0.677,0.782,0.845
19,36,1.543,1.61,1.379,1.211,0.649,1.357,1.37,1.94,0.555,1.256,1.14,0.628
19,37,1.704,1.152,0.877,1.388,2.09,1.432,0.705,0.715,0.996,1.71,0.834,1.095
19,38,1.966,1.295,0.912,1.889,1.181,2.283,1.263,1.893,0.848,1.78,0.865,1.356
19,39,1.738,0.783,0.346,2.164,1.495,1.264,0.982,1.29,1.21,1.048,1.065,1.432
19,40,0.707,1.258,1.8,1.519,1.45,1.429,0.995,0.565,1.923,0.75,1.056,1.613
19,41,1.056,1.662,2.07,2.191,1.541,0.777,0.529,1.452,0.705,1.377,1.437,2.123
19,42,1.14,1.58,1.331,1.268,1.634,1.396,1.27,1.584,2.223,1.094,0.861,1.37
19,43,1.182,2.06,0.72,2.162,0.877,1.739,1.289,1.221,0.0,2.105,0.355,1.886
19,44,0.516,1.57,1.887,1.82,1.586,1.826,0.772,0.813,2.013,2.801,1.448,0.645
19,45,1.265,1.121,1.776,0.734,0.555,0.54,1.601,1.483,0.576,1.055,1.118,2.127
19,46,1.334,0.678,0.273,1.541,0.153,1.645,1.258,1.305,0.779,2.048,2.117,1.966
19,47,1.859,1.006,1.814,1.299,0.977,2.264,1.182,0.972,1.349,1.614,1.513,1.806
19,48,0.432,2.426,1.359,1.02,1.695,1.369,1.605,1.263,1.318,0.213,1.095,1.098
19,49,1.069,1.764,1.742,1.085,0.247,1.387,0.306,1.437,1.893,1.127,2.103,1.057
19,50,0.294,1.203,1.245,0.862,1.746,0.571,1.624,0.555,1.691,0.627,0.494,1.179
20,1,1.147,1.402,0.87,1.039,0.265,0.936,1.31,1.462,1.529,1.022,1.289,0.247
20,2,0.309,0.187,0.407,1.139,1.151,1.018,1.365,2.072,1.808,1.796,0.786,1.549
20,3,0.635,1.833,1.308,0.725,0.844,1.519,0.61,1.326,1.533,0.732,0.801,0.945
20,4,1.061,0.632,1.513,1.956,0.545,1.448,1.734,1.91,1.73,1.255,0.912,0.616
20,5,0.477,1.328,0.201,1.394,0.535,1.223,1.505,0.539,1.472,2.002,1.282,1.554
20,6,1.012,1.469,1.547,1.096,1.456,1.304,1.102,2.045,1.228,1.825,1.799,1.361
20,7,0.906,1.427,0.662,0.473,1.716,1.042,1.224,0.941,2.089,2.056,1.063,1.503
20,8,1.433,1.417,1.24,1.968,1.959,2.341,1.41,1.714,1.952,0.765,1.629,2.443
20,9,1.858,0.449,1.708,0.628,1.39,0.867,1.079,2.116,1.16,1.706,1.806,1.664
20,10,1.911,0.908,0.978,1.887,0.956,1.047,1.744,2.134,1.712,0.809,0.631,1.918
20,11,0.98,1.183,2.079,2.135,1.255,0.532,1.212,0.616,0.68,1.674,0.719,0.779
20,12,1.973,1.219,1.219,1.271,1.585,1.067,0.948,1.014,0.673,1.327,1.458,0.486
20,13,1.476,0.936,2.051,1.748,1.479,1.349,1.613,1.851,0.673,2.071,0.683,0.087
20,14,1.857,2.027,2.473,1.002,1.334,1.317,2.016,1.132,0.871,1.578,1.657,1.263
20,15,0.758,1.746,0.588,0.865,1.752,0.526,1.523,0.357,1.512,0.98,2.357,1.3
20,16,1.015,1.628,0.56,1.261,0.538,0.78,1.194,0.574,2.333,1.977,0.39,1.624
20,17,1.725,2.362,2.451,0.668,2.102,0.801,1.407,1.402,1.758,0.846,0.852,1.513
20,18,9.847,4.631,0.924,2.458,1.055,2.262,8.245,5.743,4.889,1.162,2.943,3.368
20,19,22.656,8.877,3.997,4.794,5.482,2.212,15.308,5.913,3.824,3.681,2.375,5.406
20,20,20.695,7.899,5.553,3.844,5.231,2.767,11.848,4.91,2.513,3.575,3.167,5.416
20,21,23.42,9.24,4.923,2.936,5.909,3.701,12.839,5.944,5.736,2.073,2.186,5.482
20,22,24.471,11.293,4.023,3.797,7.247,2.323,15.384,4.18,3.924,3.945,2.042,6.644
20,23,22.013,7.941,3.695,4.025,3.517,2.557,14.566,2.989,4.113,3.285,2.414,5.915
20,24,21.475,8.325,5.154,4.852,5.068,2.44,11.882,4.859,3.436,3.606,2.562,7.086
20,25,23.205,9.411,5.498,5.987,4.646,3.462,13.572,4.786,5.768,3.93,2.996,5.933
20,26,23.083,8.788,5.105,4.371,4.037,2.406,12.29,5.327,3.762,2.407,2.364,6.634
20,27,24.196,8.974,5.327,4.143,6.984,2.645,15.838,5.174,4.669,2.969,1.331,5.767
20,28,24.326,9.52,3.531,5.266,7.774,2.097,12.783,6.379,2.98,2.222,3.569,7.078
20,29,21.102,10.078,3.693,3.296,6.05,2.456,12.489,4.805,5.399,3.424,3.154,6.333
20,30,21.82,7.615,4.219,3.195,6.127,2.274,11.111,4.896,4.029,3.098,3.234,6.146
20,31,24.55,6.951,5.054,3.138,6.16,2.328,13.829,3.226,5.059,3.92,3.022,6.105
20,32,9.516,4.542,0.292,5.186,1.786,2.363,5.234,4.857,4.037,2.209,1.783,3.678
20,33,1.49,1.084,1.335,2.34,0.372,2.261,1.59,0.879,2.365,1.205,1.449,0.652
20,34,1.385,2.34,1.417,1.231,0.932,0.8,1.255,1.974,0.762,0.861,1.408,0.361
20,35,1.573,1.992,2.146,1.227,0.986,1.515,1.182,1.438,1.6,1.176,0.569,1.925
20,36,1.71,1.139,1.469,1.185,1.287,1.853,1.627,0.985,1.403,0.747,0.641,1.112
20,37,1.149,1.499,1.565,1.429,0.945,0.591,1.04,0.177,1.191,0.639,2.149,1.33
20,38,1.763,1.073,1.196,2.156,1.669,0.643,0.458,0.521,1.092,0.27,0.723,1.984
20,39,1.11,0.379,1.982,0.556,0.873,1.446,1.505,1.947,1.138,1.071,1.304,0.987
20,40,0.424,1.316,1.708,1.526,0.876,1.166,1.662,2.712,1.757,1.894,1.018,1.515
20,41,1.823,1.274,1.25,0.844,0.636,1.398,1.091,0.535,0.7,1.759,1.983,2.125
20,42,1.851,1.488,0.989,1.078,1.082,0.2,1.893,1.434,0.861,0.759,2.158,0.746
20,43,2.092,0.535,0.81,1.103,1.934,1.999,0.815,1.383,0.999,1.212,0.74,0.87
20,44,1.437,0.889,1.454,0.966,1.199,0.509,1.62,1.084,1.041,1.259,2.107,1.177
20,45,1.223,1.591,1.85,1.33,0.402,1.737,1.207,1.137,1.352,1.065,1.363,2.213
20,46,0.51,0.956,0.276,0.657,0.779,2.032,1.104,1.464,0.0,1.569,0.66,0.931
20,47,1.843,1.117,0.767,2.209,2.291,0.328,0.933,0.791,1.439,2.37,1.417,1.57
20,48,2.392,0.509,1.421,1.251,1.163,1.388,2.316,0.642,0.823,2.153,1.055,2.056
20,49,0.753,1.179,0.466,1.064,1.771,0.985,0.986,1.327,0.477,1.267,0.512,1.817
20,50,0.447,0.035,1.557,0.793,1.471,0.86,1.074,0.927,0.976,1.326,2.421,0.368
21,1,1.419,0.768,1.548,1.52,1.071,1.882,0.898,0.663,1.361,0.791,1.643,2.388
21,2,1.139,0.628,1.446,1.092,1.076,1.268,1.093,1.675,1.149,0.436,0.603,1.466
21,3,1.156,0.722,1.354,0.957,1.685,1.928,0.898,0.26,1.04,1.761,1.463,1.16
21,4,1.843,1.096,1.401,1.815,1.827,1.29,1.045,1.667,1.788,1.221,1.499,2.182
21,5,1.331,1.21,1.347,0.914,1.895,0.351,1.746,1.57,0.63,1.688,1.198,0.67
21,6,1.25,1.041,1.644,2.404,1.355,1.537,1.994,1.121,1.903,1.922,0.649,1.152
21,7,1.72,1.181,0.53,0.618,0.691,1.644,1.555,1.806,0.368,2.143,2.036,1.622
21,8,0.982,1.373,0.969,1.196,1.48,1.902,1.191,1.819,1.839,1.065,0.387,0.028
21,9,0.944,1.288,2.132,0.86,1.892,1.152,1.867,1.484,0.919,1.652,0.976,1.964
21,10,2.176,0.655,2.03,1.154,1.403,0.846,1.705,1.366,0.85,2.17,0.645,2.195
21,11,1.005,2.211,0.997,0.842,1.95,0.928,1.383,0.965,1.014,0.62,0.976,1.548
21,12,1.916,1.841,0.869,0.876,1.402,1.448,1.063,1.22,2.304,1.558,1.795,1.614
21,13,0.299,1.451,1.836,0.565,1.577,0.74,1.207,1.458,1.927,0.903,0.823,1.728
21,14,2.345,1.465,1.631,0.973,0.872,0.887,0.483,1.947,1.383,1.704,0.441,1.697
21,15,1.632,1.661,0.478,1.351,1.055,0.943,1.996,1.227,0.319,0.785,1.234,0.814
21,16,1.775,1.537,1.364,2.008,0.611,1.113,1.387,0.963,2.253,1.022,1.591,1.526
21,17,0.597,0.636,0.937,1.114,1.77,1.713,0.738,0.766,1.034,1.004,1.37,1.864
21,18,11.329,5.717,1.149,3.672,0.341,2.45,8.453,6.385,4.736,1.351,2.777,3.907
21,19,10.467,4.345,1.232,4.848,1.539,2.973,6.633,4.459,4.215,0.941,2.566,2.045
21,20,21.959,9.126,4.41,3.198,5.149,0.856,10.924,5.859,3.347,2.475,2.615,4.617
21,21,22.632,8.468,4.084,4.725,5.17,3.198,14.87,3.867,3.724,1.849,3.241,7.583
21,22,22.38,11.54,3.884,4.095,5.838,3.319,15.44,4.442,4.829,3.993,2.584,6.744
21,23,25.578,10.357,3.523,3.587,6.084,2.0,14.869,7.033,4.809,3.231,3.127,6.739
21,24,23.804,9.183,4.741,4.261,4.432,3.612,12.613,4.231,3.423,1.825,2.693,6.473
21,25,27.003,10.134,4.105,3.539,5.09,1.88,16.287,5.571,3.497,2.961,1.865,5.626
21,26,22.04,9.279,3.386,3.617,5.126,2.086,14.462,4.937,3.284,4.095,2.467,6.091
21,27,22.642,6.246,3.33,3.802,7.524,3.745,11.84,3.806,3.093,1.881,3.806,5.48
21,28,24.828,7.806,4.436,4.414,5.782,4.08,13.179,5.67,5.301,1.662,3.414,7.406
21,29,22.356,8.086,3.458,4.601,6.386,3.842,12.664,4.367,3.552,2.449,2.279,5.529
21,30,26.056,8.451,4.976,4.973,6.711,2.598,14.739,5.785,4.23,2.113,3.396,8.598
21,31,10.197,5.86,0.956,5.129,1.714,2.939,5.87,4.422,4.96,0.8,1.785,3.029
21,32,9.323,7.468,1.839,4.738,1.286,2.911,8.239,4.735,3.865,1.693,1.899,2.169
21,33,0.844,1.615,2.009,1.956,1.074,1.052,0.719,1.647,1.672,1.221,1.954,1.231
21,34,2.405,1.725,1.814,0.812,0.914,1.183,1.606,1.701,0.722,1.998,1.874,0.578
21,35,1.512,0.942,2.166,1.527,0.968,0.85,0.521,1.211,1.542,0.916,1.21,1.604
21,36,0.369,0.796,0.4,1.452,2.357,1.826,0.559,1.29,0.578,1.398,2.182,0.22
21,37,0.524,1.365,1.262,3.056,0.328,1.324,1.147,1.421,1.505,0.987,1.141,1.363
21,38,0.686,1.656,0.88,0.561,0.486,1.871,1.174,1.068,1.482,1.467,1.637,1.868
21,39,0.68,0.667,0.199,1.17,2.054,0.31,1.0,0.653,0.842,1.35,1.54,1.929
21,40,0.354,1.935,1.832,1.149,1.458,2.38,1.195,0.829,1.29,1.384,1.732,0.708
21,41,0.968,1.281,1.075,0.696,0.398,0.963,0.95,1.188,0.576,1.496,2.469,0.939
21,42,0.674,0.906,0.865,1.28,1.482,0.888,1.585,2.375,1.01,1.608,1.728,1.836
21,43,1.258,0.874,0.471,1.72,1.149,0.773,0.539,1.069,1.507,1.709,1.407,0.618
21,44,2.384,0.425,1.622,1.024,2.157,1.294,1.803,0.582,1.222,1.265,0.639,1.108
21,45,1.604,2.092,1.309,1.543,0.733,1.245,1.543,1.467,0.429,1.902,0.788,1.28
21,46,1.38,0.0,1.03,0.014,1.865,1.56,1.279,0.542,1.121,0.148,0.884,1.858
21,47,1.23,1.902,1.799,1.703,1.244,1.104,0.494,1.96,1.082,2.197,1.057,1.555
21,48,1.549,0.82,1.238,1.084,0.984,1.774,0.998,1.617,1.115,2.912,2.391,1.589
21,49,1.887,1.065,1.445,1.649,1.267,0.241,1.486,0.3,0.716,1.55,1.564,1.601
21,50,1.666,1.301,0.656,1.334,1.828,1.766,1.205,1.893,1.264,1.524,0.515,1.98
22,1,1.858,1.093,0.682,1.447,0.623,1.501,0.29,0.344,1.364,1.888,1.014,0.542
22,2,0.856,1.132,1.067,1.638,1.785,1.569,1.081,0.848,0.382,0.996,0.359,1.42
22,3,0.928,0.701,1.812,0.726,1.152,1.835,1.307,1.711,0.961,1.211,1.965,2.203
22,4,1.213,0.759,0.998,1.564,1.668,1.732,1.487,0.636,1.928,1.197,0.0,0.897
22,5,1.342,1.365,2.17,0.556,0.764,0.95,1.531,1.225,2.164,0.502,2.038,0.736
22,6,1.152,1.432,1.817,0.721,0.564,1.24,1.567,0.403,1.278,1.643,0.766,1.801
22,7,1.024,1.054,1.317,1.128,0.527,1.648,1.247,1.919,1.703,0.628,0.282,1.271
22,8,1.684,1.85,1.242,0.55,0.165,1.064,1.109,1.368,1.771,1.221,2.037,0.749
22,9,1.393,0.927,1.197,0.871,1.297,0.912,1.461,2.179,1.004,2.305,0.99,0.647
22,10,0.968,0.861,2.235,0.536,1.324,0.614,1.608,2.077,0.769,1.426,2.426,0.127
22,11,1.261,1.44,0.487,2.351,0.858,1.339,1.766,0.461,1.021,1.186,2.02,1.097
22,12,1.688,1.634,1.645,1.388,1.547,1.258,1.506,1.157,0.821,1.933,0.067,1.745
22,13,1.289,0.92,1.727,1.791,1.454,1.663,0.431,0.748,1.506,1.407,1.511,1.504
22,14,1.306,1.274,0.674,1.383,1.586,1.502,1.587,1.155,0.953,1.294,0.896,1.778
22,15,0.916,2.051,0.702,0.84,1.38,0.59,1.173,0.417,0.612,1.287,0.875,0.912
22,16,0.968,1.196,1.866,0.943,0.498,1.356,1.252,1.542,1.526,0.811,0.885,1.577
22,17,9.976,5.108,1.242,3.964,1.334,2.208,5.766,6.207,4.505,1.724,2.681,3.016
22,18,10.48,6.792,1.107,4.122,2.129,1.39,5.512,6.863,4.055,0.537,3.5,2.922
22,19,11.598,6.545,0.5,3.638,0.522,2.889,8.686,6.433,4.336,0.824,2.647,1.633
22,20,9.917,7.652,0.563,4.374,0.462,2.604,7.125,5.733,3.957,1.729,2.937,2.519
22,21,12.242,5.678,0.664,5.976,2.071,3.551,5.825,4.814,3.461,1.532,2.695,2.931
22,22,24.432,7.983,3.303,3.256,6.676,2.86,13.303,5.855,3.795,2.964,3.905,7.506
22,23,23.47,9.787,3.269,4.379,6.146,2.048,16.248,5.498,4.737,2.997,3.366,5.515
22,24,22.595,7.378,4.612,4.58,6.556,3.605,12.818,4.228,4.895,1.905,2.741,3.953
22,25,24.649,9.089,5.272,3.773,6.292,2.603,13.59,4.864,4.885,2.743,3.111,6.481
22,26,23.504,7.599,4.86,5.029,5.016,2.663,14.528,6.024,5.059,3.062,3.558,4.874
22,27,24.014,10.898,4.01,3.221,7.082,2.191,14.53,5.817,4.846,2.922,2.747,6.231
22,28,23.466,10.063,3.97,3.259,7.149,2.384,13.235,5.999,5.078,3.019,2.514,6.705
22,29,9.516,5.098,1.225,3.816,1.734,2.666,6.118,6.019,5.204,2.306,2.165,4.714
22,30,10.933,5.86,1.603,4.938,0.575,2.927,7.754,5.843,4.798,0.908,3.06,1.803
22,31,10.789,4.489,0.446,5.454,1.711,2.276,6.702,5.306,4.764,1.151,2.552,3.557
22,32,11.983,4.205,1.665,4.713,1.506,3.461,8.014,5.85,3.396,0.318,3.461,3.314
22,33,11.116,4.205,2.21,4.183,0.763,3.007,6.358,5.076,4.228,2.063,3.648,3.065
22,34,1.99,1.271,1.256,1.071,2.263,0.313,0.199,0.247,1.671,1.433,0.601,2.441
22,35,1.63,0.45,0.031,0.909,0.249,1.02,1.4,2.295,1.454,1.982,1.635,1.451
22,36,0.332,0.616,1.642,2.363,1.363,1.539,1.059,1.072,1.167,0.956,2.17,2.584
22,37,0.765,1.184,1.387,0.958,1.363,1.384,2.217,0.597,1.508,1.748,0.0,1.531
22,38,1.556,1.7,0.992,2.506,1.098,1.451,1.397,1.654,1.083,0.652,1.337,1.243
22,39,1.666,1.472,0.953,1.553,0.845,2.008,1.404,1.426,0.334,1.136,0.745,1.363
22,40,2.007,0.447,1.593,1.932,0.998,2.188,1.131,1.828,2.174,0.348,0.608,1.962
22,41,1.855,1.497,2.203,2.092,1.126,1.892,0.861,0.969,0.981,0.854,1.679,0.82
22,42,1.21,1.651,0.787,1.531,1.169,0.519,0.992,0.93,1.193,1.873,0.68,0.765
22,43,0.912,1.003,1.913,1.593,1.569,0.915,2.207,1.291,1.667,1.033,1.542,0.841
22,44,1.703,0.704,0.369,1.416,2.451,0.775,0.456,1.597,1.502,0.585,1.608,0.768
22,45,1.731,1.843,0.523,2.091,1.593,0.419,1.14,1.57,1.224,1.428,1.744,0.491
22,46,1.395,0.572,0.522,1.542,1.733,2.186,0.672,1.786,1.749,0.891,1.456,0.45
22,47,0.808,1.888,1.737,0.984,1.71,1.219,0.951,1.772,1.847,0.862,0.0,1.564
22,48,0.043,0.35,0.694,2.709,2.267,0.794,1.979,0.643,0.172,0.184,2.037,1.717
22,49,1.589,0.339,1.711,1.155,2.21,1.419,0.732,0.331,2.118,0.967,0.602,0.979
22,50,2.272,1.857,1.85,0.988,0.642,1.634,0.937,1.871,0.113,1.427,0.0,0.067
23,1,1.741,1.187,1.475,1.632,1.416,1.467,1.154,2.388,1.431,1.054,1.853,1.203
23,2,1.28,2.33,1.099,1.011,1.952,0.919,1.909,0.842,1.764,1.171,1.306,1.543
23,3,0.546,1.202,0.978,0.785,1.1,0.894,1.529,1.8,1.231,0.694,1.693,2.021
23,4,1.301,0.367,1.425,0.771,1.798,0.538,1.234,1.805,0.339,2.073,0.89,1.374
23,5,0.678,0.78,1.403,0.841,0.856,1.622,1.531,1.913,1.361,0.813,1.659,1.134
23,6,1.689,1.153,1.864,1.416,1.224,1.422,1.685,0.255,0.731,2.051,1.198,1.178
23,7,1.421,0.677,1.999,0.468,1.521,2.533,1.984,1.31,0.844,0.883,0.32,1.338
23,8,2.137,0.709,1.819,0.911,1.248,1.839,0.986,1.097,1.992,1.668,1.397,0.504
23,9,0.817,1.077,0.191,1.404,0.73,1.488,1.146,0.981,1.966,1.308,0.748,0.824
23,10,1.227,1.699,1.231,2.005,0.909,2.237,0.506,1.831,1.893,1.3,0.242,1.887
23,11,0.925,0.902,0.404,1.432,1.464,0.703,0.26,1.105,0.782,1.554,1.265,1.865
23,12,1.715,0.643,1.862,2.172,1.632,0.624,1.153,1.604,1.538,0.875,0.701,1.748
23,13,1.066,0.832,1.106,1.172,1.744,1.672,1.665,2.121,0.719,2.106,1.523,1.371
23,14,2.111,1.133,1.114,1.093,0.976,1.116,0.461,0.725,1.922,1.226,2.076,1.423
23,15,0.765,0.458,1.427,0.444,1.947,0.631,0.903,1.663,2.53,1.154,1.458,1.148
23,16,1.096,2.592,1.3,0.962,0.963,0.713,0.945,1.232,1.014,1.402,1.24,0.755
23,17,12.075,5.417,1.079,3.442,1.313,3.371,6.73,5.01,4.337,1.445,1.374,4.274
23,18,11.927,3.721,1.384,4.221,1.128,1.706,6.883,4.534,3.65,1.118,2.943,2.896
23,19,11.748,5.094,0.775,5.024,1.911,1.805,6.093,5.094,4.398,1.533,2.091,3.492
23,20,11.356,5.201,1.255,5.051,1.099,1.414,7.392,5.446,4.581,1.348,2.074,3.707
23,21,13.661,7.434,2.354,4.401,0.982,1.641,5.443,5.804,3.774,0.691,3.422,3.53
23,22,12.609,7.598,0.78,4.26,1.334,3.191,8.391,3.929,4.091,1.012,3.442,4.507
23,23,11.985,6.896,0.597,4.588,0.376,2.279,5.582,6.067,4.004,2.041,1.924,3.823
23,24,9.525,6.981,1.532,4.468,0.651,3.373,6.44,6.004,3.748,1.866,2.254,3.144
23,25,23.073,8.024,4.755,4.691,7.841,2.724,14.608,5.606,3.547,3.441,2.38,5.495
23,26,11.916,6.662,0.569,4.449,1.934,3.35,6.337,6.101,4.452,2.526,2.141,3.017
23,27,9.771,7.015,0.349,2.726,0.966,3.176,7.642,5.519,3.596,1.645,2.841,2.474
23,28,10.292,6.07,1.341,5.59,0.567,2.383,8.145,6.186,5.114,0.993,2.094,2.836
23,29,12.542,5.991,1.831,5.435,1.778,1.812,7.766,5.668,5.145,1.104,2.19,1.531
23,30,11.233,6.097,1.523,4.784,0.52,2.789,4.2,4.078,4.483,2.016,3.152,3.187
23,31,11.464,6.253,0.487,4.658,1.435,3.171,7.296,4.455,2.797,2.372,3.041,4.054
23,32,11.236,6.179,1.93,4.644,0.684,2.713,7.605,3.719,4.015,0.681,2.885,3.653
23,33,10.279,5.344,0.502,5.236,1.476,2.652,7.665,5.749,3.518,1.562,2.91,3.312
23,34,1.739,1.931,1.103,1.495,1.213,1.327,1.296,0.689,0.973,1.616,0.852,2.368
23,35,1.182,1.525,0.549,0.474,1.607,1.35,1.134,0.696,1.116,1.608,2.157,0.779
23,36,0.63,1.022,1.99,2.263,0.75,1.621,1.139,1.628,1.647,2.077,1.841,1.739
23,37,1.797,0.859,1.826,1.434,1.286,1.225,0.524,1.562,1.422,1.173,1.373,1.105
23,38,1.452,1.584,1.217,0.465,1.797,0.833,1.521,1.576,0.564,2.325,1.474,1.289
23,39,1.728,1.629,1.036,0.853,0.886,1.816,1.583,1.155,2.311,0.715,1.003,0.775
23,40,1.078,2.234,2.178,0.793,1.496,0.676,0.538,1.243,1.731,2.078,1.521,2.192
23,41,2.055,0.65,1.354,0.824,1.252,0.768,1.923,0.548,0.447,1.392,1.664,1.191
23,42,1.426,1.393,0.928,1.289,2.081,1.709,2.448,1.924,1.511,2.234,0.647,0.771
23,43,1.199,1.585,1.113,0.787,1.25,1.772,0.64,0.912,2.06,1.339,1.089,0.713
23,44,0.889,1.856,1.841,1.483,1.616,1.268,1.801,0.735,0.937,1.393,1.707,1.884
23,45,1.06,1.636,2.031,0.932,1.273,1.068,0.732,0.573,0.311,1.328,1.136,0.695
23,46,1.551,0.747,1.92,1.497,1.2,2.437,1.412,0.329,1.532,0.685,1.358,0.373
23,47,0.926,1.31,0.245,0.002,1.018,0.786,1.55,0.334,1.198,0.7,1.826,1.419
23,48,1.099,1.314,0.628,2.128,1.894,1.363,0.453,0.644,0.447,0.71,1.691,1.055
23,49,2.406,0.353,0.937,0.956,0.181,2.331,0.679,0.77,1.356,0.009,1.553,0.982
23,50,0.516,1.61,1.317,1.793,1.626,0.21,1.981,1.543,1.382,0.0,1.816,1.242
24,1,1.718,1.224,1.796,0.0,0.873,0.791,1.711,1.194,1.939,1.658,1.244,1.243
24,2,0.973,0.61,0.908,1.279,1.277,1.705,1.697,1.685,1.247,1.877,1.754,0.921
24,3,1.39,0.68,0.905,1.063,0.862,1.061,1.961,0.987,0.877,1.565,1.537,1.869
24,4,1.714,0.88,1.819,1.808,1.029,1.157,1.986,1.393,0.82,1.077,1.291,1.299
24,5,1.689,1.292,1.281,1.215,0.551,1.18,1.128,1.193,1.202,1.583,1.62,1.472
24,6,1.196,1.017,0.662,0.467,0.599,0.99,1.356,1.594,1.279,1.536,0.703,1.059
24,7,0.559,1.244,1.514,1.36,1.126,0.698,1.785,1.592,1.341,2.105,2.123,0.747
24,8,0.482,1.597,2.022,0.836,1.126,1.911,1.611,0.777,0.993,2.262,1.058,1.197
24,9,0.711,1.606,1.23,1.469,0.864,0.876,1.625,1.1,2.304,1.134,1.815,1.757
24,10,1.475,1.51,0.161,0.934,1.61,1.161,2.066,1.477,1.086,0.257,1.954,1.721
24,11,1.069,1.088,0.964,0.988,1.173,1.843,0.442,1.705,0.78,0.821,0.743,1.688
24,12,2.105,0.917,1.376,1.476,1.359,1.009,1.121,1.033,0.324,0.998,1.687,0.813
24,13,1.936,1.174,1.051,1.86,1.531,2.109,1.495,1.419,0.438,0.598,0.761,0.238
24,14,1.859,0.697,1.131,0.063,1.177,1.29,1.494,0.742,2.029,1.67,0.515,1.65
24,15,1.664,1.91,1.667,0.704,1.579,1.398,0.552,1.164,0.713,1.304,1.228,1.277
24,16,10.909,5.294,1.098,4.823,1.245,2.925,7.758,5.683,4.75,2.169,2.448,4.169
24,17,10.205,4.194,1.597,3.995,1.076,1.727,5.683,4.55,3.878,1.145,2.906,2.244
24,18,11.992,5.157,1.036,4.472,2.05,2.103,6.337,5.755,3.839,1.448,2.077,2.544
24,19,10.294,6.471,1.295,5.091,1.267,2.757,6.412,3.648,3.949,2.187,3.07,3.089
24,20,9.297,5.855,1.575,5.301,1.433,3.154,6.711,3.272,5.54,1.324,2.993,3.133
24,21,12.489,7.259,0.894,4.182,1.457,2.992,8.937,5.893,4.609,0.722,3.4,2.753
24,22,11.985,6.463,1.06,4.871,1.413,1.968,6.715,5.689,4.143,1.21,3.661,3.91
24,23,11.888,5.778,2.035,4.739,0.612,2.595,7.216,5.189,5.508,1.688,1.914,2.109
24,24,12.021,3.771,1.607,4.839,0.56,2.655,7.015,3.947,4.613,1.783,2.132,2.918
24,25,12.062,7.368,0.2,3.887,1.518,2.712,6.88,4.431,2.954,1.002,2.5,4.81
24,26,12.067,7.54,0.646,4.904,0.859,3.83,6.972,7.168,4.185,0.679,2.613,3.6
24,27,11.713,4.751,0.558,2.898,1.162,2.741,6.913,3.277,3.963,1.769,3.053,2.178
24,28,8.852,5.629,1.382,4.298,1.343,2.296,5.94,3.927,3.347,0.693,2.247,3.088
24,29,8.695,6.093,0.782,4.043,0.631,2.61,6.271,4.584,4.503,1.437,1.857,2.654
24,30,13.974,6.536,1.258,3.764,0.659,2.511,7.347,4.412,3.872,2.169,3.246,4.365
24,31,8.965,6.105,1.393,4.359,1.26,3.427,7.018,4.296,3.084,1.486,2.597,3.193
24,32,10.049,4.036,1.619,4.768,0.732,1.894,6.921,5.598,3.404,0.632,4.291,2.626
24,33,12.708,5.467,1.795,3.891,1.767,2.43,7.775,3.931,4.63,1.714,4.023,2.513
24,34,10.638,5.31,2.111,3.664,1.876,3.376,7.258,4.959,3.716,0.564,1.265,3.22
24,35,1.827,1.193,0.927,1.761,1.059,1.341,1.333,1.527,1.6,0.728,1.415,1.534
24,36,1.234,0.947,1.386,1.227,0.247,1.827,1.605,1.032,0.716,0.087,1.73,1.692
24,37,0.772,2.6,1.295,1.652,0.114,1.781,1.771,1.135,1.664,0.702,1.427,1.865
24,38,0.89,0.525,0.132,0.584,0.423,0.958,0.192,2.166,1.93,1.868,0.939,1.018
24,39,1.689,2.126,0.826,0.539,1.286,0.606,1.369,1.05,1.927,1.613,1.611,0.69
24,40,1.748,1.548,1.199,0.791,0.0,1.317,1.956,1.336,1.583,0.882,2.009,1.07
24,41,0.236,1.015,1.928,1.284,1.271,0.839,0.916,0.925,0.721,0.575,0.996,2.45
24,42,0.736,1.867,1.485,2.242,1.591,1.237,0.565,1.377,0.648,2.444,0.854,1.252
24,43,0.351,1.628,0.629,1.254,0.893,0.998,1.682,1.054,0.774,0.582,1.651,1.865
24,44,1.083,1.129,0.852,1.306,0.49,1.474,1.924,1.651,0.773,1.565,0.831,1.0
24,45,2.186,1.781,0.745,1.803,1.488,1.085,0.642,1.769,1.657,0.747,1.986,0.51
24,46,1.736,1.047,1.608,1.502,1.244,2.105,1.724,0.465,0.473,2.27,1.06,1.805
24,47,1.246,1.634,0.992,1.679,2.099,1.48,1.637,1.647,1.587,1.753,1.208,1.416
24,48,1.71,1.908,1.855,1.964,0.742,1.101,1.758,0.877,1.755,1.23,1.985,1.247
24,49,1.959,1.752,1.675,1.117,0.985,1.443,0.78,1.654,2.111,0.17,0.611,0.787
24,50,2.35,0.507,1.524,1.07,0.581,0.886,0.489,0.55,0.461,1.607,1.343,1.312
25,1,1.53,1.294,0.691,2.558,0.639,1.942,1.035,1.001,0.306,1.546,0.795,0.617
25,2,1.849,0.519,1.27,0.841,1.014,0.636,1.79,1.974,1.747,1.571,1.259,2.018
25,3,0.269,0.487,1.526,1.555,1.731,1.572,1.085,0.99,1.159,1.833,1.672,1.413
25,4,2.241,1.203,0.859,1.28,0.431,0.863,1.015,1.389,1.484,1.137,1.052,1.14
25,5,1.531,0.592,0.487,0.743,1.276,1.398,1.694,1.676,0.633,1.514,1.905,1.083
25,6,0.89,2.615,0.934,0.274,0.143,0.929,1.907,0.814,1.224,0.448,1.814,1.254
25,7,0.34,0.0,1.777,0.067,0.727,0.901,0.647,1.65,1.354,1.022,1.129,0.539
25,8,0.974,1.315,0.452,1.734,0.897,0.977,0.826,1.705,1.827,1.165,0.807,1.339
25,9,1.187,0.485,1.745,1.361,0.87,1.122,1.384,1.96,0.822,1.465,1.172,0.69
25,10,0.411,1.637,0.876,1.171,1.511,0.855,1.319,1.166,1.523,1.634,1.661,1.326
25,11,0.407,1.265,0.539,1.481,1.127,0.908,0.874,1.011,1.592,0.876,0.742,1.802
25,12,1.862,1.004,1.553,2.06,1.583,1.89,1.577,0.281,0.918,2.109,1.067,0.642
25,13,1.616,0.803,2.394,2.068,1.313,1.143,0.196,0.539,1.891,1.465,1.037,1.781
25,14,2.026,1.609,1.677,1.732,2.046,1.388,0.597,1.756,0.457,1.349,1.499,1.937
25,15,1.215,1.315,0.49,0.346,1.97,1.164,0.884,1.034,0.655,2.395,1.585,0.803
25,16,10.41,6.017,1.908,3.932,1.787,3.215,7.202,5.072,3.219,0.496,2.113,3.466
25,17,12.017,3.887,0.833,3.565,1.423,2.697,5.282,4.699,3.444,1.525,3.957,2.991
25,18,10.076,7.03,1.868,4.615,1.312,1.9,7.039,4.488,3.714,1.548,2.714,3.946
25,19,12.775,4.472,1.898,4.569,1.849,3.928,5.693,4.244,3.358,1.166,3.72,2.597
25,20,10.016,5.55,1.27,3.879,1.365,3.08,6.129,5.955,3.658,0.886,1.555,1.563
25,21,10.05,6.17,0.342,4.147,1.065,2.127,6.93,4.564,2.6,1.11,3.008,2.404
25,22,9.662,5.99,0.87,4.842,1.079,2.88,6.049,4.855,4.462,1.671,2.399,4.036
25,23,13.488,5.222,0.911,3.381,1.708,2.688,7.305,4.436,4.722,1.136,1.379,3.688
25,24,8.858,3.657,0.844,3.54,0.937,2.951,7.44,6.645,3.844,1.955,1.351,4.332
25,25,9.566,6.171,1.788,4.683,2.003,2.189,7.559,5.804,4.582,0.677,2.862,4.028
25,26,10.817,6.557,1.486,2.869,1.208,1.454,5.714,5.229,3.543,0.641,2.766,4.265
25,27,10.623,6.49,1.355,3.734,1.515,2.593,7.431,6.275,3.805,1.144,1.408,2.572
25,28,11.235,6.108,0.79,4.438,1.905,2.645,6.158,6.07,3.878,0.664,2.983,3.316
25,29,13.28,7.658,0.234,4.121,1.276,2.684,8.309,5.023,4.609,0.703,3.146,3.474
25,30,10.733,8.118,2.106,5.362,1.731,3.521,8.132,6.526,4.548,1.338,1.878,3.438
25,31,11.213,4.726,1.553,3.097,0.781,2.519,6.688,5.971,5.477,1.776,2.044,4.554
25,32,10.562,5.065,1.738,4.239,1.39,2.391,8.146,5.047,2.956,1.762,3.191,5.033
25,33,12.484,5.006,0.9,3.284,0.864,3.575,8.021,5.67,4.937,1.171,2.881,2.676
25,34,11.607,4.261,0.82,4.201,1.167,3.594,7.72,5.058,4.557,1.328,3.581,2.834
25,35,1.49,1.37,2.42,1.187,0.832,0.896,1.292,0.99,1.803,0.937,1.106,1.559
25,36,0.885,0.671,1.24,0.976,1.728,1.837,0.174,0.861,1.288,0.445,1.683,1.319
25,37,8.811,0.786,1.736,0.723,1.889,5.227,5.079,0.425,8.067,1.633,8.823,1.368
25,38,10.076,1.193,0.71,1.024,0.28,5.731,5.405,1.372,7.741,1.904,8.974,2.262
25,39,8.091,1.352,1.678,1.137,1.251,5.279,4.844,1.596,7.274,1.81,9.663,0.815
25,40,10.383,1.423,0.572,1.228,2.303,4.678,5.676,0.313,7.408,0.624,7.338,0.247
25,41,9.403,0.849,1.161,1.598,0.675,5.023,4.914,0.731,6.912,0.386,8.327,1.322
25,42,9.93,1.176,1.829,1.945,1.206,6.876,5.617,1.07,6.9,1.354,9.111,1.842
25,43,7.488,0.797,0.206,1.593,0.741,4.161,5.369,0.783,5.175,0.942,9.935,0.597
25,44,9.408,0.521,0.573,1.989,1.76,5.1,3.686,1.773,5.748,1.461,7.85,0.513
25,45,8.514,1.4,0.975,0.542,0.556,6.062,5.197,1.02,6.399,2.029,7.668,0.069
25,46,7.884,1.034,1.506,1.186,1.829,5.917,6.414,2.183,8.391,0.081,7.781,0.896
25,47,8.872,1.624,0.688,1.882,1.856,4.466,6.085,1.223,8.467,2.652,8.192,1.234
25,48,8.302,1.656,1.643,1.174,0.506,6.618,5.06,1.459,7.165,1.18,8.98,0.104
25,49,0.804,1.122,1.163,1.182,1.209,1.4,1.907,1.344,1.651,1.404,0.45,1.418
25,50,0.637,1.708,1.167,1.963,1.396,2.103,0.833,0.992,0.698,0.461,1.193,1.388
26,1,0.975,1.007,0.952,1.245,1.063,1.478,1.264,2.013,0.492,0.825,1.081,1.395
26,2,1.689,0.905,1.022,0.071,1.588,1.149,1.827,0.742,1.9,1.885,0.813,1.787
26,3,1.212,1.984,0.277,1.224,1.267,1.483,0.603,0.832,1.727,1.348,1.374,2.041
26,4,1.062,0.0,1.378,1.3,1.599,0.63,0.695,1.479,1.496,1.436,0.88,0.927
26,5,1.515,0.94,1.881,1.4,2.037,1.566,1.625,0.785,1.613,2.004,0.422,1.052
26,6,1.563,2.137,2.212,0.819,1.689,2.019,0.523,0.388,0.658,1.414,1.514,0.925
26,7,1.649,1.782,0.499,0.669,0.878,2.687,1.503,1.936,0.427,0.769,2.44,1.399
26,8,0.443,2.106,1.427,0.897,0.665,2.195,1.192,0.316,0.399,1.739,1.45,0.287
26,9,1.903,2.087,0.096,1.285,1.665,1.641,1.329,1.191,0.983,1.37,1.331,2.086
26,10,0.832,1.531,1.137,1.275,0.942,1.267,1.876,1.962,1.885,1.553,2.107,1.715
26,11,0.414,1.106,1.3,1.256,1.959,1.312,2.255,2.182,1.609,1.379,0.939,1.997
26,12,1.132,1.028,1.562,1.451,1.434,1.984,0.848,1.817,1.991,1.538,0.927,0.561
26,13,1.319,1.044,1.988,2.336,1.19,2.163,1.035,0.498,1.264,1.399,1.616,0.685
26,14,0.188,1.648,1.25,2.017,1.224,1.161,1.315,1.461,0.716,0.0,1.544,0.772
26,15,1.867,0.491,1.462,1.39,1.441,1.934,0.89,1.585,1.115,0.95,1.72,0.863
26,16,11.525,6.322,1.391,4.324,1.284,1.852,7.715,4.838,3.617,0.291,1.815,2.601
26,17,11.551,4.128,1.648,4.719,0.782,3.605,8.563,6.063,4.606,1.6,2.951,4.8
26,18,13.023,6.432,2.071,5.352,1.845,2.581,7.016,5.66,5.844,1.16,2.138,2.731
26,19,12.714,4.959,0.602,4.845,0.918,2.511,6.997,5.969,4.731,0.458,3.275,3.236
26,20,11.522,5.185,1.916,3.249,1.032,2.744,7.314,4.2,4.883,1.455,3.459,4.477
26,21,9.865,6.435,1.379,3.92,1.49,2.839,5.807,5.667,4.527,0.75,3.136,4.185
26,22,12.435,4.024,1.714,4.897,1.588,3.069,4.363,6.693,5.107,1.091,2.14,2.788
26,23,9.184,5.162,0.722,3.108,0.437,2.364,5.47,4.246,3.593,1.586,3.004,4.074
26,24,13.406,4.447,1.52,5.781,0.706,1.958,8.691,5.71,4.534,0.494,2.48,2.738
26,25,10.469,4.622,2.471,4.814,0.766,2.688,6.151,4.782,4.426,0.426,2.94,1.825
26,26,10.21,6.472,1.811,5.339,0.63,1.678,7.221,3.771,3.472,1.704,2.891,3.836
26,27,13.032,6.716,0.865,5.141,1.903,2.761,5.81,4.667,3.756,0.417,2.922,2.625
26,28,9.356,4.439,2.273,4.296,0.507,2.375,6.475,5.22,4.255,1.832,2.624,3.939
26,29,9.561,5.244,1.84,4.866,1.729,2.579,6.789,6.161,5.728,0.147,2.595,3.727
26,30,10.881,6.193,1.646,3.638,1.661,2.856,8.451,4.755,3.12,1.902,2.602,2.964
26,31,9.654,6.129,0.622,4.616,1.224,3.861,6.039,5.37,2.757,1.468,2.008,1.523
26,32,12.538,6.486,1.162,4.349,1.343,2.418,7.418,5.793,3.566,0.783,3.272,4.061
26,33,13.31,6.24,1.093,4.159,1.436,2.42,7.462,5.396,5.069,0.677,2.145,3.251
26,34,11.642,5.223,0.769,3.82,0.399,2.674,7.732,3.772,4.634,1.218,3.433,3.248
26,35,1.653,1.214,0.916,1.767,1.747,0.464,0.921,0.816,1.522,0.19,1.695,1.512
26,36,1.052,2.27,0.487,1.372,0.589,1.16,0.659,1.079,0.875,1.919,1.816,0.41
26,37,9.317,1.862,2.159,0.379,0.688,4.779,5.657,1.57,7.699,1.278,8.666,1.659
26,38,7.315,0.736,0.658,2.309,1.651,5.541,5.198,1.706,7.223,1.038,7.994,0.619
26,39,8.378,0.718,1.419,1.483,0.359,5.826,4.853,0.383,8.058,0.794,10.083,1.426
26,40,10.136,0.637,1.192,1.545,0.968,7.042,4.283,1.999,7.939,1.319,6.331,0.711
26,41,8.298,1.602,1.16,1.381,1.398,5.301,6.557,2.011,7.396,1.595,9.563,0.862
26,42,10.24,1.729,0.881,0.73,1.75,5.922,5.6,1.06,7.114,1.436,6.891,2.153
26,43,8.451,0.388,0.816,0.552,0.983,4.06,5.576,1.331,9.039,1.227,8.225,1.114
26,44,8.475,1.432,0.771,1.946,1.774,6.152,4.631,1.639,8.012,1.933,7.981,0.995
26,45,9.811,2.13,0.532,1.201,1.234,5.442,4.966,1.444,5.953,1.386,6.966,0.863
26,46,9.851,0.898,0.718,0.31,1.296,5.002,4.996,1.208,5.93,1.617,9.236,1.012
26,47,9.392,0.897,1.864,1.665,1.734,5.303,5.755,1.286,6.275,1.368,7.01,1.925
26,48,8.887,0.737,1.946,0.804,1.525,4.93,5.108,1.954,6.728,1.174,7.164,1.248
26,49,0.478,1.461,0.976,1.164,1.913,1.744,0.811,0.643,1.903,0.921,1.073,1.657
26,50,0.659,1.58,0.832,1.447,1.515,2.169,1.233,1.817,1.227,1.131,1.962,0.693
27,1,0.999,2.298,0.738,0.875,0.822,1.745,1.821,0.703,1.683,1.099,1.565,1.719
27,2,0.092,1.337,1.173,1.044,1.408,1.12,0.4,0.99,1.255,1.14,1.536,0.713
27,3,1.518,1.431,0.131,1.286,1.015,1.328,0.751,0.317,0.939,0.883,2.145,0.718
27,4,0.627,1.76,1.067,1.802,0.637,1.27,0.598,1.229,1.625,1.36,0.623,2.249
27,5,0.582,1.864,1.431,0.869,2.226,0.82,0.726,1.234,0.796,1.233,1.105,1.791
27,6,1.671,1.424,0.434,1.645,1.459,0.864,0.646,1.465,1.98,0.665,1.523,1.755
27,7,0.333,0.918,1.356,1.362,0.502,1.323,2.045,0.789,1.552,1.747,1.345,1.914
27,8,1.551,1.119,1.054,0.834,0.722,1.993,0.362,1.938,1.597,0.681,0.323,0.926
27,9,1.48,1.997,1.039,0.761,1.662,1.848,0.853,1.481,1.65,0.871,1.049,1.186
27,10,0.982,0.429,1.007,1.697,0.881,0.876,1.732,1.541,0.627,0.825,0.0,1.126
27,11,0.96,1.683,1.878,0.737,1.098,0.495,1.641,1.792,0.274,0.46,1.171,0.868
27,12,1.391,0.966,1.895,1.342,0.318,1.182,1.467,1.789,2.403,0.702,0.673,1.222
27,13,1.559,2.028,1.423,1.226,0.724,0.786,1.21,1.903,1.902,1.615,1.231,1.013
27,14,1.278,0.747,1.507,2.502,0.73,0.514,1.759,1.278,0.769,1.652,1.475,1.965
27,15,12.26,5.644,0.821,5.797,1.543,4.248,5.212,4.788,4.391,1.959,2.328,3.72
27,16,11.088,4.43,0.721,5.039,1.853,2.56,6.695,5.974,4.15,0.776,3.064,3.683
27,17,10.036,6.958,1.199,3.816,0.223,2.55,5.98,5.933,4.98,0.479,2.513,3.415
27,18,11.646,5.319,0.866,5.454,1.701,3.347,6.334,5.133,4.286,0.925,2.673,3.113
27,19,8.985,6.227,1.811,3.524,1.395,3.168,7.794,4.705,5.3,0.867,3.669,2.563
27,20,10.302,6.663,1.873,5.698,1.213,1.462,7.125,5.314,5.004,0.784,2.932,3.53
27,21,11.324,5.839,0.419,2.599,1.406,2.036,4.935,3.762,4.539,1.286,3.449,3.836
27,22,11.383,4.706,0.61,4.87,0.698,3.218,5.855,6.522,5.196,0.958,2.701,2.872
27,23,10.314,4.373,1.094,4.041,1.495,2.889,8.341,5.59,4.428,2.053,1.736,2.34
27,24,12.799,6.69,0.531,3.789,1.063,2.371,7.138,5.168,4.722,2.276,3.182,4.856
27,25,10.808,7.156,1.197,2.915,0.824,3.543,7.794,3.754,5.478,1.318,2.986,4.381
27,26,10.298,4.927,1.063,4.21,1.828,2.59,6.735,5.786,2.659,1.807,1.904,2.542
27,27,12.0,7.435,1.456,4.756,0.957,2.602,6.341,6.419,4.038,1.642,3.415,1.872
27,28,10.485,6.088,2.176,5.215,0.667,1.814,6.212,5.737,3.602,2.081,1.479,2.881
27,29,12.057,5.553,1.496,5.269,2.144,1.547,7.794,4.811,3.137,0.676,3.031,3.997
27,30,11.56,4.307,1.516,4.358,1.497,2.084,6.256,4.702,4.635,0.198,3.341,3.244
27,31,10.12,6.02,0.751,4.473,1.59,2.422,6.786,5.197,3.998,1.147,2.84,3.109
27,32,9.934,4.439,2.179,3.618,1.926,2.417,5.767,6.157,4.721,0.679,3.614,2.569
27,33,10.506,4.788,0.97,4.125,0.616,2.276,7.043,5.847,3.65,1.489,2.507,3.918
27,34,9.071,5.753,1.166,3.12,1.476,3.144,8.445,6.09,3.05,0.703,1.791,2.869
27,35,9.07,4.643,1.384,4.705,1.316,3.331,7.171,4.994,5.968,1.88,2.308,2.027
27,36,1.557,0.569,0.602,1.754,1.287,1.262,2.318,1.6,1.78,1.136,0.999,2.338
27,37,9.625,1.923,1.083,1.377,0.712,5.951,3.417,1.143,5.377,1.919,9.305,1.83
27,38,7.181,1.681,1.098,0.773,1.808,6.249,5.947,1.062,6.613,1.278,8.632,1.987
27,39,7.211,1.228,0.308,0.65,1.218,4.309,4.38,1.534,6.877,1.662,8.561,1.262
27,40,8.509,0.724,0.878,1.186,0.772,5.884,6.212,0.449,7.148,0.975,7.102,0.977
27,41,7.457,0.927,2.023,2.113,1.099,4.471,4.482,0.762,6.844,1.479,6.779,1.813
27,42,9.154,1.688,2.0,1.662,2.282,5.258,6.8,0.889,5.348,0.022,8.751,0.83
27,43,7.78,0.947,1.578,1.278,0.695,5.316,6.863,2.049,7.88,1.34,6.979,0.489
27,44,10.482,1.734,1.664,1.147,0.904,4.442,5.059,0.48,5.191,2.089,9.075,1.448
27,45,7.229,0.725,2.368,0.846,2.151,6.31,6.1,0.813,5.612,0.543,7.842,2.214
27,46,10.354,0.6,2.236,0.738,1.815,5.216,5.802,1.237,8.324,2.32,10.06,2.127
27,47,10.614,2.351,1.386,1.211,2.112,5.815,5.131,1.609,7.682,0.876,9.399,2.066
27,48,8.705,1.996,0.784,0.626,2.035,6.56,5.434,2.268,6.205,0.694,7.192,1.207
27,49,1.904,1.57,0.944,1.819,0.675,0.34,0.468,1.557,1.945,1.152,0.994,1.011
27,50,0.93,1.152,0.67,0.915,0.666,1.059,0.0,1.854,0.69,1.541,1.316,1.854
28,1,1.574,1.356,1.341,1.311,1.536,0.994,1.047,1.184,1.119,1.068,1.124,1.251
28,2,1.343,2.121,0.897,0.669,1.612,0.821,0.672,2.045,0.713,1.432,0.543,0.963
28,3,1.759,1.905,1.897,1.037,2.386,0.942,1.514,1.033,1.863,1.051,2.003,1.978
28,4,1.704,0.629,1.356,0.566,1.464,1.036,2.079,0.447,1.572,0.485,1.44,0.627
28,5,1.219,1.238,1.086,0.845,0.72,0.933,1.068,1.748,1.591,1.366,1.27,0.37
28,6,0.98,1.788,1.827,0.804,0.916,0.857,1.779,1.343,0.794,1.42,0.525,0.352
28,7,1.754,1.41,0.699,1.123,1.028,1.279,1.63,0.576,2.052,0.0,1.268,1.157
28,8,0.646,0.843,0.277,1.736,1.1,1.65,2.326,0.521,1.291,1.201,1.092,0.384
28,9,0.987,0.821,1.031,0.347,0.612,2.372,0.438,2.423,1.407,1.103,1.463,1.497
28,10,1.133,1.722,1.455,0.766,1.404,0.91,1.04,1.566,2.086,1.327,1.131,1.496
28,11,1.407,0.878,1.722,1.625,1.105,1.566,0.233,0.51,1.933,2.519,2.411,2.139
28,12,2.184,1.631,0.412,0.64,1.756,1.375,1.242,0.899,1.491,1.609,1.315,0.779
28,13,1.622,2.062,2.188,2.052,1.529,1.435,1.618,0.912,1.231,0.544,1.415,1.353
28,14,2.111,1.455,1.308,0.654,0.925,1.214,1.422,0.134,1.982,0.364,0.586,0.744
28,15,9.09,6.294,0.869,4.199,0.983,2.509,7.944,4.557,3.794,2.43,2.69,3.997
28,16,9.846,5.868,0.577,4.645,2.101,2.75,7.832,6.081,4.42,0.589,3.209,2.557
28,17,13.793,6.295,1.657,4.47,1.401,2.156,7.389,4.677,2.759,0.85,2.46,2.627
28,18,11.875,4.139,1.941,5.699,1.46,3.318,6.346,4.844,4.458,1.64,2.995,4.322
28,19,9.285,5.973,1.5,5.424,2.139,2.038,9.005,5.44,2.886,0.846,3.048,3.448
28,20,8.647,6.946,1.65,4.07,1.003,2.827,5.847,6.336,5.256,0.553,3.288,3.719
28,21,11.9,6.312,0.488,3.943,1.651,2.651,6.408,4.2,4.429,1.669,2.929,3.336
28,22,13.291,6.068,1.574,3.357,1.538,2.644,7.986,3.834,4.34,0.962,2.319,3.586
28,23,9.933,5.377,1.681,4.599,0.767,2.953,7.94,3.959,4.031,1.066,2.241,1.932
28,24,12.63,6.297,1.119,4.045,1.986,1.238,5.484,5.892,4.45,0.636,2.972,3.696
28,25,11.379,11.637,5.895,11.611,3.877,2.496,6.965,10.064,4.699,0.756,2.303,2.931
28,26,12.173,6.354,0.439,4.681,1.777,2.14,7.431,6.064,3.708,1.574,2.981,3.051
28,27,12.218,3.842,1.062,5.211,0.954,1.749,8.123,4.59,3.156,1.665,3.021,4.709
28,28,9.79,7.913,1.03,3.201,0.872,3.877,6.263,3.809,3.538,1.668,1.908,2.165
28,29,11.269,4.67,1.456,3.936,1.22,2.865,5.7,5.401,4.092,1.694,3.906,3.994
28,30,11.114,5.529,1.933,4.817,1.992,2.091,7.472,4.727,3.695,1.67,3.457,3.712
28,31,10.115,4.254,1.574,5.943,1.024,3.885,6.854,4.475,5.234,1.822,3.216,2.632
28,32,10.262,4.06,1.113,4.411,2.177,1.881,4.876,4.416,4.084,1.816,2.831,4.165
28,33,11.572,7.722,0.177,5.042,0.787,2.542,7.933,3.641,5.368,1.072,1.111,2.725
28,34,9.789,6.361,0.723,5.739,0.828,2.78,5.846,5.16,2.985,1.229,1.598,2.804
28,35,13.228,5.694,1.274,5.151,0.532,2.074,7.636,5.045,2.954,1.736,3.319,3.842
28,36,1.292,0.578,1.332,1.624,1.909,1.607,1.598,0.67,2.239,0.664,0.892,0.696
28,37,8.124,0.774,1.819,0.833,0.975,3.736,5.437,1.66,6.277,1.87,7.104,0.456
28,38,7.437,1.6,0.202,1.68,1.029,4.09,4.408,1.289,6.912,0.852,10.731,1.254
28,39,7.727,0.766,1.358,1.541,0.954,6.149,5.642,2.259,5.706,2.55,8.751,1.752
28,40,8.022,1.291,0.852,0.831,0.99,4.449,5.191,0.552,4.559,1.313,6.531,0.855
28,41,6.952,1.058,1.266,1.063,1.701,4.223,5.188,0.302,5.171,1.499,8.03,2.065
28,42,8.757,1.042,1.369,1.455,0.971,5.185,4.766,1.149,4.439,2.112,8.217,1.08
28,43,8.16,1.42,1.756,1.739,0.447,6.415,4.941,1.015,6.748,1.64,6.62,1.932
28,44,9.589,1.108,0.933,0.611,1.202,4.827,6.45,0.745,8.092,1.683,9.978,0.866
28,45,8.159,0.7,1.224,1.053,0.73,5.663,6.131,1.037,5.07,1.337,9.416,1.076
28,46,10.641,1.146,1.508,1.598,1.427,5.144,5.529,0.782,7.288,1.052,11.042,0.69
28,47,8.743,1.199,0.86,1.415,1.083,5.843,6.185,1.621,6.765,1.915,7.871,2.021
28,48,9.073,0.965,0.667,0.776,0.852,4.832,5.29,2.055,6.534,1.302,7.952,1.112
28,49,0.126,1.209,1.121,1.155,0.888,1.096,1.78,2.065,1.574,1.606,1.831,1.186
28,50,0.82,1.759,0.869,0.776,1.701,0.123,1.574,1.863,1.54,1.776,0.822,1.265
29,1,1.23,0.575,1.354,0.274,1.045,1.309,1.354,0.232,0.498,0.545,1.651,1.081
29,2,1.58,1.64,1.799,0.956,1.644,0.491,1.303,0.551,1.208,1.773,1.47,1.658
29,3,0.943,1.018,2.3,2.079,1.585,0.205,1.744,1.417,2.102,0.15,1.162,1.609
29,4,1.889,0.89,1.221,1.514,0.999,1.662,1.668,0.644,1.685,1.297,0.825,1.641
29,5,0.972,1.966,1.421,0.775,1.214,1.378,1.715,0.944,1.851,1.444,1.66,1.319
29,6,0.887,0.485,2.112,1.171,1.784,1.897,1.8,0.0,1.446,1.515,1.956,1.394
29,7,1.013,0.755,1.992,0.905,1.755,1.848,1.619,1.361,1.227,1.732,1.832,1.324
29,8,0.881,2.303,1.301,1.558,0.898,1.005,0.894,2.096,2.079,1.378,0.983,1.171
29,9,2.317,0.889,1.119,1.766,1.763,1.214,0.851,1.8,1.366,1.275,0.898,1.816
29,10,1.596,0.828,1.702,0.575,0.779,0.322,1.013,0.992,0.0,1.03,1.342,1.024
29,11,1.5,1.038,1.322,1.224,1.166,0.744,0.299,1.947,1.962,1.325,1.023,1.85
29,12,1.464,1.089,1.373,1.365,1.202,1.491,0.568,2.116,0.653,1.385,1.195,1.619
29,13,1.304,0.679,1.538,1.577,2.26,2.059,1.554,0.688,2.03,1.422,2.451,1.322
29,14,1.192,1.856,1.776,0.554,1.076,0.668,1.751,1.618,0.914,2.398,0.848,1.627
29,15,10.752,6.786,1.49,4.872,1.745,1.857,8.466,4.066,3.888,1.011,2.731,2.205
29,16,10.123,6.691,1.415,4.404,1.214,2.878,8.001,5.496,3.264,0.994,2.947,3.605
29,17,10.877,6.969,1.023,4.651,1.739,3.508,7.535,6.888,5.317,0.948,3.512,2.806
29,18,13.358,6.478,1.208,3.649,0.425,3.168,8.847,4.121,3.677,1.657,1.562,3.685
29,19,10.506,7.013,1.94,3.543,0.624,2.92,6.235,3.574,5.466,0.585,3.291,1.426
29,20,10.95,7.044,0.479,4.536,1.124,2.656,6.327,5.807,2.333,0.832,1.705,2.437
29,21,12.022,6.563,1.499,3.521,1.021,2.932,6.196,5.976,4.057,0.778,2.866,3.546
29,22,10.274,4.216,1.98,4.112,1.39,2.389,5.899,6.031,4.919,0.415,2.443,2.979
29,23,10.604,11.069,7.734,13.391,3.165,3.527,7.398,9.865,3.345,1.469,2.664,3.95
29,24,11.428,11.662,6.171,13.434,3.541,1.742,6.153,11.986,3.268,1.823,3.654,4.125
29,25,12.883,14.132,6.889,11.671,4.758,3.171,5.284,11.445,4.85,0.658,3.668,3.67
29,26,10.894,10.865,7.596,13.697,3.353,2.921,6.272,9.637,5.641,1.038,2.992,2.795
29,27,13.15,10.204,8.751,9.983,3.487,3.213,7.669,9.623,3.588,2.048,2.291,1.808
29,28,9.996,4.716,1.295,6.307,0.961,2.172,5.456,5.265,5.231,1.153,2.283,3.679
29,29,10.338,7.071,1.712,3.977,1.611,2.425,8.552,5.928,4.338,0.617,1.543,3.014
29,30,10.215,6.165,1.564,4.938,1.745,2.269,5.129,4.805,4.295,1.73,3.845,4.104
29,31,9.731,7.014,1.502,3.811,0.372,2.089,8.199,4.415,4.781,0.982,3.021,3.624
29,32,9.181,6.57,1.552,4.387,1.86,2.41,6.609,4.661,4.734,0.686,2.017,3.717
29,33,10.517,5.077,1.512,4.093,1.444,2.551,6.11,6.617,3.456,1.664,2.922,3.361
29,34,13.224,4.479,1.798,4.649,1.203,3.395,8.003,6.54,5.348,0.358,2.536,2.22
29,35,10.721,6.367,0.601,5.023,0.315,3.637,7.776,5.252,2.733,1.217,2.89,4.294
29,36,1.161,0.945,1.065,1.876,1.314,1.719,1.847,0.982,1.596,0.502,0.713,1.893
29,37,10.326,1.952,1.267,1.042,1.001,5.639,4.453,1.711,6.22,1.244,6.486,0.503
29,38,9.907,1.073,2.181,0.592,1.888,4.443,5.286,1.011,8.839,1.517,9.154,0.823
29,39,9.964,1.633,1.583,1.526,1.447,6.017,6.143,0.208,5.24,1.585,7.879,1.072
29,40,9.974,1.706,1.753,2.17,1.47,5.955,5.546,0.731,6.505,0.705,9.616,1.229
29,41,10.169,0.808,0.777,1.366,0.755,4.927,5.927,1.468,5.461,0.367,7.057,1.06
29,42,8.522,0.983,2.218,1.1,1.16,5.957,3.457,1.858,8.722,1.69,7.536,1.735
29,43,9.421,1.392,0.809,1.15,1.172,5.098,6.048,1.275,5.388,0.995,8.384,1.073
29,44,9.318,1.436,0.063,0.753,1.243,5.522,6.465,2.081,6.817,1.253,7.347,0.587
29,45,9.056,1.203,1.247,1.093,2.137,5.152,5.463,1.027,5.632,1.503,10.132,0.963
29,46,7.409,1.821,1.509,1.179,1.889,5.055,4.36,0.766,6.799,1.509,6.241,0.529
29,47,6.712,1.159,1.633,0.478,0.887,5.01,7.002,0.18,6.122,0.707,9.328,1.018
29,48,9.499,1.223,1.427,1.868,1.731,6.287,3.988,1.124,6.15,1.951,6.512,1.088
29,49,1.78,1.625,0.778,2.357,1.248,1.622,0.485,0.793,1.173,1.345,1.854,1.203
29,50,1.131,2.559,2.056,1.747,0.594,1.689,1.18,1.3,1.508,1.952,1.528,0.926
30,1,1.05,1.207,1.757,1.314,2.343,0.905,1.199,1.935,1.221,1.074,1.898,0.564
30,2,0.282,1.634,1.581,1.556,1.435,0.405,1.731,0.786,1.635,0.903,0.756,1.134
30,3,0.325,1.556,1.134,0.867,1.615,1.025,1.259,0.907,1.553,1.557,1.92,1.3
30,4,0.78,0.611,0.973,1.271,0.907,1.818,0.837,0.836,1.987,1.178,0.819,2.223
30,5,0.923,1.509,1.894,1.756,1.091,1.459,1.118,1.527,1.651,1.53,0.909,1.624
30,6,0.605,1.832,1.374,0.326,1.15,0.732,0.459,1.499,0.511,0.452,0.392,1.467
30,7,0.77,0.846,1.475,0.763,2.38,0.988,1.979,0.461,0.422,0.689,1.223,0.924
30,8,2.025,1.958,1.375,0.729,1.812,1.717,0.711,1.827,0.905,2.173,0.614,0.654
30,9,2.117,1.744,1.919,1.696,2.747,1.136,0.532,1.436,1.094,1.697,0.521,0.536
30,10,1.376,0.859,1.645,0.87,1.019,1.029,1.658,2.071,1.678,1.138,1.718,1.489
30,11,1.575,1.307,1.969,1.372,1.188,1.522,0.563,1.117,1.429,1.208,0.867,0.703
30,12,1.56,0.63,0.723,1.627,1.241,1.378,1.691,0.398,0.692,1.791,1.438,0.672
30,13,1.886,1.1,1.834,0.6,2.21,0.926,1.338,0.527,0.727,0.604,0.902,0.936
30,14,2.094,1.078,0.765,1.395,1.416,2.271,1.023,0.859,1.254,1.564,1.832,1.472
30,15,10.922,6.497,0.965,3.26,0.79,2.563,7.358,4.945,4.127,1.136,2.722,1.735
30,16,12.407,4.598,1.399,4.034,0.86,3.227,6.676,5.485,4.214,0.743,2.861,4.523
30,17,10.617,6.63,2.395,3.366,0.845,3.126,4.957,6.804,3.331,1.47,4.145,3.185
30,18,9.048,3.922,1.24,4.144,1.627,2.756,5.01,4.5,3.718,1.55,2.481,2.518
30,19,13.148,4.804,0.376,2.772,1.149,3.185,4.776,5.182,4.334,1.595,2.737,2.694
30,20,9.822,6.324,1.469,4.147,0.551,3.101,5.409,5.602,4.296,0.817,2.498,4.257
30,21,12.017,5.345,1.958,5.145,1.389,3.643,6.792,4.771,4.595,1.823,2.718,4.398
30,22,10.306,10.358,7.447,11.599,3.782,2.99,5.795,9.475,4.836,2.01,2.794,3.634
30,23,12.289,11.797,6.844,12.658,2.686,2.489,7.744,8.32,1.945,0.894,1.272,4.316
30,24,12.806,11.282,5.73,10.764,3.894,3.553,6.076,11.577,3.374,1.164,3.053,4.162
30,25,13.214,12.918,5.769,14.316,3.387,2.496,5.996,12.041,4.16,1.684,3.24,3.546
30,26,11.771,15.129,7.29,14.447,5.091,2.634,7.69,9.023,3.245,0.273,2.838,3.131
30,27,10.915,11.906,7.315,12.772,3.191,3.697,4.559,12.77,4.15,1.406,2.473,2.745
30,28,13.255,13.242,6.857,10.757,3.271,3.324,5.193,9.23,5.001,0.0,3.267,1.835
30,29,13.227,5.609,1.61,3.483,0.646,2.177,6.537,6.351,4.191,2.624,2.881,3.194
30,30,12.491,6.021,1.798,2.75,1.378,1.755,5.163,4.939,4.061,1.27,2.612,4.245
30,31,9.387,4.879,0.59,4.564,1.542,2.728,5.404,5.567,4.647,0.276,2.401,2.714
30,32,11.473,5.813,2.519,3.284,0.701,2.673,6.649,6.167,4.388,1.414,2.112,3.047
30,33,11.389,4.756,1.452,3.097,1.071,2.984,7.028,5.408,3.935,1.706,1.384,2.997
30,34,13.893,3.307,0.653,5.018,2.045,2.43,6.957,4.007,5.162,1.176,2.417,2.465
30,35,13.541,7.688,1.034,4.096,1.415,3.675,7.769,4.365,3.131,0.515,2.589,3.704
30,36,0.85,2.383,0.613,2.286,1.613,1.879,0.785,1.668,1.876,1.9,0.9,0.704
30,37,8.518,1.743,1.573,0.972,0.866,4.318,6.157,1.313,6.948,1.089,7.245,0.934
30,38,9.148,0.952,1.289,1.676,1.485,4.858,5.108,1.454,6.763,0.46,7.847,0.954
30,39,6.715,2.598,0.921,1.763,1.712,4.926,4.64,0.331,6.241,0.655,7.475,1.138
30,40,8.392,0.618,0.644,0.741,0.789,5.889,6.423,2.357,7.259,0.987,7.17,1.523
30,41,7.795,1.146,2.054,1.659,0.714,5.243,5.626,0.546,6.461,0.855,9.217,1.467
30,42,7.759,1.644,0.513,1.583,0.781,5.88,5.717,1.346,6.234,0.938,6.257,0.771
30,43,7.818,0.448,1.074,1.407,1.539,4.98,5.159,1.875,5.859,0.688,9.535,0.976
30,44,8.656,1.084,1.614,1.36,0.508,4.213,6.03,1.544,7.686,1.834,7.457,1.096
30,45,9.714,2.051,0.343,1.326,0.963,4.808,4.846,0.803,8.573,1.892,9.67,1.794
30,46,10.137,0.757,1.178,1.521,1.458,4.407,5.75,0.667,6.708,0.451,8.659,1.28
30,47,10.166,1.246,0.289,1.08,1.782,4.188,4.842,1.937,6.003,1.347,8.68,0.468
30,48,8.835,1.206,1.092,1.625,1.846,5.205,4.716,0.638,6.225,1.096,5.944,1.797
30,49,1.609,1.443,0.616,1.83,1.662,1.666,2.194,2.123,0.25,1.878,0.752,2.331
30,50,1.938,1.0,1.625,0.825,1.256,0.0,1.433,1.332,1.189,1.622,2.331,1.526
31,1,1.186,2.167,2.131,1.195,1.436,2.049,0.792,2.142,1.329,1.21,2.031,1.466
31,2,0.984,1.911,1.39,0.552,1.915,0.923,1.617,1.528,1.799,1.146,0.911,1.898
31,3,1.517,1.923,1.704,1.229,1.25,1.939,0.747,1.288,0.109,1.247,1.217,1.276
31,4,0.462,0.499,1.449,1.462,2.216,0.944,0.0,1.103,0.92,2.125,2.065,1.147
31,5,1.04,0.615,1.018,1.463,1.031,1.727,0.764,0.851,1.314,1.72,1.056,1.126
31,6,1.415,1.859,1.719,1.142,1.758,0.195,0.278,0.938,1.668,0.291,1.066,1.138
31,7,0.645,1.077,0.744,1.319,1.85,0.76,2.36,1.52,1.089,0.778,1.233,1.111
31,8,1.658,0.928,1.56,0.913,0.614,1.443,1.518,0.904,0.918,1.707,1.929,0.654
31,9,1.527,0.69,0.809,1.626,1.268,1.052,0.454,1.201,1.347,1.384,1.907,1.513
31,10,0.388,1.759,1.012,1.422,0.741,1.404,2.318,0.882,1.827,1.394,1.312,1.471
31,11,0.608,1.456,1.324,1.443,0.57,1.123,0.619,1.225,1.692,1.545,0.489,2.121
31,12,1.21,1.457,1.02,0.711,0.913,1.643,2.152,1.641,1.419,1.838,1.532,1.27
31,13,1.272,0.516,1.668,1.54,2.405,2.212,0.251,0.292,0.839,1.524,1.795,1.304
31,14,9.187,6.423,2.116,3.954,1.799,1.555,5.536,5.323,4.009,0.88,4.055,3.771
31,15,12.532,7.653,1.675,3.603,1.488,2.495,5.275,5.433,4.347,0.521,2.849,4.136
31,16,10.14,5.262,1.846,5.246,0.945,3.446,7.074,5.75,3.915,1.282,2.756,2.637
31,17,11.053,7.626,1.046,4.568,0.98,3.346,6.631,4.524,4.157,0.76,3.115,2.851
31,18,10.449,6.726,2.255,3.991,0.787,3.579,7.391,4.299,4.481,0.716,3.001,3.246
31,19,12.582,4.854,0.964,3.339,0.699,1.618,5.115,5.823,4.415,0.735,2.411,3.024
31,20,9.185,6.623,1.995,4.958,1.295,1.812,7.169,4.956,4.377,1.012,1.479,2.854
31,21,8.526,12.454,6.405,11.776,4.405,1.47,9.128,9.77,5.326,1.616,2.218,3.188
31,22,11.605,12.089,8.264,9.14,4.532,3.228,6.089,11.84,4.432,1.243,2.727,2.211
31,23,13.064,13.453,6.491,11.598,4.426,2.873,6.58,11.982,3.69,0.995,1.992,2.941
31,24,11.129,11.163,7.66,12.232,4.304,3.057,6.636,10.337,4.36,0.357,2.523,2.555
31,25,12.143,13.215,5.136,14.135,4.857,2.433,7.258,11.95,5.62,1.548,2.736,3.03
31,26,11.83,12.82,5.435,11.887,4.501,2.971,5.013,10.049,4.731,0.916,2.713,4.217
31,27,9.563,14.545,6.088,13.266,4.125,2.023,5.831,9.63,2.915,2.371,2.713,4.213
31,28,10.366,14.55,6.804,11.069,3.963,2.56,8.271,11.397,3.497,2.428,1.623,4.226
31,29,12.159,14.088,8.404,12.739,4.311,2.427,7.242,11.446,3.97,1.19,3.071,2.212
31,30,9.662,7.174,0.755,3.523,1.134,2.452,7.886,5.992,4.245,1.421,3.097,3.989
31,31,11.804,3.761,0.804,4.576,1.398,2.878,7.91,5.696,4.303,1.861,2.803,3.678
31,32,13.277,5.333,1.221,4.458,1.674,2.113,5.295,4.335,3.194,1.335,3.134,2.81
31,33,11.564,6.76,1.036,3.791,1.441,3.102,7.704,5.322,4.315,1.321,2.725,4.426
31,34,10.346,5.324,0.384,4.022,0.853,1.989,7.994,4.735,5.69,0.908,2.766,4.11
31,35,13.5,6.29,1.638,5.608,0.266,2.878,6.849,5.294,5.166,0.762,2.859,1.801
31,36,10.119,3.814,1.584,4.152,1.643,3.045,6.628,4.935,5.228,1.103,2.269,4.81
31,37,8.366,0.257,0.925,1.671,1.26,4.541,5.527,2.089,8.008,0.276,8.281,1.54
31,38,8.388,0.874,1.041,1.606,1.161,4.391,4.896,1.739,7.322,1.798,8.9,1.902
31,39,7.207,0.802,0.521,0.864,1.052,5.188,4.044,1.291,6.277,1.378,7.419,2.154
31,40,9.801,1.444,2.201,1.291,0.458,5.116,4.672,0.845,5.865,1.592,7.418,2.271
31,41,9.427,2.051,1.48,1.451,0.463,5.136,5.94,0.985,6.852,1.172,9.302,1.869
31,42,10.658,1.92,1.162,1.87,1.801,4.897,5.452,1.546,4.909,1.429,9.347,1.867
31,43,10.078,1.611,0.722,1.276,1.669,6.041,3.843,0.746,6.801,1.316,9.854,2.033
31,44,9.298,1.415,0.689,1.882,1.182,5.128,5.799,2.389,7.549,1.088,7.815,1.174
31,45,10.103,0.955,1.143,1.622,0.789,4.46,6.764,1.57,7.402,1.78,6.809,0.992
31,46,9.838,0.632,0.848,1.318,0.373,5.153,6.31,0.787,7.235,1.897,8.158,0.267
31,47,7.576,0.311,1.36,2.079,1.6,4.652,4.39,0.826,5.805,0.953,6.256,1.738
31,48,10.11,1.261,1.26,0.974,1.439,4.994,6.634,1.84,7.575,1.583,9.381,0.534
31,49,0.968,1.164,0.931,2.198,0.986,1.497,1.126,1.049,1.534,1.748,2.028,0.713
31,50,1.532,1.396,1.977,0.823,0.339,1.566,1.501,1.314,0.646,1.625,1.74,1.434
32,1,1.773,1.827,0.618,1.521,1.552,1.44,0.9,2.074,0.936,1.044,0.691,2.021
32,2,1.384,1.57,1.043,0.867,1.243,2.471,0.858,1.74,0.968,1.668,2.072,0.595
32,3,1.797,1.054,1.726,1.803,0.665,0.439,0.664,0.395,0.919,1.308,1.411,1.659
32,4,0.958,0.776,0.939,1.316,1.689,0.463,1.331,0.806,2.082,0.972,0.608,0.986
32,5,1.244,1.205,1.226,0.794,0.269,1.978,1.622,1.332,0.501,1.285,0.819,1.695
32,6,1.757,1.104,1.629,0.767,1.276,1.745,1.46,1.037,1.833,1.371,1.999,0.809
32,7,0.789,1.096,2.127,1.86,1.242,2.049,1.66,1.842,1.192,0.964,1.528,1.173
32,8,1.644,0.878,0.55,1.705,1.915,1.897,2.142,0.937,1.452,1.467,0.946,1.18
32,9,1.335,1.225,1.155,1.713,1.074,0.834,1.163,1.838,0.519,0.816,1.354,0.092
32,10,2.047,0.654,0.63,2.015,0.245,1.481,0.329,1.883,1.259,0.675,1.094,1.771
32,11,1.806,1.16,1.972,1.112,1.307,1.929,1.5,0.823,0.789,0.522,1.059,1.789
32,12,1.751,0.659,0.785,0.931,1.793,2.052,1.169,1.497,0.539,1.766,1.417,1.251
32,13,2.144,1.304,2.487,1.038,1.077,0.408,0.409,1.105,0.948,1.466,0.887,1.312
32,14,13.873,7.228,1.485,5.19,1.814,2.731,6.996,4.992,4.606,1.585,2.847,3.639
32,15,10.42,7.253,0.733,4.872,1.65,3.089,6.848,5.382,4.363,1.229,4.062,2.68
32,16,9.5,5.513,0.946,4.347,0.517,1.953,5.479,5.631,4.549,0.976,3.064,3.953
32,17,11.628,6.571,1.486,3.43,1.068,3.528,7.885,5.416,3.059,0.678,3.206,3.35
32,18,13.208,6.215,1.44,2.434,1.359,2.699,6.116,5.326,3.945,2.081,2.377,3.952
32,19,11.737,5.451,2.292,4.364,0.818,2.904,5.984,4.162,5.457,0.681,3.108,3.176
32,20,10.382,5.252,1.708,3.295,1.105,2.746,6.002,4.885,4.371,0.238,2.893,3.458
32,21,12.493,13.003,8.53,12.085,3.662,2.805,5.069,12.821,3.374,1.403,2.844,3.65
32,22,13.14,14.577,6.818,11.454,4.497,2.883,7.911,11.482,4.043,0.768,4.526,3.186
32,23,11.874,15.263,8.093,11.162,4.374,2.598,7.366,11.598,3.989,0.793,2.856,3.096
32,24,8.886,11.891,7.985,14.232,3.466,2.538,7.15,9.18,5.264,1.094,1.792,3.558
32,25,9.711,12.56,7.021,12.926,4.229,1.747,5.583,10.044,4.412,2.021,2.885,4.181
32,26,13.709,11.436,6.473,12.965,4.082,3.103,7.849,9.165,4.673,2.118,3.418,3.241
32,27,10.495,11.95,7.168,10.379,2.684,3.853,7.505,10.042,3.77,0.647,3.85,3.858
32,28,11.354,12.363,8.245,11.52,3.549,2.818,5.642,10.343,5.302,1.421,2.952,3.015
32,29,12.886,12.206,8.2,14.435,4.089,2.507,7.295,12.458,5.206,1.697,3.456,4.384
32,30,12.304,6.869,1.185,4.831,0.474,2.785,7.285,5.582,3.865,0.836,3.455,5.002
32,31,10.987,6.013,2.166,4.594,1.343,2.548,5.804,4.133,3.922,1.944,1.647,3.326
32,32,9.284,4.233,0.083,4.462,2.173,2.79,5.865,4.615,3.809,0.808,2.903,3.546
32,33,11.736,4.705,1.526,3.552,1.169,3.165,6.914,4.051,4.296,0.736,2.384,4.467
32,34,10.878,7.384,1.16,3.982,1.143,3.14,8.078,6.564,3.991,1.293,3.304,4.112
32,35,10.163,7.057,0.824,3.879,1.488,2.79,8.879,3.619,2.636,1.781,2.397,2.517
32,36,10.044,6.725,1.069,4.193,2.339,1.931,5.958,5.878,4.542,0.463,4.025,3.766
32,37,10.756,1.031,2.452,2.015,0.879,4.624,5.686,1.964,5.763,1.96,7.014,1.135
32,38,8.896,0.226,0.361,2.58,0.628,5.464,5.507,1.399,6.864,1.252,8.787,1.903
32,39,9.133,1.885,1.018,1.068,2.51,6.182,6.256,2.007,6.806,0.581,8.092,1.183
32,40,6.559,0.214,1.816,1.697,0.769,5.094,5.036,1.822,6.116,1.3,7.002,2.249
32,41,7.334,0.979,0.465,1.798,1.27,6.091,4.383,0.68,6.37,0.658,8.624,0.79
32,42,10.952,1.157,1.399,1.124,1.786,6.14,5.277,0.922,8.749,2.115,6.754,1.097
32,43,7.505,0.615,1.498,0.731,1.26,5.117,6.434,1.481,4.929,1.797,6.518,1.098
32,44,6.558,1.288,0.55,1.375,1.113,3.823,5.287,1.208,7.969,1.033,9.278,0.481
32,45,7.936,0.879,0.991,1.864,0.852,5.401,5.299,0.976,7.854,1.551,6.699,1.125
32,46,9.173,0.683,1.072,1.648,2.039,3.773,4.211,0.512,5.506,1.746,9.534,0.394
32,47,7.44,0.433,1.183,1.643,0.834,5.44,4.078,0.874,6.226,0.964,9.037,1.489
32,48,8.806,1.611,0.988,0.714,1.659,6.019,4.701,0.379,8.436,1.237,7.491,0.758
32,49,1.401,1.805,0.0,0.627,1.795,0.461,1.53,1.639,1.52,1.844,1.589,1.181
32,50,1.694,1.16,1.923,1.895,1.217,0.835,0.899,1.779,1.926,0.268,0.313,1.367
33,1,1.796,1.34,1.591,0.807,1.507,0.738,0.636,1.87,0.96,1.516,1.167,1.263
33,2,1.668,0.823,0.949,1.728,1.179,0.738,0.935,2.328,1.485,1.45,1.198,1.187
33,3,0.322,0.792,1.39,0.98,0.248,1.919,0.868,1.4,1.725,1.237,0.057,0.825
33,4,0.499,2.023,0.351,0.584,0.767,0.973,1.536,1.279,1.708,1.706,0.961,1.117
33,5,1.614,1.692,1.793,0.71,1.417,0.689,0.809,1.588,0.508,1.779,1.345,1.755
33,6,1.49,1.068,1.751,1.643,1.883,0.831,1.055,1.328,1.638,0.963,1.056,1.265
33,7,1.169,1.711,0.468,1.51,1.444,2.43,1.702,1.817,0.53,0.601,0.976,1.779
33,8,1.588,0.832,0.754,0.573,1.702,1.692,2.604,0.941,1.746,1.883,2.081,0.471
33,9,1.234,1.213,1.525,2.287,1.253,1.995,0.645,0.961,1.31,1.723,2.706,0.704
33,10,0.27,1.713,1.211,1.351,1.305,1.095,1.097,0.6,1.628,1.123,1.727,1.434
33,11,0.632,1.32,0.397,0.776,2.214,0.676,1.196,2.032,1.101,1.496,0.541,2.092
33,12,2.339,2.079,1.284,0.774,0.883,0.818,0.568,1.139,1.483,0.031,1.564,1.537
33,13,2.101,1.647,1.434,0.949,2.06,0.507,2.146,1.881,2.106,0.633,2.066,1.725
33,14,10.157,5.97,1.096,4.341,2.316,1.96,5.915,6.254,3.642,0.438,1.853,2.418
33,15,11.002,7.031,2.138,2.172,1.585,3.693,6.286,6.735,3.557,1.826,2.433,3.019
33,16,9.71,3.91,1.809,5.001,0.984,3.058,5.358,4.521,4.575,0.916,1.965,3.615
33,17,11.426,4.71,1.929,5.537,1.387,3.035,5.302,6.367,4.041,2.035,3.574,3.012
33,18,9.776,7.241,0.561,5.258,2.199,2.5,6.644,5.319,3.59,1.63,3.158,2.449
33,19,9.892,6.652,0.738,3.353,2.024,2.612,6.962,5.956,3.807,1.196,3.268,2.991
33,20,10.19,10.819,5.499,14.26,4.828,2.295,5.57,9.212,5.216,0.355,3.119,2.709
33,21,9.536,11.435,7.226,10.799,4.629,2.192,7.539,10.791,4.148,1.069,2.056,2.868
33,22,12.119,13.242,5.817,13.496,4.213,3.718,5.994,11.137,3.419,1.185,2.784,2.516
33,23,10.254,12.189,6.932,10.36,3.726,3.485,5.692,12.001,3.849,1.329,2.61,2.801
33,24,11.838,12.989,6.826,14.405,3.091,3.005,5.161,10.236,3.465,0.806,3.537,3.527
33,25,10.77,11.06,5.891,13.218,3.296,2.425,5.914,10.066,4.869,0.519,2.753,1.949
33,26,10.717,13.269,6.421,13.077,4.882,2.955,6.032,12.84,5.458,0.988,2.743,3.872
33,27,11.977,9.748,5.606,13.916,3.726,2.168,6.833,9.085,4.786,0.766,2.051,3.158
33,28,11.504,9.758,7.081,12.889,3.825,2.427,6.037,10.58,4.682,1.788,2.399,4.531
33,29,11.676,14.245,5.943,11.887,4.935,3.319,6.842,9.402,3.729,0.206,2.984,2.763
33,30,11.146,11.451,8.061,13.937,3.593,3.004,5.805,8.93,4.808,0.943,2.006,2.122
33,31,12.278,4.582,1.237,4.028,1.864,3.032,7.591,5.57,4.888,0.805,2.013,2.99
33,32,11.486,5.426,1.501,4.151,1.664,2.843,6.878,3.858,3.939,0.613,2.666,3.946
33,33,9.736,7.478,0.933,5.152,0.38,2.037,5.705,3.521,4.171,1.73,2.794,3.643
33,34,9.921,5.471,0.889,3.808,0.744,3.277,7.327,4.279,3.365,1.723,2.969,1.588
33,35,12.032,5.484,2.134,4.376,1.838,2.486,7.724,4.865,5.347,1.882,2.704,4.407
33,36,13.217,6.318,0.912,4.421,1.07,3.62,8.243,6.141,4.249,1.428,2.249,3.851
33,37,9.468,1.362,1.615,0.767,1.549,4.741,5.1,0.706,9.039,0.903,9.519,1.254
33,38,8.957,1.245,1.4,1.282,0.939,4.196,6.12,1.904,5.564,1.555,8.723,1.557
33,39,9.399,0.266,0.88,1.813,0.659,5.959,6.177,0.45,7.139,1.677,10.286,1.435
33,40,7.853,0.946,0.593,1.212,0.773,3.146,6.769,2.191,7.196,1.577,7.667,0.896
33,41,7.852,1.61,0.876,1.511,2.145,5.691,6.04,0.407,5.895,1.365,10.671,0.792
33,42,8.474,1.16,0.44,1.231,1.608,5.462,5.929,1.764,6.238,1.057,10.363,0.934
33,43,8.044,0.896,1.446,1.718,0.0,4.615,6.115,1.624,5.967,0.477,7.368,1.209
33,44,7.645,2.104,1.937,1.116,1.022,5.044,6.198,1.261,6.595,1.352,8.302,1.047
33,45,8.16,1.698,0.253,1.143,1.695,5.47,5.539,0.273,6.452,1.992,9.528,1.952
33,46,8.913,1.631,0.447,1.269,1.235,5.264,5.718,0.828,7.578,0.412,6.677,1.38
33,47,8.591,1.818,2.171,2.416,1.161,5.1,5.276,0.653,6.509,1.298,9.616,0.466
33,48,8.208,1.993,1.395,1.758,2.558,5.423,4.743,1.988,7.969,0.99,7.627,1.571
33,49,1.259,1.472,0.848,1.595,1.624,0.61,1.513,1.661,2.552,1.24,0.693,0.495
33,50,0.893,0.966,1.177,1.658,2.1,1.229,1.108,0.444,1.426,1.833,1.69,1.378
34,1,1.421,1.823,1.708,1.302,0.545,0.682,0.604,1.535,1.256,0.776,0.742,1.049
34,2,0.894,0.887,0.908,1.192,1.301,1.342,0.89,2.181,1.281,1.443,0.749,0.827
34,3,0.868,1.043,1.561,1.509,0.1,1.074,1.139,1.758,1.814,1.067,1.566,0.723
34,4,1.049,0.495,0.882,1.799,1.198,0.834,0.676,1.776,0.691,2.083,1.44,1.34
34,5,1.646,0.458,1.429,1.128,1.755,0.814,1.719,1.712,1.197,0.767,0.905,2.504
34,6,0.843,1.477,2.18,0.069,1.72,1.483,1.529,0.7,2.07,1.04,1.311,1.991
34,7,1.307,0.723,0.569,2.171,1.094,0.906,2.057,1.531,1.131,1.829,0.811,0.248
34,8,0.761,1.218,1.801,1.453,1.628,2.173,0.909,1.292,1.025,1.488,1.011,0.9
34,9,0.421,1.093,1.114,1.771,1.771,2.373,0.651,0.7,0.378,1.817,0.571,1.033
34,10,1.47,0.751,1.7,1.148,1.478,0.584,0.813,1.043,1.636,1.029,1.337,0.642
34,11,1.387,0.8,0.908,0.99,2.079,1.415,1.838,1.573,0.955,2.211,1.702,0.971
34,12,2.202,1.658,1.8,2.052,2.28,1.037,1.674,0.765,1.332,1.216,1.592,0.553
34,13,0.316,1.096,1.078,1.384,0.988,2.135,2.306,0.696,1.851,1.436,1.643,0.876
34,14,12.397,5.455,1.501,5.335,1.926,2.693,7.051,7.095,4.035,1.934,2.992,4.359
34,15,12.5,6.878,2.12,3.93,0.0,2.815,8.289,5.702,4.802,0.438,3.223,2.65
34,16,11.924,6.854,1.409,5.439,0.142,1.757,5.568,4.494,5.281,1.07,2.946,4.706
34,17,10.556,5.002,1.87,4.434,1.366,3.388,7.532,6.057,4.369,1.464,2.464,4.277
34,18,9.295,7.139,1.106,4.37,1.043,3.276,5.602,4.559,3.662,0.971,2.706,4.385
34,19,13.428,7.243,0.596,3.366,0.505,2.486,5.861,5.832,5.18,1.747,1.369,4.663
34,20,11.78,12.587,4.248,12.69,5.443,3.341,8.679,9.754,5.707,2.37,2.817,2.606
34,21,9.514,12.865,8.082,13.415,2.895,3.772,8.802,8.763,4.441,0.878,3.361,2.717
34,22,11.269,13.2,6.218,11.211,4.862,2.254,6.612,10.145,4.391,1.111,3.046,2.758
34,23,11.555,10.499,6.851,14.176,3.371,3.247,5.491,11.422,4.732,1.139,3.386,3.504
34,24,8.612,10.938,6.343,12.284,3.392,2.75,6.012,11.294,4.625,0.865,2.128,4.27
34,25,11.008,12.87,7.393,11.813,4.688,2.905,6.97,8.917,4.126,0.26,1.839,3.899
34,26,10.173,10.866,5.934,12.483,3.909,2.851,8.441,8.309,4.021,0.927,2.17,3.574
34,27,10.462,13.351,7.014,13.632,5.087,2.645,6.961,10.807,5.18,0.513,1.813,2.692
34,28,12.818,12.909,8.85,11.766,2.979,2.604,5.349,11.722,3.856,1.226,3.85,2.732
34,29,9.48,12.083,6.467,12.492,4.334,1.624,6.498,10.753,2.849,1.182,2.598,4.145
34,30,13.423,11.504,7.138,15.12,3.339,2.026,5.504,11.577,3.445,1.525,1.765,3.99
34,31,12.209,6.511,0.812,3.371,1.735,3.476,7.063,4.833,3.596,1.357,2.904,3.34
34,32,11.78,4.465,0.684,3.74,1.392,2.632,6.503,5.093,6.012,1.696,3.509,2.414
34,33,12.172,5.924,1.914,4.985,1.036,1.968,7.748,4.252,5.772,1.987,2.141,4.723
34,34,12.53,6.546,1.748,5.093,2.406,2.279,7.291,4.767,4.978,1.478,2.968,3.982
34,35,11.466,4.603,1.907,3.78,1.931,3.687,7.881,4.014,5.772,1.865,3.014,4.284
34,36,12.849,4.616,1.381,2.767,1.47,2.78,8.057,4.059,3.18,1.406,2.753,3.346
34,37,8.093,2.308,1.867,0.24,1.306,5.761,5.5,1.141,6.815,1.615,6.412,1.057
34,38,9.126,0.995,1.848,0.894,1.398,6.093,4.991,1.992,5.878,1.492,6.054,1.556
34,39,8.708,0.862,0.03,1.45,1.548,5.728,6.206,1.02,7.007,1.444,9.485,1.853
34,40,8.585,1.759,1.482,0.44,0.866,6.587,5.078,0.685,5.77,0.391,7.815,1.68
34,41,7.911,0.713,1.63,1.692,0.581,4.455,4.352,1.328,5.465,1.523,10.07,1.433
34,42,8.558,1.229,0.92,1.849,1.484,6.974,4.838,1.001,8.474,1.51,10.534,1.886
34,43,10.614,1.799,2.054,1.444,1.762,5.109,4.847,1.598,7.398,0.457,9.457,1.256
34,44,9.451,0.68,0.563,1.117,1.376,4.579,5.828,1.754,7.05,1.685,9.689,0.965
34,45,8.457,1.411,0.935,1.905,1.358,5.438,5.886,0.983,7.469,2.078,7.169,1.068
34,46,11.095,1.185,0.698,1.35,1.917,5.945,4.18,0.765,7.92,0.348,10.707,0.39
34,47,9.622,0.434,1.473,1.613,2.003,5.414,4.33,1.913,6.604,2.221,7.724,1.213
34,48,9.805,1.328,1.942,1.941,1.469,6.545,5.535,1.66,6.615,1.177,9.04,1.139
34,49,0.687,1.893,0.779,0.811,0.059,1.318,1.652,0.534,1.237,2.016,1.838,1.734
34,50,1.824,0.85,0.818,1.384,0.202,1.581,0.726,1.052,1.24,1.08,1.278,1.003
35,1,1.109,1.516,0.575,0.853,2.232,0.428,1.963,0.703,1.727,1.432,0.587,0.629
35,2,9.598,1.231,0.961,1.338,1.232,6.283,3.878,0.924,7.73,1.38,8.448,1.834
35,3,9.077,1.924,1.797,1.233,1.266,5.68,4.659,1.428,5.538,1.327,8.404,0.581
35,4,9.449,0.92,0.814,1.142,0.423,4.227,4.615,0.426,7.278,1.932,8.413,2.16
35,5,7.211,1.901,1.947,1.451,1.866,6.428,4.945,0.788,8.215,0.777,6.554,0.768
35,6,6.691,0.992,0.392,1.289,1.798,4.885,5.506,0.819,6.864,1.784,8.451,1.379
35,7,7.483,1.482,1.284,2.028,0.477,5.46,6.063,0.16,6.657,1.566,8.668,0.995
35,8,8.005,1.225,1.312,0.277,0.982,5.637,4.81,1.802,5.783,2.307,6.988,0.47
35,9,9.703,0.823,1.9,0.541,1.363,5.01,4.387,1.094,7.978,1.186,6.331,1.198
35,10,8.701,0.874,1.5,1.205,0.394,6.376,5.224,1.775,4.704,1.044,8.487,1.863
35,11,9.126,1.271,0.792,0.662,1.098,5.955,5.189,0.432,8.42,1.094,8.463,0.894
35,12,6.953,1.875,0.637,0.989,0.754,4.687,4.575,1.797,7.142,1.098,8.596,1.187
35,13,10.597,1.049,1.728,1.19,1.261,5.698,6.337,0.544,8.323,1.273,8.791,1.663
35,14,11.285,5.465,1.935,3.865,0.626,2.527,6.73,4.571,5.277,0.763,1.888,4.389
35,15,9.191,6.478,1.953,5.361,1.256,2.55,6.278,6.132,4.761,1.753,2.198,3.664
35,16,10.924,5.686,1.727,3.362,0.815,2.145,7.651,5.67,3.836,1.512,1.334,2.29
35,17,11.426,7.019,1.437,2.623,1.53,3.475,6.755,6.224,3.002,1.007,2.641,3.642
35,18,13.828,4.377,0.676,3.961,0.945,2.731,7.321,5.071,2.777,1.404,2.418,4.072
35,19,10.964,5.023,0.7,4.505,1.202,2.978,6.292,6.102,3.804,0.708,1.947,3.392
35,20,10.209,14.227,6.941,13.311,3.142,3.144,6.985,11.284,3.159,1.05,3.163,3.276
35,21,11.35,13.652,6.493,11.813,3.488,3.935,6.693,10.812,2.989,1.218,2.052,4.09
35,22,9.944,12.543,6.773,13.218,3.942,3.518,8.376,10.776,4.331,1.36,2.763,4.185
35,23,11.592,12.236,5.961,10.708,4.7,3.614,6.504,7.925,4.252,1.773,2.077,3.271
35,24,12.419,13.312,8.097,14.09,4.61,3.463,4.957,11.467,4.222,0.677,1.292,4.116
35,25,11.368,12.276,5.955,11.177,4.082,1.485,7.045,10.371,3.785,2.024,1.872,3.71
35,26,11.565,14.116,7.199,10.495,3.668,3.068,9.333,12.467,5.223,0.312,2.935,4.239
35,27,10.456,9.424,6.868,11.219,3.989,3.547,7.974,11.336,3.933,1.46,2.388,4.234
35,28,12.013,10.688,6.171,11.909,5.902,3.016,7.832,10.466,4.369,0.585,3.237,4.58
35,29,12.662,11.217,7.059,13.99,3.559,2.162,7.94,10.958,3.585,1.103,3.802,2.851
35,30,9.897,12.013,6.685,10.847,5.179,3.558,7.636,10.829,4.927,1.455,3.501,3.859
35,31,11.331,3.673,1.275,4.596,0.553,2.328,7.413,4.828,4.526,2.109,2.269,2.017
35,32,12.005,5.528,0.672,3.946,1.456,2.899,5.841,5.612,3.992,1.294,3.538,2.567
35,33,12.209,7.822,1.524,4.894,1.164,2.372,6.285,5.203,4.622,0.7,2.808,4.103
35,34,10.471,5.254,0.894,5.135,1.64,2.238,8.185,5.274,4.839,1.395,3.272,2.817
35,35,12.179,6.384,0.563,3.421,1.077,2.928,6.382,5.464,3.55,0.683,2.905,4.014
35,36,12.753,4.252,1.497,3.566,0.72,3.148,6.654,3.907,5.567,1.653,3.019,4.122
35,37,10.548,1.556,1.768,1.453,0.298,5.253,5.746,2.437,7.794,1.879,9.543,2.297
35,38,7.931,1.388,1.124,0.951,1.014,5.256,4.541,1.35,6.168,1.211,7.026,1.619
35,39,8.749,0.477,0.916,0.87,2.105,4.965,6.756,0.653,6.82,1.745,6.447,1.464
35,40,9.406,1.497,1.948,1.854,2.015,5.697,4.649,1.783,7.062,0.888,8.452,1.815
35,41,9.903,1.389,0.828,0.605,0.933,5.587,6.49,1.098,7.442,2.025,6.808,1.069
35,42,11.04,1.78,1.797,0.974,1.341,5.738,4.23,1.02,6.839,1.795,8.501,1.112
35,43,7.939,1.735,0.932,1.097,0.505,5.27,4.791,0.814,5.413,1.353,7.825,1.619
35,44,7.999,1.151,1.598,0.968,0.803,3.68,5.372,0.66,6.949,0.963,9.907,2.454
35,45,9.423,1.895,0.858,1.305,2.439,4.494,5.26,2.196,6.216,0.43,9.153,1.223
35,46,7.538,0.582,0.899,0.868,1.903,5.533,5.276,1.172,6.962,1.997,6.177,2.186
35,47,8.625,1.016,2.091,0.846,0.667,6.22,6.424,1.88,8.027,2.183,7.114,1.641
35,48,9.672,0.288,2.219,1.238,1.441,5.37,5.454,1.753,5.916,1.086,8.267,1.218
35,49,2.197,0.637,1.768,1.79,1.691,0.557,1.342,1.076,1.87,1.26,1.404,1.546
35,50,0.738,1.521,0.065,0.835,1.022,1.119,0.795,2.038,0.307,2.125,1.407,2.348
36,1,1.129,1.172,0.951,1.909,2.044,1.326,1.777,1.537,1.816,1.507,1.173,1.485
36,2,7.966,0.923,1.088,1.986,0.577,4.778,4.597,1.318,6.132,1.179,7.565,1.394
36,3,7.599,1.503,1.522,1.812,0.0,5.156,4.721,1.076,5.601,1.931,8.973,1.368
36,4,8.482,0.484,1.109,0.589,0.722,3.883,4.438,1.69,7.266,1.406,5.697,1.106
36,5,7.328,1.113,0.947,0.906,1.577,5.23,5.109,1.442,5.106,0.569,7.897,1.463
36,6,8.837,1.083,0.798,1.16,1.101,4.849,5.261,0.888,5.814,1.692,9.42,1.3
36,7,8.113,2.433,1.675,2.128,2.034,5.551,5.288,1.876,6.255,1.007,7.148,1.818
36,8,8.415,1.185,0.812,1.263,1.971,5.786,4.959,1.527,5.854,0.731,8.228,1.6
36,9,8.591,2.096,1.747,0.958,0.857,6.275,5.403,2.105,7.349,1.396,7.288,1.535
36,10,7.949,0.704,1.726,0.431,1.371,6.366,4.958,1.726,7.785,2.041,7.716,0.319
36,11,10.618,1.474,1.874,1.415,1.999,5.967,6.091,1.143,5.764,0.522,9.808,1.762
36,12,7.169,1.887,1.691,1.854,1.895,4.897,6.626,1.181,6.06,1.273,8.25,1.677
36,13,9.647,2.085,0.965,1.784,1.351,5.119,4.981,1.61,5.458,1.373,7.746,1.524
36,14,14.211,7.573,0.933,5.57,0.418,3.49,5.008,3.542,3.083,1.502,2.834,3.644
36,15,10.452,6.851,2.118,4.189,1.689,3.559,5.873,4.855,4.451,1.561,2.919,4.465
36,16,9.476,6.444,1.181,4.296,1.582,2.515,8.828,5.304,4.207,1.71,3.2,2.822
36,17,12.504,6.134,1.676,4.336,0.464,1.957,9.057,5.106,4.671,1.187,2.461,3.571
36,18,9.941,6.735,1.19,4.369,2.203,3.479,6.628,3.494,4.749,1.244,2.994,3.72
36,19,11.102,7.522,1.614,4.745,1.676,2.494,5.274,5.275,4.288,0.872,3.435,2.575
36,20,12.672,14.023,6.771,10.02,3.398,3.261,7.689,10.337,3.448,1.394,3.396,3.456
36,21,9.812,11.636,5.806,10.662,3.386,1.957,6.81,12.091,3.076,1.246,3.236,2.953
36,22,13.577,12.747,7.367,11.893,4.489,2.248,6.327,11.319,4.053,2.346,3.481,1.795
36,23,12.457,12.456,7.674,9.857,4.249,3.621,7.548,9.919,4.326,2.089,2.086,2.312
36,24,12.626,12.057,7.605,12.574,3.33,3.184,7.29,9.756,5.899,1.557,3.104,2.621
36,25,9.421,13.273,7.95,12.726,3.835,2.715,5.271,10.306,4.174,1.159,3.048,2.137
36,26,12.645,10.127,4.706,11.243,5.762,3.22,6.428,9.782,4.067,0.783,1.891,3.107
36,27,12.292,12.957,8.121,13.634,3.547,1.498,5.869,11.496,5.87,1.766,2.279,2.151
36,28,9.993,11.602,7.155,12.863,4.925,3.783,7.589,11.162,3.293,0.634,3.139,4.522
36,29,10.133,13.754,6.281,11.491,5.264,2.91,6.654,12.087,2.465,1.68,2.775,3.941
36,30,10.508,13.317,6.109,13.559,5.372,3.47,6.164,9.8,4.549,1.751,2.112,2.499
36,31,13.185,5.544,2.035,3.832,0.607,3.593,6.904,5.287,4.704,0.386,2.935,3.46
36,32,8.714,5.796,0.628,4.558,0.755,2.308,7.796,5.486,3.625,1.611,3.069,2.192
36,33,10.376,5.173,1.621,3.395,2.071,3.207,4.978,4.593,3.577,1.511,2.718,3.538
36,34,10.705,6.874,0.278,3.815,1.549,1.849,8.169,5.851,4.74,0.901,1.981,2.145
36,35,9.599,4.08,0.911,1.799,2.15,2.005,8.716,6.556,4.11,1.188,2.811,2.145
36,36,9.652,6.426,0.754,4.867,1.47,1.832,6.457,6.585,3.652,0.811,2.639,1.52
36,37,1.154,1.652,1.508,0.664,2.067,0.679,0.825,1.983,0.526,1.767,1.042,1.915
36,38,0.954,1.008,0.912,1.717,1.183,0.642,1.072,0.86,1.74,1.182,0.707,1.408
36,39,1.621,1.913,1.198,1.678,1.987,1.37,1.479,1.306,0.892,1.645,1.391,1.587
36,40,2.356,1.118,0.541,0.966,0.572,0.706,0.028,0.589,0.453,1.641,1.338,2.242
36,41,0.441,1.95,1.456,0.947,1.354,1.298,2.291,1.876,0.861,1.146,1.552,1.014
36,42,0.066,1.128,1.751,0.731,1.169,1.017,2.088,1.688,1.369,1.551,1.674,1.811
36,43,0.969,1.811,1.065,0.784,0.872,1.368,1.684,1.469,1.414,1.487,0.423,1.072
36,44,2.101,0.309,1.542,1.019,0.39,0.357,1.645,1.403,1.543,0.144,0.816,1.66
36,45,2.54,1.517,0.613,1.164,2.13,1.308,1.793,1.214,0.697,1.03,0.881,1.538
36,46,0.966,0.528,1.036,0.465,1.695,0.684,1.545,1.063,0.31,0.0,1.367,1.427
36,47,0.767,1.569,0.981,0.39,0.801,1.187,1.256,2.153,0.905,1.441,1.031,1.136
36,48,0.595,0.84,1.498,1.345,1.548,1.316,1.426,1.229,1.484,0.626,1.636,0.698
36,49,0.608,0.423,0.77,1.711,0.208,1.432,1.447,2.188,0.591,1.628,0.136,0.708
36,50,1.125,1.731,2.079,1.673,0.348,0.905,1.429,1.887,0.585,1.608,0.767,0.944
37,1,2.096,0.882,1.763,0.728,2.15,0.992,1.519,2.419,1.617,0.273,1.782,0.519
37,2,7.516,1.949,0.542,2.127,0.423,5.129,6.464,1.717,8.282,1.717,7.433,1.322
37,3,6.737,1.001,1.473,0.623,1.283,4.476,3.969,1.009,6.144,1.332,9.678,1.06
37,4,8.617,0.96,2.079,0.892,0.929,5.084,4.763,1.429,8.001,0.89,9.914,1.685
37,5,8.929,1.058,1.689,0.187,1.417,5.572,4.537,1.244,6.264,0.442,9.732,0.487
37,6,9.363,1.155,1.272,1.96,1.252,3.773,5.68,1.528,7.543,1.251,5.993,1.342
37,7,8.005,0.896,0.539,1.435,0.491,5.509,4.543,0.642,7.739,1.239,10.533,1.428
37,8,9.62,1.724,0.173,1.441,0.949,4.503,4.295,1.143,6.887,0.922,5.965,0.878
37,9,9.367,1.013,2.019,0.827,0.583,5.601,6.651,1.494,5.633,2.073,6.605,1.056
37,10,10.383,1.717,1.041,2.293,1.168,5.284,5.425,1.006,7.876,1.113,7.974,1.146
37,11,8.182,1.628,1.15,0.63,1.208,4.94,3.773,1.462,7.792,1.219,7.724,0.767
37,12,7.283,0.621,2.072,1.654,0.836,4.618,5.547,0.851,7.742,1.791,9.407,1.535
37,13,9.792,0.913,1.52,1.223,0.803,4.444,6.069,0.665,6.085,0.744,6.231,1.526
37,14,10.585,5.749,1.47,2.996,1.928,3.159,8.477,4.411,4.621,1.485,3.173,4.754
37,15,10.008,5.444,1.568,4.581,1.677,2.724,6.894,5.056,2.447,1.033,2.344,3.96
37,16,11.741,6.106,0.293,4.667,1.7,2.109,5.32,5.305,4.879,0.931,2.849,2.488
37,17,12.637,5.069,1.476,3.199,1.069,2.746,5.744,4.678,4.399,0.781,3.101,2.939
37,18,11.156,6.05,1.9,4.572,1.446,2.662,6.091,5.869,3.915,0.779,1.754,2.991
37,19,9.563,7.16,2.182,4.77,2.261,4.096,7.234,4.963,5.418,0.709,3.41,3.728
37,20,12.921,10.24,6.149,13.578,3.784,3.961,6.094,9.527,4.604,0.525,1.717,3.676
37,21,11.702,12.897,5.943,10.569,3.701,2.952,8.039,9.853,5.159,1.932,2.402,2.552
37,22,8.741,12.648,7.956,9.505,5.617,2.742,8.027,10.367,3.634,1.358,3.038,3.482
37,23,10.74,13.006,6.545,11.569,2.707,3.582,6.42,11.331,4.386,0.579,2.255,2.19
37,24,10.766,13.026,5.587,10.782,3.549,2.54,8.067,11.442,4.9,0.719,2.624,4.32
37,25,10.414,14.333,8.53,11.291,5.057,1.676,5.736,9.729,3.414,1.143,3.209,4.102
37,26,10.91,11.966,6.193,11.968,5.085,3.104,6.366,8.998,2.506,1.34,2.947,2.436
37,27,12.643,14.425,4.49,14.143,4.782,3.418,6.735,10.766,3.487,1.094,2.239,2.156
37,28,8.85,12.951,8.918,12.326,3.612,1.859,7.447,12.343,4.621,0.736,3.279,2.366
37,29,9.672,10.401,5.028,11.079,5.33,2.551,8.127,10.125,3.392,1.447,2.657,2.573
37,30,10.492,12.302,5.807,11.517,3.882,2.951,7.071,11.801,4.637,1.085,2.718,3.139
37,31,11.94,6.798,1.451,4.292,0.185,3.263,5.397,5.077,3.104,1.42,2.548,2.997
37,32,12.576,6.039,1.1,5.224,1.316,2.405,6.947,6.386,5.47,1.768,1.626,3.813
37,33,10.529,5.814,1.178,3.423,1.804,1.861,7.596,5.249,4.781,1.248,2.905,3.73
37,34,9.223,5.563,0.0,3.609,1.787,3.272,5.587,4.301,4.635,1.815,3.097,3.78
37,35,10.504,6.406,1.738,4.002,1.024,1.696,7.112,5.088,4.857,1.01,4.486,2.983
37,36,10.067,7.594,1.631,4.808,1.23,1.606,5.321,5.973,3.706,0.546,2.808,2.421
37,37,0.452,0.79,1.244,0.937,2.367,0.832,1.833,2.252,1.266,1.426,0.72,1.458
37,38,1.807,1.315,1.031,1.989,0.815,0.653,0.733,0.86,1.787,1.502,1.969,0.681
37,39,1.794,0.422,0.809,1.327,1.25,1.764,1.385,1.226,0.277,1.075,0.907,1.02
37,40,0.399,0.797,0.901,1.438,2.609,0.742,1.59,1.679,0.835,0.882,1.512,1.16
37,41,1.609,0.872,1.054,2.189,1.32,1.496,0.989,2.214,1.601,1.592,1.843,2.027
37,42,1.69,0.514,1.445,1.167,0.612,1.763,1.978,1.214,1.684,1.385,1.289,0.959
37,43,1.549,2.198,2.055,1.128,0.76,0.915,0.748,1.834,2.067,2.144,1.162,1.9
37,44,1.196,1.648,1.676,1.069,1.22,1.062,0.731,1.193,1.18,1.808,1.592,0.798
37,45,1.874,1.353,0.467,2.058,1.444,1.808,1.225,1.089,1.027,1.738,1.432,1.452
37,46,0.448,1.361,1.807,2.52,0.901,2.323,1.348,0.547,0.628,1.631,2.117,1.932
37,47,0.545,1.316,1.829,1.334,1.342,1.868,0.96,1.682,0.908,1.213,2.197,0.478
37,48,1.163,2.104,1.045,1.312,1.799,0.848,1.456,0.82,2.356,1.341,1.605,2.12
37,49,1.741,2.168,1.658,1.255,1.278,1.606,2.092,0.251,1.283,1.09,0.476,0.717
37,50,0.975,1.263,0.495,1.321,1.589,0.986,0.515,0.732,1.785,0.906,1.55,1.283
38,1,0.845,1.608,1.585,0.732,0.76,0.717,1.121,1.022,1.045,1.403,1.357,1.971
38,2,8.908,1.184,0.683,1.038,0.251,4.126,4.583,1.006,5.559,0.749,9.044,0.703
38,3,8.241,2.131,1.372,1.135,0.808,5.33,4.934,1.983,7.028,0.733,8.975,1.32
38,4,10.891,0.602,1.027,0.679,1.144,5.194,4.207,0.983,5.433,1.532,9.327,0.645
38,5,7.629,1.031,1.272,1.494,1.473,5.622,4.224,1.25,8.308,0.452,9.464,1.278
38,6,8.4,1.775,0.96,0.961,1.795,5.862,5.099,0.664,6.663,1.484,7.375,1.831
38,7,8.24,1.392,1.217,0.46,1.615,5.631,5.586,1.422,7.043,1.711,9.583,1.209
38,8,7.825,1.192,1.472,0.96,0.308,6.707,5.553,1.874,5.714,1.517,9.47,1.344
38,9,8.638,0.954,2.235,1.325,1.974,4.083,4.823,2.179,6.41,1.975,8.43,0.723
38,10,8.571,1.757,1.91,1.941,0.799,5.538,6.0,0.469,8.088,1.073,7.879,2.171
38,11,9.461,0.239,0.964,2.056,0.692,4.596,4.797,1.104,5.409,1.658,10.717,0.462
38,12,8.985,1.773,0.15,1.557,1.659,4.974,5.808,0.45,6.035,1.751,8.423,0.925
38,13,9.863,1.151,1.42,0.247,0.53,4.064,4.256,0.704,6.583,1.281,7.458,1.641
38,14,9.905,6.836,1.622,5.059,1.403,2.571,6.247,5.947,4.14,0.635,2.829,3.989
38,15,10.214,6.063,1.617,5.55,1.482,3.78,6.581,6.864,4.762,1.346,2.833,3.482
38,16,9.771,7.494,1.807,4.56,1.36,3.931,7.379,5.933,4.071,2.267,2.591,3.695
38,17,11.473,5.594,0.619,4.005,1.69,2.341,6.363,5.014,4.326,1.149,2.491,1.808
38,18,12.772,7.436,1.458,4.918,0.377,3.294,7.469,6.191,3.312,0.846,2.556,2.901
38,19,11.579,12.655,6.52,11.472,3.551,3.524,6.942,11.526,3.366,1.942,2.592,2.335
38,20,11.044,11.734,8.45,15.091,3.696,2.95,7.054,12.648,4.287,1.276,2.196,3.654
38,21,10.79,11.804,8.738,11.641,3.164,2.433,5.92,13.345,4.054,1.545,2.434,3.445
38,22,12.457,11.768,5.329,13.896,2.77,2.875,8.284,10.355,5.332,2.044,3.283,3.662
38,23,9.424,14.12,7.383,13.369,2.864,2.841,8.104,9.187,4.26,1.356,2.516,3.0
38,24,12.153,11.034,7.018,10.332,5.499,3.517,7.537,10.749,5.457,1.561,2.573,3.277
38,25,13.642,13.197,6.165,14.697,4.825,2.858,7.374,12.207,4.884,1.431,3.055,1.708
38,26,11.667,12.418,4.986,12.534,4.589,3.016,5.714,11.71,4.044,1.719,1.522,3.749
38,27,11.017,13.899,7.181,11.194,5.004,2.214,6.994,10.579,4.394,2.026,3.111,3.089
38,28,9.093,12.558,4.938,10.686,5.78,2.695,7.109,9.503,4.151,0.554,2.443,3.555
38,29,11.402,12.294,6.562,14.749,5.615,3.698,6.105,11.847,3.681,1.826,2.898,1.488
38,30,10.643,12.184,6.742,13.47,4.38,2.603,7.413,10.946,4.013,1.468,2.397,1.898
38,31,10.499,13.179,6.715,11.127,4.261,1.986,8.105,9.15,4.834,0.473,2.884,4.34
38,32,10.895,4.534,0.746,3.998,1.54,2.866,8.114,4.254,5.804,1.595,2.619,2.69
38,33,12.819,5.466,1.373,2.924,1.229,3.328,7.843,4.568,4.654,1.358,1.356,4.19
38,34,11.03,5.263,1.195,2.709,1.732,2.904,7.614,5.602,3.498,0.548,2.983,3.853
38,35,11.55,6.784,1.502,3.521,1.23,2.237,8.056,5.952,5.717,0.808,2.452,1.314
38,36,13.172,4.188,1.708,4.546,0.708,2.51,6.954,6.714,3.335,0.582,2.671,3.731
38,37,0.7,1.538,1.223,1.522,1.243,1.879,1.219,0.848,1.628,1.467,1.194,2.075
38,38,0.938,1.665,1.189,2.132,1.282,0.378,0.65,1.561,0.971,1.417,0.147,1.684
38,39,1.596,1.009,1.063,1.744,0.444,0.739,1.447,0.457,0.556,1.172,1.374,0.789
38,40,1.701,1.026,1.256,1.534,1.358,1.393,1.69,0.69,2.225,0.323,1.132,1.768
38,41,0.665,1.35,1.945,0.482,0.561,0.032,0.644,2.568,1.48,1.622,1.108,1.616
38,42,1.862,2.0,1.828,1.647,1.069,2.261,0.425,0.784,0.871,1.726,1.859,1.249
38,43,1.19,1.924,0.92,2.111,1.031,1.973,1.171,1.523,1.182,1.043,1.361,0.961
38,44,0.503,2.023,1.842,1.207,0.869,0.134,1.801,1.8,0.832,0.972,0.557,1.384
38,45,0.849,1.447,1.605,1.155,1.032,1.605,0.887,0.58,0.455,1.291,1.463,1.231
38,46,1.088,1.344,1.892,2.247,1.326,1.747,1.656,1.973,1.653,0.05,1.561,0.042
38,47,0.606,1.32,1.31,1.246,1.295,0.688,0.325,1.191,1.546,0.573,1.539,0.807
38,48,1.094,2.041,1.095,1.207,1.408,1.129,1.705,1.505,2.105,1.64,0.731,1.434
38,49,0.627,0.121,1.747,1.522,0.825,1.08,0.324,1.028,2.049,1.524,0.974,1.072
38,50,0.948,1.194,0.738,2.381,0.677,1.483,2.01,1.14,1.739,2.085,2.022,1.268
39,1,2.122,1.972,1.971,0.833,0.754,1.915,1.226,0.937,0.566,1.648,1.304,1.358
39,2,6.926,2.215,0.241,1.604,0.517,6.503,5.081,0.965,5.762,1.81,8.758,0.663
39,3,6.834,1.667,1.546,1.095,1.436,6.654,5.814,0.604,4.985,0.625,6.44,0.661
39,4,8.071,0.803,1.132,1.879,1.429,5.747,4.071,2.107,5.328,1.051,8.543,1.839
39,5,10.062,0.799,0.662,1.57,0.662,6.168,4.43,0.798,6.984,2.211,8.689,0.871
39,6,8.141,1.575,0.337,1.064,1.482,6.703,6.055,0.93,6.342,1.562,7.725,1.148
39,7,7.612,1.643,0.158,1.132,1.762,5.523,3.695,0.548,8.218,1.894,10.066,0.881
39,8,8.285,1.014,0.439,0.639,1.128,7.328,4.281,1.825,6.297,0.678,7.99,1.912
39,9,9.195,0.321,2.133,0.932,1.27,6.197,4.012,0.703,5.275,0.944,9.235,0.0
39,10,8.417,1.861,0.216,2.222,0.56,6.162,5.57,1.041,8.224,0.444,7.189,1.576
39,11,7.069,1.005,1.37,2.038,0.627,4.859,5.299,1.43,6.615,0.317,9.879,0.967
39,12,9.749,0.657,0.783,1.114,0.975,5.143,4.771,1.479,7.052,0.939,9.833,1.501
39,13,8.937,0.756,1.305,0.518,1.966,4.512,3.627,1.682,6.3,0.456,10.528,1.035
39,14,11.526,5.049,0.53,4.375,1.62,3.116,8.091,5.351,3.255,1.851,2.777,2.74
39,15,12.728,6.026,1.532,3.182,1.476,3.027,4.45,6.681,3.163,0.608,2.554,2.833
39,16,9.566,5.448,0.319,3.095,0.884,2.03,5.225,5.921,4.898,0.492,2.931,3.4
39,17,12.349,4.808,0.538,3.826,0.781,3.088,7.639,4.444,3.793,0.754,2.871,2.064
39,18,11.302,5.294,0.825,4.721,0.746,3.019,6.638,3.941,5.556,0.731,3.087,2.928
39,19,9.02,4.469,0.607,2.481,0.175,3.011,6.45,6.49,5.077,1.808,2.797,4.322
39,20,11.489,11.288,5.977,12.394,3.656,3.468,7.305,9.225,3.784,2.42,3.314,3.549
39,21,10.301,13.567,6.05,11.157,4.933,4.204,6.392,11.075,5.527,1.246,2.516,2.503
39,22,13.408,14.363,6.779,9.678,4.256,1.546,5.551,10.649,4.198,1.971,1.973,2.773
39,23,10.314,10.238,5.873,13.28,4.197,2.831,4.773,10.425,4.532,0.132,2.649,3.988
39,24,8.703,14.449,7.566,10.982,5.961,3.796,5.567,12.102,4.908,1.821,2.302,4.123
39,25,10.369,11.869,7.987,10.674,4.91,3.064,6.639,10.4,3.759,0.719,2.71,2.857
39,26,10.319,12.878,6.351,12.73,3.448,2.772,6.096,11.075,5.325,0.422,2.334,1.691
39,27,10.647,12.369,6.093,12.501,4.148,3.112,7.269,8.934,4.662,1.821,3.46,2.564
39,28,11.311,13.738,6.918,10.216,5.025,3.385,6.807,11.286,4.767,0.736,2.403,4.056
39,29,11.44,13.631,5.605,11.281,3.016,2.813,6.935,11.435,5.348,1.925,3.265,3.49
39,30,11.211,13.696,7.163,10.347,3.184,2.312,7.54,12.103,4.165,0.431,2.731,3.661
39,31,13.595,5.715,1.571,4.842,1.709,1.419,6.502,6.294,5.274,0.764,1.948,2.971
39,32,12.057,6.947,0.935,5.91,0.767,3.408,6.958,4.325,5.319,1.823,1.919,3.061
39,33,9.434,5.245,1.455,3.155,1.164,2.388,6.697,4.334,4.197,1.613,2.35,4.721
39,34,9.463,5.043,1.947,3.999,1.241,2.087,7.195,5.404,4.798,1.287,2.226,2.812
39,35,11.884,5.341,0.546,4.066,0.537,1.077,7.83,5.45,4.163,1.502,2.609,3.32
39,36,9.022,6.814,1.345,4.146,0.592,3.583,7.082,5.147,4.899,1.863,3.453,3.364
39,37,0.95,1.349,0.408,1.289,1.57,1.281,0.339,1.744,0.796,0.637,0.531,1.41
39,38,0.964,0.857,0.984,1.635,1.495,1.428,1.732,0.432,1.449,0.714,1.097,1.181
39,39,0.487,0.577,1.27,1.245,0.866,0.92,0.617,1.988,1.534,0.933,0.395,1.299
39,40,1.968,2.105,0.237,0.843,2.147,0.591,2.077,1.843,1.231,1.286,1.049,1.971
39,41,2.028,1.857,1.379,1.597,1.84,1.353,1.073,0.838,1.432,0.768,2.431,0.939
39,42,0.098,1.464,1.813,0.862,0.793,0.397,1.744,0.479,1.939,1.382,1.404,0.343
39,43,0.405,1.699,1.157,0.982,0.603,0.187,1.992,1.905,1.012,1.349,0.761,0.685
39,44,2.186,0.662,1.045,0.969,0.702,0.741,1.369,1.11,1.195,0.871,1.479,1.94
39,45,0.393,1.925,1.581,1.217,0.414,1.012,0.949,2.328,1.397,0.709,1.859,0.891
39,46,0.72,1.481,1.524,1.731,0.987,0.868,0.867,0.995,0.788,0.613,1.672,0.566
39,47,0.23,1.595,1.889,1.561,0.542,0.844,0.852,0.763,1.177,1.566,0.853,1.123
39,48,0.569,1.564,1.705,1.641,0.66,1.814,1.474,1.723,1.554,1.282,0.396,1.356
39,49,1.673,0.539,0.281,1.596,1.15,1.833,1.127,1.338,1.374,1.96,0.913,1.67
39,50,1.681,1.968,0.633,1.298,0.818,1.146,1.34,1.162,1.162,1.549,1.203,0.117
40,1,1.73,0.929,2.172,0.589,1.398,1.95,0.0,1.084,1.023,1.2,1.495,1.485
40,2,7.85,1.636,1.037,1.329,2.327,6.534,5.819,0.877,7.012,1.1,9.79,0.879
40,3,8.364,0.594,0.463,0.464,0.982,4.437,5.533,0.413,5.255,1.736,8.737,1.188
40,4,6.716,1.204,0.683,1.232,1.571,5.052,5.279,0.684,6.338,1.784,5.979,1.876
40,5,9.416,1.842,2.113,1.426,1.124,4.793,5.702,0.474,8.183,0.554,9.152,0.889
40,6,7.528,1.386,1.635,1.712,0.725,5.385,5.415,1.477,5.697,1.242,9.609,2.079
40,7,6.666,1.17,0.933,0.955,1.031,4.543,5.692,1.308,6.091,0.96,8.213,2.154
40,8,8.052,1.791,1.073,1.177,0.738,5.86,4.559,1.733,6.381,1.436,9.698,1.018
40,9,9.769,1.108,1.631,1.255,2.37,4.847,5.639,1.92,4.579,0.925,6.961,1.241
40,10,8.23,1.728,1.409,1.246,2.112,3.327,6.273,1.077,8.994,1.628,5.638,1.661
40,11,8.944,2.113,1.637,1.688,0.359,5.544,5.549,1.981,5.247,1.548,7.024,1.39
40,12,8.096,1.461,0.984,1.328,1.062,5.876,5.887,0.252,8.671,1.717,7.745,0.781
40,13,18.621,6.025,2.071,4.112,1.5,5.679,10.366,5.331,9.637,1.033,10.213,3.68
40,14,13.145,5.653,0.487,2.601,1.46,2.879,7.964,4.605,3.779,1.825,1.664,2.228
40,15,11.288,4.64,1.461,3.707,0.162,3.145,6.511,6.775,4.635,1.357,2.337,3.396
40,16,10.501,5.092,0.283,3.631,1.451,2.599,4.921,4.819,3.964,1.223,2.398,3.141
40,17,9.763,5.346,1.101,4.683,1.294,3.235,8.391,3.607,3.398,0.537,2.17,2.226
40,18,13.142,7.518,0.604,3.584,2.028,2.929,7.57,5.002,5.153,1.036,2.794,3.679
40,19,11.0,5.824,1.711,4.748,1.943,3.257,5.4,6.331,2.832,1.39,2.637,2.101
40,20,10.779,12.051,6.286,12.245,4.679,3.472,7.084,9.494,5.161,0.676,3.319,4.303
40,21,9.718,10.664,8.379,11.271,4.332,2.895,8.135,10.586,5.123,0.973,2.279,4.069
40,22,11.905,13.326,5.828,14.666,5.143,3.061,6.591,9.474,3.429,0.905,2.473,3.241
40,23,10.831,10.513,6.417,11.867,3.634,1.795,6.134,10.71,4.181,1.004,2.49,3.482
40,24,10.859,11.19,6.226,10.71,3.97,1.855,5.981,11.332,5.212,1.547,3.323,4.195
40,25,13.068,12.364,5.911,13.822,2.974,3.515,7.286,11.161,4.151,1.056,2.082,2.987
40,26,9.156,13.944,8.053,15.13,4.124,2.339,6.689,9.909,5.195,1.643,3.191,3.789
40,27,10.752,11.681,5.301,10.01,3.126,3.176,7.231,9.683,4.643,1.436,2.636,3.272
40,28,10.202,14.313,7.252,9.754,3.981,3.063,5.825,8.909,4.327,0.874,2.91,4.413
40,29,11.989,10.912,6.122,10.415,2.836,3.849,7.935,10.638,3.718,0.346,2.941,3.213
40,30,13.146,14.175,6.668,10.2,4.033,3.007,6.502,11.662,3.86,1.779,2.254,3.816
40,31,13.15,7.781,1.905,3.711,1.163,3.448,6.363,5.772,4.187,1.78,2.521,3.873
40,32,10.662,6.369,1.097,4.86,1.829,2.928,7.07,4.531,4.602,0.61,1.993,3.19
40,33,12.691,4.443,1.816,3.122,1.422,3.702,6.99,5.598,4.34,1.132,3.05,3.234
40,34,11.146,6.288,2.402,5.331,2.046,2.578,5.521,3.915,5.104,0.536,3.149,2.193
40,35,11.143,6.655,0.553,5.624,1.064,3.166,7.328,3.387,4.964,1.784,2.142,3.263
40,36,11.424,4.108,1.111,3.759,0.849,1.929,7.061,4.225,3.535,1.59,3.732,3.23
40,37,10.927,4.748,0.028,4.447,1.775,1.321,7.561,4.46,3.073,1.105,2.879,2.521
40,38,1.963,0.977,2.042,1.763,0.996,0.553,0.248,0.922,0.878,1.012,1.291,0.942
40,39,1.161,0.214,1.123,1.386,0.814,0.483,1.866,0.737,1.743,1.775,1.092,1.397
40,40,1.576,1.553,2.557,1.135,1.15,0.72,0.849,0.767,1.832,0.784,1.375,1.773
40,41,0.426,0.918,1.479,2.108,0.874,1.922,0.782,0.293,1.481,0.778,0.715,0.717
40,42,1.936,1.58,1.715,1.214,1.741,0.743,1.217,1.466,0.536,1.082,0.464,1.693
40,43,1.038,1.581,0.835,1.26,2.008,0.926,1.082,1.262,1.216,1.302,0.797,0.95
40,44,1.299,1.244,1.909,1.044,0.976,0.705,2.301,1.075,1.866,1.515,1.515,0.766
40,45,1.285,0.896,1.344,0.568,1.03,1.949,0.029,1.187,1.129,1.022,1.055,0.543
40,46,1.613,0.589,0.812,1.648,1.62,1.643,2.297,0.999,1.616,0.366,1.431,0.971
40,47,1.932,0.91,2.085,1.92,1.359,2.026,1.535,1.081,0.632,1.245,1.029,1.073
40,48,1.738,0.472,1.808,1.927,1.534,0.915,2.13,2.182,1.258,1.826,1.126,1.483
40,49,1.209,1.328,1.94,1.939,0.636,1.366,0.562,1.714,0.541,1.482,1.738,1.782
40,50,1.497,1.661,1.883,1.999,1.435,0.892,1.802,2.447,1.271,0.966,1.197,1.721
41,1,1.842,1.552,1.348,0.487,1.279,1.58,0.815,1.064,0.611,1.184,0.913,2.038
41,2,9.869,1.087,1.194,2.006,0.794,4.844,5.143,1.884,7.186,1.043,8.509,1.532
41,3,10.766,0.925,2.688,0.658,1.663,5.289,4.222,1.229,5.907,1.085,8.064,1.63
41,4,10.145,1.055,1.481,0.944,1.895,4.596,4.476,0.689,7.639,2.109,8.002,0.384
41,5,7.907,0.823,2.123,1.353,0.62,4.965,5.419,1.599,6.347,1.301,7.518,0.988
41,6,9.155,1.717,1.12,1.576,1.631,4.183,4.782,0.922,7.176,2.227,10.108,1.7
41,7,7.039,2.153,1.7,1.348,1.699,3.98,5.755,1.564,6.862,1.108,7.207,0.915
41,8,8.782,0.075,1.803,1.253,1.56,4.329,4.562,1.491,5.963,1.962,9.159,1.502
41,9,8.968,0.577,1.804,0.371,1.531,6.653,3.991,0.677,8.029,1.04,7.491,1.213
41,10,8.374,1.485,1.855,0.736,0.622,5.568,5.905,1.453,6.719,1.01,10.477,0.32
41,11,9.935,0.724,0.835,1.196,0.865,4.192,5.239,0.531,7.675,1.622,7.242,0.092
41,12,9.21,1.566,1.768,1.611,1.731,5.096,4.478,0.435,8.709,1.442,7.981,0.703
41,13,9.673,1.964,0.672,0.196,2.518,4.309,5.096,1.04,5.936,0.95,9.874,0.55
41,14,9.65,4.75,1.756,4.33,1.717,1.932,7.24,6.714,5.169,0.89,2.188,3.3
41,15,12.466,7.79,0.526,4.485,0.378,2.704,5.561,4.666,4.51,1.487,2.367,2.337
41,16,10.07,5.966,0.729,4.141,1.555,1.495,8.004,5.54,5.519,1.028,2.545,3.281
41,17,10.466,6.797,0.0,3.276,1.757,3.284,7.467,5.852,4.099,1.558,3.768,3.222
41,18,12.169,5.042,0.121,2.973,0.958,2.111,5.279,4.125,4.369,1.316,1.506,2.475
41,19,11.01,6.267,0.13,5.792,1.031,2.521,8.748,5.619,4.761,1.516,1.861,4.074
41,20,10.388,14.43,5.295,13.986,3.976,2.741,7.495,10.364,4.51,0.654,1.418,3.073
41,21,12.683,11.985,6.594,13.446,3.456,2.748,7.03,11.382,4.168,1.098,2.43,3.838
41,22,10.186,11.989,7.095,10.677,4.125,3.477,8.659,10.388,4.002,1.158,3.431,3.808
41,23,12.507,11.936,5.921,10.617,4.226,2.792,8.135,11.799,4.154,0.795,1.614,3.502
41,24,10.087,12.408,6.89,13.974,4.92,2.312,5.638,10.568,4.862,1.078,2.773,3.663
41,25,12.113,11.786,6.234,13.122,5.176,3.334,7.263,10.511,3.395,1.428,3.512,4.241
41,26,12.578,12.266,7.326,9.271,4.808,2.025,7.44,11.003,3.67,1.498,2.852,3.57
41,27,12.059,10.547,7.219,13.763,3.888,2.476,5.524,9.152,4.392,2.254,2.39,3.716
41,28,12.284,13.545,7.7,14.821,3.25,2.826,6.282,9.241,4.552,1.246,3.813,1.993
41,29,12.551,11.425,6.851,14.709,2.703,2.734,7.021,11.421,4.946,1.171,2.337,4.359
41,30,12.071,13.622,6.374,11.938,5.682,3.674,7.411,11.373,2.504,1.215,1.613,1.793
41,31,12.565,5.625,1.16,5.993,1.557,2.818,4.952,4.225,4.214,1.702,2.418,2.486
41,32,12.458,4.489,1.633,4.182,1.303,2.807,7.05,3.716,5.059,0.963,1.905,3.275
41,33,9.646,5.711,2.154,5.372,1.486,2.79,6.427,6.39,3.848,1.114,2.039,1.955
41,34,9.627,5.435,1.257,4.537,1.091,2.542,6.33,6.602,4.037,0.707,2.796,3.434
41,35,12.71,5.289,0.924,3.961,0.66,2.705,7.876,4.296,5.215,1.978,2.321,2.411
41,36,9.907,4.841,1.419,5.473,1.618,3.184,6.127,5.997,4.708,0.957,2.873,3.573
41,37,0.515,1.577,0.516,1.179,2.335,1.333,1.458,1.044,0.699,2.479,0.737,0.8
41,38,0.809,1.253,0.945,0.731,1.666,1.931,1.008,1.205,1.596,1.904,2.093,1.034
41,39,1.153,2.215,1.125,1.283,0.836,1.349,2.447,1.482,1.846,1.005,0.876,1.504
41,40,1.315,0.822,1.505,2.104,0.222,1.767,0.886,0.731,0.974,1.438,0.804,1.475
41,41,1.922,1.656,2.163,0.721,0.624,0.599,1.407,0.973,0.508,1.389,1.364,0.855
41,42,1.351,0.161,1.544,1.027,0.889,1.358,0.581,1.188,1.937,1.036,1.198,1.737
41,43,1.097,1.118,1.707,1.385,1.836,0.918,0.929,1.324,1.696,1.203,1.218,0.586
41,44,0.348,1.493,2.159,1.609,1.868,1.173,1.623,1.347,1.548,1.593,0.969,1.968
41,45,1.191,0.31,1.852,0.93,0.639,1.61,1.627,1.854,0.428,0.194,0.414,1.533
41,46,0.813,1.599,2.021,1.902,0.387,0.0,0.966,1.63,1.776,0.674,1.501,2.241
41,47,1.321,1.559,1.087,1.673,1.54,0.643,1.67,0.578,1.413,1.58,0.449,0.826
41,48,0.657,1.568,1.173,1.24,0.966,1.212,1.432,1.714,1.534,0.917,1.277,1.467
41,49,1.302,1.381,2.074,0.651,0.65,1.932,1.594,1.736,1.031,1.095,1.053,1.445
41,50,1.566,1.387,1.658,0.382,0.721,1.627,1.594,0.962,0.938,0.473,1.842,2.14
42,1,1.084,1.309,1.507,0.576,1.059,1.797,1.574,1.16,0.983,1.401,1.43,2.06
42,2,8.078,0.949,1.354,1.475,1.19,4.362,4.12,1.402,6.393,2.071,7.608,1.042
42,3,8.964,1.74,1.255,1.16,1.744,5.641,6.418,1.225,5.984,1.463,9.109,1.647
42,4,8.576,1.358,1.278,1.231,0.752,4.726,5.483,0.545,6.236,0.388,6.846,0.979
42,5,8.584,1.087,2.023,2.078,1.451,4.692,6.544,1.224,5.565,1.652,6.868,1.81
42,6,7.206,1.301,1.582,0.569,1.153,5.981,3.459,2.057,6.346,1.108,7.905,1.615
42,7,7.769,0.597,1.241,1.426,0.947,6.047,5.419,1.64,6.918,1.125,7.965,2.271
42,8,8.112,0.229,2.109,1.124,0.712,5.864,5.702,1.561,7.813,1.584,10.22,0.7
42,9,7.48,1.52,1.855,1.411,1.135,4.888,5.542,1.336,5.442,1.688,7.143,1.027
42,10,9.162,0.714,1.385,0.16,0.622,5.716,5.27,2.017,6.483,1.521,7.464,1.432
42,11,9.017,1.05,0.886,1.399,1.41,6.522,6.341,0.967,8.446,1.386,7.941,0.819
42,12,9.022,1.913,1.173,1.315,1.438,4.288,3.532,1.975,5.697,1.018,7.016,1.975
42,13,8.171,0.405,0.752,2.01,0.865,6.803,5.629,1.783,7.842,0.494,8.701,0.976
42,14,9.701,5.143,1.242,2.604,1.458,2.623,7.774,5.683,3.763,0.655,3.674,4.07
42,15,13.265,5.776,1.298,3.443,0.974,3.043,6.578,5.627,3.935,1.383,2.107,4.437
42,16,11.899,7.41,1.305,4.008,1.25,2.429,6.943,4.638,4.203,2.133,3.869,2.881
42,17,11.521,4.831,1.799,4.907,2.142,3.811,7.305,5.088,5.034,0.695,3.208,2.98
42,18,11.563,3.809,0.762,2.521,1.524,1.803,7.505,5.921,5.905,1.823,2.021,3.803
42,19,10.169,6.135,1.72,5.048,0.724,3.356,7.233,4.896,4.361,1.587,2.911,4.42
42,20,12.479,10.234,4.95,10.137,4.566,3.045,5.194,11.955,4.549,0.999,2.841,2.259
42,21,9.988,13.497,8.471,11.356,5.637,2.861,6.89,10.432,3.816,1.289,3.029,2.86
42,22,12.277,11.818,8.769,11.634,3.196,2.704,7.77,8.723,3.641,0.638,2.437,3.349
42,23,10.728,13.304,7.148,10.608,6.177,4.203,7.517,10.094,5.8,2.037,2.802,2.689
42,24,12.37,12.223,7.909,13.117,3.476,3.379,6.313,11.003,5.641,1.608,2.971,2.793
42,25,12.581,14.013,7.007,11.692,3.542,2.765,5.54,10.854,4.419,1.357,3.203,2.691
42,26,10.01,12.306,6.888,13.968,3.623,2.827,6.697,12.613,5.017,1.294,1.95,1.809
42,27,13.524,10.793,5.384,10.987,4.929,2.183,7.775,11.232,4.387,1.031,3.154,3.554
42,28,8.96,12.328,7.526,10.979,3.308,2.361,6.251,10.797,4.197,2.311,3.011,3.38
42,29,8.738,12.462,6.66,11.461,3.685,2.217,5.916,11.328,4.753,1.437,3.632,4.869
42,30,11.27,11.412,8.522,13.112,4.557,1.858,5.889,11.593,4.674,1.705,1.371,2.206
42,31,9.787,4.385,1.179,4.907,1.216,3.131,5.762,6.286,3.259,1.192,2.812,3.309
42,32,9.701,4.9,2.031,3.592,0.656,2.295,7.842,6.208,4.045,1.256,2.666,2.663
42,33,8.726,6.739,1.215,4.836,1.778,3.183,6.724,4.431,5.155,1.144,2.316,3.461
42,34,10.393,5.85,2.011,3.082,0.241,2.882,7.611,4.55,3.021,2.598,2.798,4.21
42,35,10.414,5.051,1.927,3.646,1.624,1.291,5.277,5.601,4.786,0.407,3.549,3.977
42,36,11.607,5.922,1.593,3.506,1.115,3.254,7.773,4.983,4.831,1.937,3.607,3.399
42,37,1.087,0.986,1.438,1.732,1.7,1.16,1.059,1.096,0.518,1.485,2.127,1.561
42,38,0.148,0.145,2.131,0.892,1.494,1.311,1.636,1.725,1.518,2.007,2.253,2.143
42,39,1.799,1.598,1.795,1.159,1.014,0.704,2.03,1.721,2.01,1.668,1.097,1.909
42,40,1.513,1.124,1.142,2.183,1.019,0.499,2.162,1.764,2.236,0.599,0.772,1.568
42,41,0.773,0.887,0.745,1.521,0.972,1.881,0.364,0.886,1.777,1.244,1.061,1.786
42,42,1.105,0.195,1.533,1.369,0.898,1.04,1.249,1.174,0.48,0.263,1.252,1.291
42,43,1.281,1.307,1.198,0.869,0.414,1.069,1.473,1.202,1.779,1.774,1.808,1.835
42,44,1.768,1.477,1.574,1.044,1.484,0.329,1.585,2.195,0.832,0.36,1.41,0.814
42,45,1.9,0.742,0.789,0.92,1.453,1.72,1.073,1.389,1.649,0.877,1.419,1.011
42,46,0.915,1.606,1.277,1.102,0.726,0.917,0.827,1.284,1.215,0.097,1.456,0.908
42,47,1.539,0.96,1.835,1.412,1.717,1.843,1.263,0.606,1.232,0.51,1.035,2.239
42,48,1.88,0.99,0.859,0.954,0.922,1.855,0.772,1.767,0.712,2.021,1.841,1.197
42,49,1.455,0.98,1.498,2.081,1.251,1.049,2.193,1.087,1.336,0.814,1.366,1.296
42,50,1.868,1.613,1.167,1.837,1.022,0.592,0.844,1.817,1.362,1.386,1.614,1.81
43,1,1.468,1.271,0.0,0.893,0.967,0.701,1.465,1.754,1.07,0.692,0.784,1.513
43,2,8.96,1.464,1.602,0.0,1.509,6.465,5.849,1.192,7.609,1.588,9.094,1.41
43,3,8.94,0.349,0.842,0.737,1.294,3.715,5.457,1.649,8.721,1.933,10.571,0.411
43,4,9.591,1.541,1.238,1.939,1.627,5.009,5.437,2.145,5.859,0.954,7.184,1.448
43,5,9.383,1.618,0.9,0.856,1.476,4.752,4.115,1.814,6.587,0.977,8.598,1.447
43,6,6.755,1.906,0.626,0.83,0.935,6.384,5.215,2.265,8.46,1.415,9.775,1.881
43,7,7.8,1.04,0.437,1.069,1.117,5.213,6.517,0.727,7.552,0.595,6.972,2.294
43,8,9.21,1.278,0.413,1.381,2.053,5.644,5.053,1.052,6.52,0.802,9.291,0.861
43,9,8.253,1.535,1.642,0.456,1.423,5.786,5.38,1.581,6.954,1.182,5.807,0.587
43,10,10.407,1.14,1.303,0.838,1.1,3.602,6.852,1.373,8.182,1.626,5.572,1.121
43,11,8.24,1.727,1.463,1.88,1.058,5.139,5.152,1.336,6.288,1.22,8.884,1.791
43,12,9.266,1.775,1.206,1.534,1.209,4.574,5.398,1.414,7.18,1.553,8.667,1.699
43,13,8.139,0.995,1.56,1.777,1.743,4.79,5.117,1.328,6.306,1.936,7.602,0.816
43,14,9.094,5.102,0.916,4.35,0.879,3.228,5.713,4.981,4.717,1.003,2.602,4.471
43,15,9.378,3.858,1.933,4.362,2.067,3.221,4.799,5.002,4.632,0.08,3.176,2.413
43,16,10.034,6.056,1.181,4.852,1.691,2.303,7.257,4.771,3.222,1.051,2.592,2.369
43,17,8.831,5.174,0.939,3.652,0.862,2.314,5.618,5.748,5.186,0.741,2.141,2.525
43,18,10.261,5.264,1.439,4.739,0.29,3.088,7.365,5.38,3.756,1.421,2.39,2.446
43,19,13.254,5.858,1.566,4.28,0.828,2.769,5.836,3.822,4.828,1.738,3.236,3.149
43,20,10.248,12.026,5.904,12.249,3.514,2.326,7.591,13.607,4.049,0.504,2.344,3.672
43,21,10.832,12.366,7.277,12.575,5.062,2.693,7.776,8.392,4.051,1.442,2.795,3.498
43,22,12.861,12.737,6.411,13.939,4.156,2.111,8.616,10.034,5.226,1.286,2.654,3.668
43,23,12.434,11.827,8.164,13.104,4.07,2.623,6.121,11.374,3.856,0.757,3.353,1.428
43,24,10.852,11.099,6.633,12.841,4.147,2.079,6.554,8.304,3.716,0.616,2.91,3.296
43,25,9.359,11.891,5.658,10.474,5.573,2.514,7.401,10.486,3.327,0.92,2.967,4.075
43,26,12.691,13.072,8.056,12.318,5.277,1.954,6.804,10.948,3.529,1.888,3.116,3.81
43,27,8.841,11.066,7.828,10.216,4.128,3.094,8.109,11.907,3.887,1.962,1.781,3.104
43,28,12.167,13.905,7.203,12.114,5.697,3.419,6.069,10.457,4.79,1.658,2.884,3.461
43,29,9.864,11.338,4.603,13.958,4.221,3.51,7.426,10.314,3.33,0.936,2.977,4.028
43,30,9.649,11.523,7.255,10.772,3.341,2.31,6.948,11.472,3.961,2.219,3.278,3.555
43,31,9.906,5.581,0.943,4.353,1.634,2.662,6.71,4.107,4.5,0.823,2.352,3.017
43,32,9.041,5.538,1.879,4.06,0.802,3.466,4.727,3.967,3.187,0.791,1.734,2.425
43,33,11.489,4.614,1.778,3.485,1.879,2.262,6.997,5.55,4.763,1.066,3.48,2.317
43,34,9.229,6.054,0.866,4.973,0.7,2.11,8.589,5.326,4.191,1.245,2.574,4.573
43,35,12.446,4.976,1.11,4.211,1.294,2.853,5.99,6.833,4.379,1.063,2.861,2.211
43,36,12.147,6.679,1.706,2.957,0.929,1.926,4.555,5.236,3.694,0.779,3.491,5.087
43,37,0.81,2.028,1.816,0.721,2.052,0.711,0.89,0.958,0.743,0.808,0.987,0.833
43,38,0.891,1.519,1.332,2.068,0.951,1.818,0.379,1.998,1.413,0.362,2.419,1.498
43,39,0.916,0.877,0.508,0.525,0.815,1.63,1.199,1.183,2.409,1.292,0.669,1.428
43,40,0.739,1.197,0.194,0.793,1.81,0.79,0.738,0.901,0.785,2.159,1.509,1.598
43,41,1.607,0.991,0.455,1.767,1.189,0.996,1.252,1.664,1.264,1.25,0.744,1.354
43,42,1.08,0.769,0.513,0.276,2.024,0.85,1.446,1.517,1.316,0.292,1.094,1.252
43,43,1.343,1.264,0.799,0.874,1.631,1.707,1.006,1.724,0.957,0.537,2.298,0.898
43,44,1.092,2.068,0.621,1.006,1.247,1.705,0.49,1.763,2.032,2.12,0.806,1.317
43,45,0.899,1.055,1.69,1.018,1.201,1.308,1.131,0.74,0.724,1.233,2.274,0.516
43,46,0.286,1.588,2.169,0.548,0.875,0.715,0.588,1.436,1.302,1.85,1.561,1.592
43,47,1.31,0.584,2.31,1.055,1.695,1.87,1.421,1.433,1.868,1.072,1.794,0.739
43,48,1.209,1.623,1.324,1.052,0.608,1.794,0.932,1.857,1.647,0.473,0.1,1.906
43,49,0.983,0.846,0.898,0.611,0.675,1.825,1.552,0.847,1.576,0.18,1.562,1.34
43,50,0.88,1.703,0.519,0.598,0.991,1.191,1.984,1.178,1.529,1.472,2.048,1.544
44,1,2.537,0.988,0.498,0.848,1.016,1.744,1.351,1.735,1.743,0.862,0.503,1.882
44,2,7.848,1.595,0.409,1.157,1.733,4.177,5.079,1.712,5.274,1.234,7.254,0.482
44,3,7.014,1.308,0.764,1.866,1.22,4.134,4.582,0.779,4.979,0.536,8.793,1.202
44,4,7.156,0.272,1.225,1.13,1.949,5.839,6.187,2.353,8.877,2.114,9.763,0.608
44,5,7.504,1.655,0.723,1.434,0.998,3.855,5.965,2.059,6.707,2.267,7.897,0.923
44,6,8.312,1.616,1.154,2.096,0.876,5.511,5.248,1.67,7.522,0.825,8.003,1.023
44,7,10.102,1.229,1.796,1.959,1.928,4.509,5.096,0.481,8.749,0.579,8.57,1.188
44,8,9.589,0.901,0.626,1.212,1.072,5.557,6.245,0.524,5.665,1.165,6.918,0.648
44,9,9.947,1.133,0.087,1.813,1.687,4.875,6.184,1.509,6.157,0.42,8.665,0.633
44,10,7.255,1.192,1.602,0.812,0.476,5.47,5.477,1.58,6.467,1.35,7.707,1.133
44,11,9.481,2.387,2.103,1.275,1.62,6.211,5.314,1.224,8.777,1.689,9.895,0.388
44,12,6.769,1.154,2.289,1.375,1.714,4.124,4.559,0.401,6.165,1.04,9.731,1.823
44,13,9.357,0.9,0.529,1.663,1.025,3.772,6.225,1.379,6.105,1.168,9.012,1.562
44,14,10.441,6.672,1.747,3.716,2.098,2.065,6.861,6.201,4.587,0.818,2.409,1.996
44,15,10.82,5.552,1.732,5.384,1.537,3.428,7.637,4.814,5.434,1.647,2.313,3.358
44,16,12.183,7.309,1.837,5.468,0.785,3.443,4.635,4.08,4.586,1.529,2.71,3.79
44,17,13.568,7.048,1.651,3.96,1.839,2.39,6.546,4.729,3.763,0.73,3.445,3.096
44,18,11.165,6.339,0.84,4.47,1.219,3.346,6.945,5.178,2.298,1.451,2.367,2.76
44,19,10.729,6.189,1.508,4.573,1.882,2.69,8.13,5.779,4.584,1.009,2.824,2.336
44,20,10.591,5.071,0.958,3.713,0.813,2.561,5.375,6.231,4.834,0.995,4.621,3.552
44,21,10.952,12.094,5.931,10.368,3.405,2.836,5.755,11.669,4.357,1.114,2.859,4.049
44,22,10.902,13.726,5.507,12.341,4.916,2.22,6.279,11.764,3.515,1.884,3.611,4.61
44,23,10.298,9.892,6.098,11.829,4.318,2.371,7.262,9.623,3.703,2.081,2.421,3.908
44,24,11.949,11.537,7.971,9.875,3.746,2.819,7.061,9.134,5.734,1.791,2.541,3.722
44,25,12.035,11.83,5.603,11.141,3.359,2.354,6.086,10.259,3.277,0.656,3.735,3.561
44,26,10.659,14.329,8.738,13.637,5.667,1.98,6.425,10.154,4.841,1.219,2.653,4.049
44,27,10.46,12.063,5.541,14.974,3.843,2.932,5.479,11.929,2.496,0.975,3.315,3.239
44,28,9.895,11.858,6.262,9.332,4.348,2.208,6.251,11.179,4.681,1.091,2.859,3.876
44,29,9.238,14.358,7.99,11.815,5.853,2.19,5.151,12.365,3.203,1.07,3.061,3.115
44,30,11.467,6.868,0.864,4.811,0.779,3.206,8.37,5.787,3.214,1.192,2.922,3.165
44,31,9.709,4.987,0.933,3.712,1.815,2.675,5.254,5.374,3.912,0.344,3.398,3.365
44,32,10.589,6.162,0.558,5.188,0.98,2.874,6.619,3.75,3.278,1.922,2.636,3.036
44,33,12.1,7.071,0.776,5.002,1.491,2.568,7.543,5.734,4.033,1.016,3.01,2.137
44,34,10.889,5.078,1.458,3.865,0.539,2.824,6.423,5.549,3.692,1.946,2.519,2.717
44,35,10.111,4.111,0.872,4.595,1.979,3.076,6.715,5.224,4.325,0.5,3.399,2.61
44,36,8.452,6.294,0.78,3.979,1.676,4.106,8.684,5.269,3.929,0.982,2.071,2.875
44,37,0.977,1.473,1.081,0.911,1.391,1.227,2.156,1.451,0.935,1.481,1.155,0.861
44,38,0.608,1.518,1.679,0.443,1.264,0.857,0.807,1.11,1.01,0.464,1.941,0.816
44,39,1.203,0.952,1.675,0.77,2.445,1.403,0.984,0.848,1.253,1.034,1.569,2.017
44,40,2.065,1.232,0.675,1.432,0.902,1.613,1.717,1.799,0.567,0.38,1.859,1.152
44,41,1.297,0.613,1.452,1.7,0.631,1.478,1.649,1.726,0.708,0.929,0.473,2.157
44,42,1.343,0.564,0.747,0.137,1.698,1.625,1.99,0.96,1.328,0.168,1.497,0.681
44,43,1.808,0.848,0.542,1.895,1.035,0.655,1.798,1.075,1.668,2.283,1.888,0.125
44,44,1.996,0.852,0.388,0.512,1.896,2.126,0.747,1.607,0.706,2.046,1.634,1.22
44,45,0.748,0.063,0.555,1.19,1.136,1.97,1.371,1.272,1.332,1.079,1.149,0.557
44,46,1.069,0.793,2.184,1.288,1.742,0.49,1.595,0.072,2.429,1.828,1.712,0.542
44,47,1.364,2.224,1.648,1.149,1.497,1.635,0.591,1.396,0.874,1.197,1.837,1.259
44,48,0.538,0.054,0.506,0.397,2.161,1.253,1.721,1.279,1.296,1.644,1.816,1.187
44,49,1.216,0.506,1.581,0.014,1.665,1.11,1.962,1.557,1.464,0.915,1.68,1.557
44,50,1.254,1.083,1.436,0.672,1.709,0.983,0.684,1.338,0.83,2.032,1.135,1.702
45,1,1.847,1.68,0.483,0.232,0.776,1.405,1.43,0.533,0.818,1.509,1.506,1.592
45,2,7.626,0.971,1.129,1.925,1.072,4.487,6.64,1.255,7.026,0.736,6.106,0.862
45,3,7.896,1.154,1.565,1.949,0.836,5.935,3.226,1.865,7.966,0.653,7.737,1.812
45,4,7.876,2.301,1.115,1.168,1.449,4.777,4.61,0.672,6.687,0.874,10.679,0.759
45,5,9.347,1.466,1.29,1.148,1.04,5.039,5.095,1.217,5.845,1.677,9.736,0.873
45,6,7.312,0.579,0.85,1.708,1.252,5.722,5.786,0.829,8.101,0.547,7.447,2.008
45,7,7.474,1.61,2.105,1.335,1.101,6.096,4.366,2.046,5.942,1.061,10.299,0.379
45,8,8.558,1.32,0.773,0.994,1.253,5.717,5.213,0.245,7.329,0.977,9.691,0.241
45,9,7.939,0.706,1.138,2.385,1.928,5.174,4.185,0.82,6.964,1.398,6.015,0.957
45,10,9.237,1.419,0.979,1.514,1.267,4.932,4.493,2.13,5.897,0.847,9.319,0.815
45,11,9.335,2.221,1.373,1.982,1.3,5.396,5.048,1.836,7.893,0.365,10.501,1.532
45,12,9.523,1.88,1.62,1.157,0.137,6.173,6.633,0.316,5.196,1.986,9.7,1.9
45,13,7.158,0.948,0.798,1.295,0.881,4.413,5.998,0.282,5.022,0.874,7.967,0.195
45,14,10.191,5.122,1.989,2.47,0.732,2.61,7.611,6.242,4.323,1.058,1.846,4.256
45,15,12.223,6.547,0.303,3.059,1.63,3.412,6.17,5.726,5.43,0.978,1.909,3.315
45,16,10.694,5.862,0.238,3.498,1.418,1.569,5.697,4.567,4.37,1.984,1.92,2.969
45,17,9.836,6.396,1.673,5.288,0.74,3.458,5.223,6.751,4.29,0.763,2.698,3.248
45,18,10.922,5.133,0.473,2.889,0.988,3.977,4.817,6.42,5.576,1.516,2.779,2.842
45,19,11.098,5.625,0.857,2.873,1.1,2.692,6.218,4.497,3.592,1.928,2.898,2.612
45,20,11.354,5.618,0.74,3.754,0.343,2.568,6.524,5.021,5.329,1.074,3.278,2.934
45,21,10.996,10.95,5.029,10.232,4.038,3.475,5.541,11.268,5.509,2.061,2.506,3.3
45,22,11.397,12.028,8.053,13.666,4.668,2.46,5.342,11.317,3.202,0.637,2.348,4.14
45,23,13.502,13.133,5.677,12.634,3.968,2.591,7.025,11.834,4.743,1.976,2.128,3.631
45,24,10.373,13.648,7.267,13.897,3.618,2.645,6.63,12.606,4.0,0.388,1.98,3.06
45,25,11.456,13.199,5.492,11.83,4.168,3.216,7.809,11.765,4.241,1.199,2.7,3.254
45,26,13.123,11.609,4.714,11.655,3.874,1.678,7.033,12.032,3.768,1.291,2.418,5.073
45,27,12.584,12.368,6.912,11.963,4.357,1.541,6.655,9.797,5.45,0.636,2.988,3.013
45,28,10.629,12.092,6.008,9.29,4.139,2.939,5.867,11.773,5.037,1.114,3.578,4.564
45,29,13.222,12.368,7.013,13.931,3.807,2.508,5.264,11.017,4.193,0.996,3.639,4.5
45,30,10.584,6.759,0.73,4.869,2.164,2.876,6.332,4.423,4.089,0.986,3.234,2.894
45,31,11.5,7.164,1.547,6.096,1.931,3.103,6.627,5.463,3.499,0.176,2.26,3.296
45,32,8.409,6.052,2.058,3.336,0.749,3.45,7.857,5.784,3.877,0.365,2.422,2.988
45,33,11.762,6.821,1.333,3.526,0.954,2.762,5.018,3.785,4.357,1.096,3.162,3.978
45,34,11.988,6.891,0.469,3.954,0.752,2.843,5.979,5.238,3.75,2.026,2.615,3.85
45,35,11.061,5.971,1.356,4.047,1.807,2.834,7.392,5.266,3.099,1.644,3.057,2.038
45,36,11.954,5.925,0.561,2.655,0.905,1.278,7.441,5.268,5.099,0.806,2.665,3.068
45,37,9.027,2.177,1.986,1.716,1.07,4.963,3.545,0.94,7.886,1.265,7.982,0.881
45,38,8.954,0.522,2.308,1.625,1.123,4.681,5.509,1.638,7.449,0.724,8.436,1.579
45,39,6.813,1.973,1.249,0.98,1.268,3.939,3.814,0.987,7.816,1.309,9.453,1.354
45,40,8.545,1.329,1.261,0.981,1.237,4.574,5.998,1.191,8.3,1.411,9.743,1.711
45,41,7.969,0.945,1.161,1.001,0.93,5.362,5.119,1.277,7.401,1.347,6.102,0.621
45,42,10.087,1.87,0.618,1.313,1.182,6.142,3.878,1.737,6.056,1.644,6.252,0.872
45,43,8.357,2.153,1.058,1.706,1.562,3.827,5.779,0.634,7.907,1.487,6.232,1.153
45,44,6.567,1.171,1.245,1.226,1.116,3.687,5.203,1.136,8.266,0.982,8.647,1.565
45,45,10.882,1.022,0.338,0.627,1.165,6.418,5.384,2.155,7.79,1.642,9.069,0.628
45,46,7.479,0.726,1.088,0.0,0.87,4.881,5.194,0.811,6.165,0.884,8.529,0.912
45,47,8.317,1.31,1.589,0.965,1.456,5.356,4.407,1.489,7.542,0.746,7.179,1.521
45,48,8.474,0.875,1.882,0.647,1.977,5.458,4.281,0.72,6.51,0.809,10.066,0.58
45,49,1.099,0.74,1.997,0.602,0.879,0.859,1.051,1.684,1.653,1.038,0.428,2.066
45,50,1.081,0.599,1.514,0.649,0.888,1.264,1.492,1.178,1.363,0.672,0.449,1.55
46,1,2.302,0.811,2.008,1.361,0.703,0.96,1.793,0.834,1.919,2.268,1.179,2.007
46,2,1.872,1.601,1.175,0.448,1.505,1.652,1.568,0.0,1.112,1.303,1.379,1.42
46,3,1.368,0.189,2.054,1.362,0.974,1.027,1.051,0.665,1.335,2.098,1.593,0.259
46,4,1.143,0.034,1.017,1.097,0.827,0.987,0.785,0.755,1.261,2.356,2.117,1.72
46,5,0.704,0.912,1.731,1.86,0.0,1.623,1.084,0.827,0.964,1.619,1.169,0.276
46,6,0.995,1.317,0.759,0.639,1.054,0.324,0.66,0.3,1.782,0.754,2.08,1.266
46,7,1.686,1.163,1.054,0.604,1.687,1.731,2.018,1.602,1.489,0.845,0.841,1.483
46,8,1.343,1.408,1.087,1.9,1.357,0.231,1.936,0.552,0.439,1.299,0.442,0.218
46,9,1.424,0.729,1.855,0.506,1.036,1.549,1.222,0.744,0.699,0.076,1.66,1.445
46,10,1.693,0.375,1.328,0.57,1.695,0.865,1.237,1.146,0.842,1.938,1.65,2.052
46,11,0.826,0.839,1.126,0.85,0.785,0.221,0.803,0.877,1.371,0.425,1.201,0.871
46,12,0.824,1.222,1.102,0.522,1.533,2.268,1.707,0.649,1.952,0.61,0.026,0.298
46,13,0.816,0.805,1.149,0.207,0.0,1.966,0.123,0.783,0.467,2.599,2.529,1.589
46,14,11.759,4.966,2.399,5.64,2.006,2.088,8.292,4.835,5.246,0.411,2.885,4.015
46,15,12.998,3.829,1.28,3.377,2.33,2.913,5.655,5.335,5.552,1.681,2.885,3.804
46,16,11.014,6.476,1.381,3.093,1.078,2.617,7.563,5.773,4.33,0.493,2.937,2.814
46,17,12.212,4.151,1.06,2.865,1.679,2.883,6.255,4.888,3.576,2.161,2.44,2.978
46,18,12.325,5.198,0.765,2.918,2.11,1.808,7.186,4.469,5.397,1.032,4.057,4.023
46,19,13.007,4.619,2.138,5.045,0.964,2.648,6.271,4.985,4.943,1.959,2.973,2.949
46,20,9.416,5.266,1.531,4.268,0.953,3.366,6.227,4.915,2.701,0.643,3.046,2.299
46,21,13.279,5.073,0.768,4.609,0.863,3.551,6.803,4.408,2.274,0.78,2.08,2.219
46,22,11.171,10.392,5.014,12.719,4.065,3.107,7.861,10.717,3.125,1.657,3.512,2.595
46,23,10.357,13.986,7.436,12.421,3.819,1.803,5.898,11.282,4.198,0.424,3.357,2.699
46,24,12.906,11.225,5.109,11.852,3.871,2.712,4.622,9.629,4.895,0.696,3.953,4.072
46,25,11.452,11.214,6.53,12.356,5.112,2.017,5.306,9.975,4.849,2.005,1.918,3.085
46,26,12.201,12.769,6.218,13.674,3.574,3.598,5.651,9.953,3.002,1.729,2.774,2.965
46,27,10.112,13.998,6.32,12.521,3.967,2.176,6.436,11.04,5.037,1.733,2.585,3.431
46,28,12.066,11.992,5.232,13.76,4.502,2.499,6.532,11.015,3.834,2.034,2.039,2.201
46,29,12.219,6.5,0.867,3.46,0.69,2.031,6.738,4.74,2.938,2.291,2.873,1.587
46,30,9.325,4.406,2.07,4.148,0.627,2.058,6.493,4.005,3.942,0.86,3.421,3.609
46,31,12.676,7.073,2.158,2.723,0.132,3.16,5.135,5.902,3.109,1.569,2.873,2.748
46,32,12.018,6.876,1.889,5.857,0.332,1.709,5.286,5.219,2.777,1.674,3.954,2.562
46,33,13.021,6.08,0.465,4.113,1.449,3.486,6.633,4.593,5.087,1.469,2.104,2.689
46,34,9.552,6.5,0.606,4.201,1.545,2.457,6.762,5.449,5.387,0.816,2.191,2.816
46,35,13.606,5.913,2.066,4.528,1.616,2.782,5.82,5.872,4.121,1.276,2.001,2.574
46,36,10.442,6.959,1.477,5.31,1.248,2.208,6.397,5.417,4.764,0.675,1.879,2.636
46,37,8.679,0.413,1.111,1.715,1.212,4.201,4.641,1.471,8.455,1.518,9.144,1.023
46,38,10.572,1.342,0.585,1.005,1.129,4.155,6.693,1.347,4.763,2.705,6.216,1.784
46,39,7.988,1.12,1.265,2.172,2.331,5.231,5.243,2.234,8.273,1.445,9.158,0.669
46,40,8.21,0.934,1.599,1.688,0.966,5.571,4.992,0.305,5.74,0.743,8.201,0.795
46,41,9.455,0.889,2.324,0.793,0.988,6.054,5.776,0.797,6.817,1.584,8.767,1.231
46,42,9.86,0.226,0.969,1.198,1.475,4.526,5.06,0.804,6.804,1.883,8.486,1.373
46,43,9.632,1.818,0.771,0.855,1.281,4.46,5.162,0.656,7.801,1.436,9.466,0.451
46,44,9.03,0.843,2.05,1.688,0.383,5.254,5.694,2.127,7.17,0.859,9.172,1.864
46,45,9.522,1.176,0.502,1.66,1.597,3.834,6.093,1.656,6.03,0.807,8.026,2.358
46,46,7.473,0.697,1.393,1.937,1.164,4.234,6.811,0.848,7.911,0.66,8.794,1.491
46,47,9.479,1.861,1.409,2.404,0.707,5.558,3.812,1.56,7.407,1.074,6.612,1.692
46,48,9.001,2.249,1.459,0.965,1.627,3.921,6.195,1.366,6.557,0.855,8.236,0.925
46,49,1.593,1.456,1.324,1.78,2.354,1.979,0.779,0.869,0.92,1.431,1.285,2.0
46,50,1.121,2.046,1.69,1.462,0.119,1.794,1.09,2.324,1.743,1.3,0.614,0.892
47,1,2.016,1.285,0.287,0.561,0.7,1.232,1.518,0.846,1.302,0.781,1.972,0.744
47,2,0.877,1.681,0.448,1.869,0.398,1.839,1.712,1.468,1.9,0.992,1.399,0.902
47,3,0.431,0.532,0.77,0.799,1.026,1.236,1.247,1.658,1.509,1.002,1.744,1.06
47,4,1.274,0.731,1.792,1.493,1.008,0.511,1.621,0.778,1.27,0.669,1.094,1.869
47,5,0.257,0.968,1.163,1.111,2.339,1.645,1.021,1.356,1.441,1.782,1.452,0.758
47,6,0.214,1.137,1.893,1.304,1.425,1.262,0.991,0.335,1.34,1.636,1.406,0.821
47,7,1.198,1.891,0.344,1.003,1.187,0.77,1.671,1.033,0.895,1.235,1.871,1.273
47,8,0.746,1.255,1.685,1.5,1.76,1.492,0.863,0.639,1.076,0.401,0.941,0.598
47,9,1.811,1.458,1.34,0.146,2.191,0.726,1.869,1.085,0.839,0.58,0.0,1.642
47,10,1.349,2.399,1.009,1.366,1.3,1.575,0.425,0.366,1.579,0.919,1.142,0.615
47,11,1.316,0.706,1.378,1.421,2.085,0.928,0.306,1.188,1.436,1.43,1.793,1.442
47,12,2.08,0.682,1.019,1.565,1.217,0.845,1.207,1.064,0.662,2.13,1.321,1.735
47,13,1.391,1.525,0.583,0.997,0.728,1.592,0.939,1.422,1.432,1.137,1.642,1.559
47,14,13.357,6.1,0.69,3.313,0.69,2.505,7.745,4.483,5.26,1.293,2.282,3.17
47,15,12.405,5.399,2.139,2.861,1.667,2.93,6.772,6.144,4.564,1.748,2.579,2.704
47,16,9.769,5.452,2.159,4.349,0.489,3.617,6.452,5.427,6.698,1.718,2.375,2.527
47,17,10.301,4.079,1.617,4.302,2.155,2.106,6.755,4.237,3.655,1.752,1.61,4.549
47,18,12.297,6.334,1.455,5.441,0.81,1.968,6.381,4.798,5.111,1.027,1.709,3.243
47,19,11.956,6.213,1.333,4.343,1.765,2.293,7.98,5.002,5.419,0.919,2.806,3.428
47,20,13.861,6.35,0.776,5.426,0.347,1.601,7.891,6.608,3.186,1.705,2.292,2.913
47,21,12.747,4.754,1.432,3.179,0.61,2.819,5.915,5.289,4.674,1.982,3.022,3.527
47,22,12.852,5.223,1.155,4.589,2.08,2.393,6.91,4.299,3.608,1.906,3.092,3.919
47,23,13.113,12.358,5.889,9.222,4.631,3.406,7.117,11.752,5.557,0.748,2.297,3.894
47,24,12.623,13.862,6.936,10.355,2.014,3.293,8.009,12.181,3.945,0.83,2.497,3.074
47,25,11.939,13.359,5.893,11.198,2.832,3.21,5.087,12.922,3.249,1.855,2.678,2.762
47,26,11.915,11.765,6.663,13.103,2.81,1.466,5.73,10.284,5.057,1.486,2.316,3.078
47,27,13.383,10.763,7.822,11.81,4.638,1.653,5.332,9.65,3.104,1.784,2.87,3.676
47,28,12.006,6.007,0.704,3.157,0.331,2.153,8.045,5.811,4.722,0.677,2.261,2.854
47,29,11.094,4.718,0.703,4.947,0.502,3.043,5.66,6.682,4.964,1.494,2.515,3.906
47,30,9.11,4.91,1.705,3.906,0.822,3.125,6.371,5.714,4.962,1.638,3.42,2.934
47,31,12.291,4.182,1.138,3.8,1.567,2.136,4.862,4.524,2.856,0.852,1.924,1.829
47,32,12.628,6.271,2.198,4.533,0.887,2.565,7.005,4.587,6.107,1.135,2.546,4.782
47,33,10.584,4.901,1.766,5.381,2.014,2.774,7.386,4.967,4.69,0.725,2.481,3.786
47,34,9.867,6.936,1.434,4.504,0.926,2.991,5.635,6.336,3.943,1.301,2.24,3.86
47,35,12.859,5.645,1.85,3.018,2.516,1.859,8.0,6.111,3.502,1.958,3.094,3.108
47,36,9.086,6.239,1.715,4.882,1.461,3.344,5.998,4.798,3.546,1.498,3.656,2.606
47,37,9.024,1.495,2.181,0.763,1.916,4.339,6.614,1.15,5.71,1.549,8.886,1.687
47,38,9.327,1.034,2.029,1.273,0.895,5.221,3.891,0.154,7.691,0.705,8.563,1.032
47,39,7.542,1.096,1.297,0.558,1.578,6.559,5.811,1.755,7.84,1.954,7.773,0.838
47,40,8.031,1.933,0.834,0.458,0.653,5.013,4.721,1.213,7.009,1.141,8.238,1.125
47,41,8.028,1.969,1.448,0.96,0.728,4.77,5.454,1.993,7.1,1.384,7.589,1.581
47,42,7.331,0.898,0.292,1.553,1.219,4.019,4.769,1.216,7.4,1.274,7.587,0.612
47,43,9.483,0.784,1.674,0.964,0.953,4.803,5.193,1.92,5.617,2.114,9.719,0.724
47,44,7.761,0.762,0.124,1.55,0.473,4.14,4.586,2.133,6.724,1.569,8.485,0.474
47,45,9.431,0.301,0.668,1.592,1.197,4.938,5.585,1.469,7.509,1.717,10.791,1.03
47,46,7.825,0.378,0.948,0.662,1.915,5.142,5.297,0.87,5.136,1.966,9.418,0.831
47,47,7.76,1.154,1.718,1.082,0.841,6.486,5.252,0.625,7.385,1.345,10.441,1.871
47,48,8.935,1.251,1.89,1.577,0.634,4.522,4.141,0.493,7.943,1.29,8.349,1.472
47,49,2.434,1.604,1.073,1.132,1.466,1.98,0.827,1.459,0.984,1.64,1.682,0.656
47,50,0.864,1.649,1.406,0.133,0.035,1.086,2.145,1.2,1.128,0.742,1.597,1.215
48,1,0.587,1.217,1.377,1.769,1.334,0.656,1.735,1.038,2.071,2.213,2.247,0.766
48,2,1.734,0.695,2.192,1.453,1.329,1.542,1.677,1.174,1.552,0.819,0.471,1.471
48,3,1.154,1.28,1.358,1.005,1.884,1.32,0.874,1.464,1.527,0.958,2.096,1.942
48,4,1.328,0.748,1.669,0.984,1.217,0.693,2.059,1.209,1.955,1.824,0.399,0.759
48,5,0.931,1.802,1.937,1.283,0.809,2.187,0.68,0.734,0.809,1.752,1.706,0.201
48,6,0.811,1.29,0.14,1.082,2.399,1.541,1.238,0.714,0.441,1.481,0.529,1.054
48,7,1.829,1.044,1.493,0.471,0.681,1.212,1.349,1.076,1.983,1.605,1.269,0.981
48,8,1.22,1.1,1.425,2.194,0.867,1.709,0.643,2.019,1.859,1.147,0.779,0.738
48,9,1.3,1.825,0.751,1.705,1.294,1.178,1.547,0.89,1.383,0.789,1.609,1.091
48,10,0.693,1.805,1.586,1.688,1.753,0.985,0.472,0.252,1.266,1.301,0.613,1.435
48,11,0.841,1.871,0.988,0.978,0.985,2.132,0.889,0.54,1.897,1.077,1.207,0.836
48,12,1.811,1.737,1.023,1.722,1.182,1.033,1.255,2.166,1.598,1.369,0.728,1.501
48,13,1.148,1.655,1.369,0.926,1.31,0.699,0.99,1.112,1.86,2.347,0.381,1.193
48,14,9.463,6.784,1.131,3.15,1.051,3.508,5.73,5.787,4.181,1.378,1.958,2.949
48,15,9.282,5.683,1.436,3.263,1.811,3.496,6.266,4.857,4.34,2.194,3.754,3.279
48,16,10.654,5.629,1.736,4.754,1.441,2.792,7.39,5.399,3.36,0.781,2.51,3.024
48,17,10.134,6.152,1.433,6.056,1.411,3.145,7.384,4.861,4.543,1.515,3.318,4.292
48,18,10.437,4.679,1.657,4.254,1.211,3.515,7.669,5.348,2.58,0.997,3.674,3.529
48,19,10.703,7.414,0.413,3.691,1.673,2.755,5.002,5.982,5.167,2.035,2.387,3.406
48,20,8.962,6.304,1.787,4.199,0.334,3.061,6.492,5.921,5.296,0.486,1.249,3.004
48,21,12.751,4.898,1.216,4.223,0.806,2.279,7.313,5.095,4.1,0.918,3.3,4.081
48,22,10.624,4.678,1.322,4.443,1.652,2.908,5.876,5.558,4.229,0.612,3.262,2.266
48,23,10.349,6.165,1.026,4.888,1.717,3.327,6.077,5.25,3.705,1.145,2.356,1.984
48,24,9.512,3.867,1.125,4.384,1.757,4.022,5.187,5.034,3.523,1.279,2.664,2.12
48,25,10.062,10.472,7.743,12.315,5.391,3.013,6.494,9.984,3.402,1.215,2.421,5.16
48,26,13.533,4.411,0.714,3.592,1.584,2.227,7.1,5.81,4.047,1.453,2.362,3.253
48,27,9.694,5.64,2.259,4.863,2.238,3.244,8.203,6.152,5.498,1.051,2.409,2.617
48,28,12.36,6.254,1.506,3.384,2.068,3.477,7.332,5.261,4.994,0.771,3.365,3.653
48,29,12.089,5.301,2.234,3.559,0.553,2.748,6.99,5.578,4.087,0.233,2.309,3.217
48,30,10.674,5.979,1.089,4.516,1.063,1.601,4.903,5.554,4.473,0.375,2.879,4.205
48,31,13.474,5.18,1.529,3.929,0.751,3.163,5.952,5.78,5.222,1.642,3.163,2.821
48,32,9.903,5.543,1.788,4.09,1.896,2.617,7.622,5.088,3.979,1.366,2.127,2.269
48,33,12.154,6.102,2.121,4.092,1.762,2.814,5.901,4.96,3.892,1.511,3.874,3.163
48,34,12.82,5.297,0.843,4.274,1.658,1.405,7.649,5.898,4.103,0.607,4.044,2.601
48,35,10.951,5.932,1.759,4.148,1.678,2.515,8.138,5.386,4.536,1.705,1.237,3.664
48,36,10.076,4.179,1.656,4.842,0.984,2.794,7.874,4.951,3.604,0.664,2.838,2.684
48,37,8.62,1.264,1.448,0.523,1.183,6.834,5.477,0.82,7.261,1.454,7.707,1.238
48,38,9.241,1.319,0.619,2.071,1.663,4.685,4.464,1.757,8.156,2.512,9.509,2.545
48,39,9.191,1.597,0.644,0.854,0.943,3.926,4.726,1.659,5.228,1.128,7.063,1.437
48,40,7.544,1.235,1.499,1.955,1.211,4.164,4.53,0.86,8.042,0.724,9.023,1.384
48,41,8.588,1.855,1.379,2.524,0.566,4.682,5.131,1.837,5.749,0.588,8.44,2.036
48,42,9.526,0.676,0.888,1.62,0.959,4.897,5.847,1.302,7.076,1.821,7.19,2.009
48,43,8.934,1.03,1.769,0.97,1.761,6.067,5.734,0.308,5.125,0.977,9.584,1.682
48,44,8.341,0.644,0.758,1.032,1.472,5.563,5.801,1.354,7.601,1.311,5.853,0.653
48,45,6.775,2.057,1.695,0.591,1.515,3.731,5.669,1.28,6.332,1.144,10.148,0.763
48,46,8.379,0.796,1.774,0.542,0.952,4.913,5.576,2.028,8.806,0.561,9.043,1.261
48,47,6.989,0.966,0.936,0.703,0.956,6.117,6.34,1.275,5.198,1.386,9.295,0.901
48,48,9.661,1.856,1.645,1.548,1.828,7.025,5.312,0.986,8.173,1.135,5.885,1.125
48,49,0.586,1.977,1.67,1.607,1.359,0.571,1.108,1.686,1.034,1.834,2.138,1.472
48,50,1.324,0.763,1.92,1.676,1.316,0.176,0.0,0.655,1.281,1.151,1.77,0.527
49,1,0.654,0.837,1.958,1.143,1.45,1.486,0.926,1.671,1.223,1.015,0.377,1.436
49,2,1.106,1.066,1.3,0.79,0.949,1.693,0.688,2.263,2.096,1.908,1.817,0.824
49,3,1.429,1.411,2.166,1.377,0.57,1.52,1.949,0.916,0.783,0.261,2.084,1.438
49,4,0.978,0.588,0.504,1.785,1.416,1.676,1.718,1.476,0.541,1.069,1.072,1.669
49,5,1.242,1.832,1.059,1.117,0.711,1.536,0.688,0.644,0.691,0.346,1.037,1.264
49,6,1.501,1.044,1.679,1.092,1.733,0.962,1.082,1.517,1.423,1.623,1.164,0.762
49,7,2.176,2.127,0.927,0.614,1.0,1.953,1.916,1.345,0.456,1.205,1.28,0.875
49,8,0.729,1.316,2.009,1.923,1.551,0.591,0.978,0.965,1.818,1.467,0.437,1.82
49,9,1.83,1.887,1.073,1.947,0.724,0.522,0.502,1.086,0.009,0.996,0.375,2.309
49,10,0.647,2.41,0.594,0.0,1.249,0.985,1.063,1.442,2.362,0.955,1.615,0.742
49,11,1.434,0.462,0.714,1.259,1.332,1.217,1.506,1.332,2.261,0.562,1.534,1.199
49,12,0.878,0.672,1.538,1.772,1.845,0.886,0.858,1.121,1.675,0.766,0.532,0.817
49,13,2.074,0.884,0.402,1.945,1.622,0.954,1.708,0.4,1.986,1.029,0.133,1.299
49,14,8.539,5.086,0.989,3.137,0.935,2.826,7.179,4.012,3.953,1.391,3.458,2.39
49,15,10.126,5.842,1.682,4.81,1.579,2.25,7.452,4.723,3.891,1.594,2.972,3.695
49,16,12.47,6.427,0.72,2.905,1.012,2.311,6.972,6.241,4.522,0.508,3.123,2.821
49,17,11.993,6.214,0.799,4.798,1.008,3.783,7.851,5.42,5.132,1.355,3.694,3.135
49,18,12.358,5.039,1.048,3.551,2.0,3.18,6.153,5.059,3.886,0.811,2.192,2.733
49,19,13.909,6.963,1.978,4.285,1.514,2.304,6.464,5.494,3.911,1.778,2.878,3.628
49,20,10.127,7.492,2.36,3.756,1.279,2.097,6.586,5.001,2.881,0.607,2.467,2.899
49,21,9.834,5.012,2.07,3.853,1.09,3.124,6.571,5.604,4.253,1.774,2.419,2.207
49,22,10.533,6.319,2.02,4.455,1.769,3.054,6.921,6.545,5.404,0.342,2.468,2.826
49,23,9.764,5.626,1.086,3.92,1.518,4.428,7.911,4.359,2.958,0.776,3.652,2.085
49,24,12.595,6.645,2.005,3.735,1.023,2.78,7.99,5.316,4.76,0.917,3.695,2.69
49,25,12.586,5.278,0.735,5.791,2.142,2.888,7.043,4.873,2.48,1.658,2.877,3.293
49,26,12.59,5.509,1.28,3.384,2.168,3.005,7.515,4.466,4.783,0.905,1.897,1.993
49,27,10.896,5.605,0.968,5.131,1.882,3.058,6.894,4.881,5.661,0.426,2.735,2.06
49,28,12.452,6.003,1.769,3.864,0.741,1.878,5.055,4.961,3.175,0.387,2.724,2.751
49,29,11.075,4.255,0.438,4.951,0.853,2.403,7.434,4.168,5.251,1.383,3.991,3.531
49,30,9.714,6.653,1.646,3.133,0.27,2.362,5.376,3.682,4.9,1.29,2.916,4.259
49,31,13.149,6.549,1.497,4.051,1.282,1.916,6.793,4.932,2.734,1.487,2.908,4.087
49,32,11.238,7.959,0.935,3.5,0.883,1.993,5.271,4.801,5.814,1.278,3.137,3.582
49,33,9.837,5.247,1.867,4.272,1.3,3.075,5.95,5.669,4.603,0.707,2.536,2.958
49,34,10.315,5.299,2.158,5.106,2.022,3.333,7.269,5.988,4.184,0.557,2.904,3.787
49,35,9.636,4.412,1.022,3.158,0.819,2.602,6.777,4.35,5.273,0.572,3.06,3.728
49,36,11.805,7.052,0.798,4.504,1.446,2.414,8.111,5.427,4.315,1.213,3.424,2.932
49,37,8.583,1.04,0.371,0.589,1.551,6.179,4.678,0.869,5.996,0.485,10.19,1.734
49,38,8.23,1.567,0.12,1.978,0.428,6.413,5.027,0.776,6.815,0.818,10.576,0.447
49,39,7.236,2.203,1.238,0.417,0.914,5.488,4.964,1.906,6.663,0.258,9.725,0.639
49,40,9.025,1.965,1.68,1.098,0.894,4.73,5.133,1.914,7.168,1.333,8.94,0.969
49,41,9.033,0.473,1.966,0.822,0.337,4.305,4.944,2.091,7.426,1.243,6.833,1.177
49,42,10.719,0.882,1.872,0.773,0.781,5.017,4.365,1.594,4.879,0.851,10.681,1.947
49,43,8.179,0.575,1.241,1.539,0.439,4.573,4.807,1.178,6.754,1.995,8.731,1.797
49,44,8.625,1.418,0.549,1.094,0.0,5.384,6.728,1.168,5.258,1.675,8.064,1.797
49,45,9.304,1.726,0.885,1.809,0.786,5.088,4.861,0.971,6.589,1.384,7.27,0.996
49,46,7.803,0.22,0.452,1.769,1.848,5.182,5.276,0.64,6.887,1.244,10.095,1.955
49,47,7.972,1.557,2.017,1.852,1.806,4.768,6.59,1.055,5.653,1.021,10.151,1.537
49,48,9.219,0.334,1.464,1.231,1.729,5.687,5.294,0.861,7.074,2.078,7.999,1.423
49,49,1.89,1.444,0.582,0.02,0.563,1.061,0.877,0.872,1.969,1.363,0.565,1.668
49,50,2.781,0.64,0.543,0.818,0.524,1.819,1.064,1.013,1.0,0.483,0.825,0.117
50,1,1.381,1.996,1.176,1.952,0.849,1.402,2.045,0.977,0.656,0.57,1.642,1.946
50,2,1.841,1.456,1.687,2.021,1.304,1.373,1.794,1.172,1.463,1.259,0.529,2.179
50,3,1.763,1.76,1.224,1.462,1.85,2.246,0.064,0.637,1.149,0.849,0.607,2.278
50,4,1.515,0.985,1.236,0.328,1.977,0.738,1.215,0.835,1.049,1.57,1.823,0.586
50,5,1.881,1.207,1.574,1.402,1.023,0.978,1.628,0.726,0.144,1.995,1.094,0.408
50,6,1.613,2.204,1.813,0.871,1.427,1.427,1.305,0.841,0.766,1.635,0.115,1.134
50,7,1.143,1.878,1.715,1.355,1.311,0.272,2.463,1.599,1.211,0.812,1.643,1.637
50,8,0.707,0.835,1.608,0.555,1.281,1.58,0.446,1.455,0.936,1.508,1.08,1.215
50,9,1.704,0.58,2.11,1.348,1.545,0.837,2.025,1.205,1.85,1.315,1.976,2.147
50,10,1.221,1.918,0.546,1.49,1.309,1.567,1.844,1.762,0.549,0.625,1.684,1.168
50,11,1.177,0.7,0.795,1.686,0.723,1.909,0.976,1.106,2.073,1.111,1.705,1.481
50,12,0.329,1.778,1.978,1.695,1.318,1.387,1.78,0.98,0.416,2.035,0.811,0.745
50,13,1.399,1.998,1.179,1.545,0.81,1.772,1.018,0.817,0.0,0.595,1.921,0.84
50,14,1.515,0.851,2.043,1.844,0.259,2.059,0.458,0.606,1.667,0.602,0.227,1.065
50,15,13.19,4.932,1.877,3.496,1.801,3.208,5.257,5.702,4.573,1.024,4.317,3.09
50,16,10.79,5.146,1.178,5.148,1.369,3.166,5.723,5.265,4.241,1.27,3.982,2.586
50,17,10.379,4.168,0.852,4.259,1.781,2.383,5.215,5.785,3.371,0.993,2.195,3.961
50,18,13.701,4.692,0.98,3.277,1.946,3.075,7.929,4.588,4.8,1.499,2.573,3.363
50,19,11.599,7.214,1.483,5.061,0.797,3.426,4.587,4.775,4.355,0.634,2.478,3.203
50,20,12.694,4.658,0.991,4.037,0.504,4.34,8.306,4.594,4.668,1.386,3.875,3.709
50,21,11.168,5.876,0.821,3.429,2.072,1.493,7.648,5.038,3.992,0.471,2.919,2.988
50,22,11.382,6.058,1.877,4.313,0.683,2.612,5.757,5.256,3.826,2.52,2.263,3.335
50,23,9.861,5.963,1.689,4.434,0.41,2.533,5.379,5.743,4.477,1.051,2.744,2.864
50,24,11.173,5.646,0.913,5.898,0.69,3.957,7.359,3.836,5.063,1.761,2.813,2.71
50,25,12.321,6.334,2.283,3.857,1.27,2.04,8.127,5.004,4.588,0.814,2.482,3.364
50,26,10.537,4.698,1.755,3.508,1.432,3.605,6.42,6.632,4.171,1.198,3.557,4.655
50,27,10.614,5.378,1.791,2.872,1.952,3.812,6.182,5.426,3.141,1.671,3.46,2.67
50,28,11.302,6.532,1.475,3.649,0.414,2.181,8.258,4.736,3.63,0.995,2.513,3.752
50,29,12.172,6.941,0.71,4.712,0.889,2.929,5.687,5.396,3.276,1.647,2.759,2.995
50,30,8.994,5.763,0.499,4.294,0.834,3.302,6.696,4.1,3.405,1.169,3.867,3.076
50,31,11.27,4.304,0.785,4.59,0.919,2.892,5.516,6.141,3.908,0.802,3.759,3.126
50,32,13.336,6.947,2.095,3.623,1.888,3.611,8.522,4.625,5.323,2.085,2.944,4.163
50,33,10.654,4.983,1.765,5.066,1.389,2.436,6.227,4.966,4.193,0.98,1.866,3.854
50,34,12.16,5.657,1.359,6.192,1.695,3.008,5.61,4.632,3.84,0.554,2.247,3.622
50,35,10.74,4.521,1.719,4.106,1.481,1.953,6.253,5.84,2.964,0.327,2.653,3.307
50,36,0.944,1.319,0.395,0.845,0.73,1.319,0.636,1.54,1.262,1.275,2.195,1.124
50,37,7.144,1.965,0.631,1.283,1.406,5.548,6.306,1.492,6.245,1.645,8.839,0.707
50,38,7.274,1.245,1.075,0.51,0.998,6.454,4.543,1.26,7.633,1.18,9.606,1.597
50,39,10.65,1.603,0.85,1.31,1.93,5.429,3.946,1.608,8.511,1.165,8.778,1.676
50,40,8.009,1.798,1.468,0.974,1.354,6.174,5.657,1.261,7.329,1.295,10.233,1.296
50,41,7.642,1.627,0.929,1.796,0.834,4.325,5.869,1.593,5.564,0.99,8.313,2.021
50,42,7.784,0.73,0.409,0.91,1.178,5.469,5.699,1.564,7.782,1.164,9.142,0.815
50,43,9.06,2.07,1.737,0.862,0.57,5.601,4.428,0.502,8.307,0.844,10.453,1.015
50,44,8.702,1.848,1.806,1.113,1.474,5.17,4.654,1.28,6.127,2.572,7.406,1.157
50,45,8.125,2.242,0.96,2.095,1.582,5.611,4.089,1.731,7.304,1.838,8.05,0.349
50,46,9.739,1.058,0.871,2.004,1.207,5.694,5.973,1.121,6.645,1.322,6.772,0.962
50,47,7.936,2.168,1.431,1.832,1.096,4.511,5.392,1.335,4.844,1.509,8.073,2.084
50,48,10.594,1.515,0.422,1.961,1.093,5.041,5.487,1.637,7.238,0.795,6.22,1.785
50,49,1.182,0.914,1.55,1.089,0.826,1.484,1.355,1.261,2.4,0.61,1.941,1.135
50,50,1.318,1.666,0.846,1.008,0.97,1.764,1.305,1.562,0.572,0.503,1.805,2.061
51,1,0.973,0.997,1.719,0.836,0.602,0.68,1.027,1.668,1.23,1.023,1.662,0.832
51,2,1.098,2.131,0.421,1.042,0.906,1.387,0.368,2.003,0.831,1.11,1.08,1.215
51,3,1.245,1.245,0.457,1.432,0.47,0.671,0.815,1.527,0.404,1.177,1.714,2.33
51,4,1.479,1.311,1.301,0.0,1.23,2.337,1.017,1.116,0.2,1.423,0.974,1.578
51,5,0.843,0.864,0.736,1.499,0.375,2.254,1.4,1.077,1.838,0.297,1.289,1.657
51,6,1.223,1.126,1.168,2.186,0.889,1.049,1.557,0.201,1.834,0.851,0.591,1.446
51,7,1.431,1.072,1.58,1.696,1.287,1.173,1.628,1.123,2.14,2.122,1.685,0.52
51,8,0.395,1.166,0.919,1.634,1.273,1.687,0.524,0.945,0.934,2.031,1.501,0.317
51,9,1.874,1.739,1.214,1.287,1.793,1.09,0.429,1.395,0.9,1.344,1.625,0.814
51,10,1.64,1.557,0.695,1.13,2.028,0.303,0.919,0.491,0.988,1.261,0.78,0.69
51,11,0.426,0.536,1.766,0.577,2.015,1.084,0.798,1.426,0.333,1.815,0.768,0.761
51,12,1.434,0.0,1.78,0.629,1.294,2.296,0.495,1.262,1.251,0.945,1.344,1.389
51,13,0.919,2.292,1.754,2.178,1.292,1.321,0.719,1.215,1.274,1.511,1.818,1.309
51,14,0.78,0.742,2.417,0.265,0.817,0.81,0.665,1.337,0.0,0.353,0.695,1.026
51,15,11.841,7.272,1.226,3.985,0.416,3.667,7.084,5.389,2.359,0.677,2.35,4.447
51,16,9.493,5.96,1.208,4.201,1.239,2.337,8.039,5.162,4.418,1.072,1.895,4.482
51,17,14.62,4.609,1.005,2.934,0.889,2.856,7.366,5.686,4.896,1.59,3.727,3.199
51,18,11.515,5.011,0.785,5.123,1.244,2.292,7.354,4.783,4.734,0.73,4.221,3.693
51,19,12.071,4.819,0.701,3.037,1.603,2.334,7.856,6.181,4.05,0.033,2.449,3.26
51,20,11.782,6.678,0.047,3.738,1.589,3.366,8.246,5.165,5.129,0.619,1.841,2.582
51,21,11.484,5.059,1.935,4.165,1.752,2.736,5.747,5.813,4.927,1.523,2.403,4.727
51,22,11.755,5.661,1.477,4.075,1.349,2.207,5.272,5.155,3.619,1.805,2.831,4.161
51,23,11.656,7.922,0.182,4.435,2.044,3.335,5.687,6.607,3.386,0.535,2.907,2.866
51,24,10.7,5.425,1.153,2.81,2.124,1.974,7.021,5.444,4.977,1.593,2.688,3.815
51,25,13.361,6.556,1.218,4.081,0.932,3.35,7.692,6.314,4.627,1.86,3.2,3.107
51,26,9.454,3.971,1.368,4.201,1.389,2.504,7.281,6.361,4.662,1.054,1.952,2.211
51,27,10.225,5.622,1.489,2.717,1.786,3.283,5.453,6.761,4.519,1.811,2.962,3.969
51,28,11.924,6.97,2.332,2.548,1.556,2.361,5.942,5.459,4.616,0.309,2.41,3.367
51,29,10.005,4.255,2.281,4.602,1.405,2.423,7.058,4.714,5.21,1.595,3.405,4.099
51,30,10.421,5.116,1.432,3.242,0.596,3.67,8.031,4.108,5.254,1.062,1.961,3.473
51,31,11.999,5.438,1.366,3.45,1.722,2.513,8.76,6.517,4.081,1.601,2.53,3.62
51,32,11.167,6.718,1.441,5.362,0.772,2.292,6.021,4.332,3.823,0.936,3.01,1.457
51,33,9.149,7.387,1.259,4.43,1.269,3.274,7.391,5.637,3.846,1.608,1.708,2.833
51,34,10.378,6.027,1.125,3.784,1.197,3.166,7.845,4.473,3.203,0.848,2.4,2.889
51,35,10.139,7.664,0.901,3.484,0.163,2.744,5.106,4.55,4.459,0.98,3.833,2.047
51,36,1.899,1.728,0.281,1.746,1.355,0.454,0.512,0.364,1.683,1.609,0.849,0.798
51,37,8.504,1.575,1.599,1.757,0.924,5.831,5.563,0.935,6.198,0.555,5.867,1.118
51,38,8.431,0.627,0.906,1.789,1.979,4.873,6.467,1.966,7.214,1.34,8.299,1.732
51,39,10.119,2.279,2.078,0.426,1.482,5.572,4.905,0.382,6.247,0.439,7.57,0.8
51,40,9.757,2.316,1.965,2.074,0.651,6.08,5.627,2.074,8.946,1.793,8.872,1.384
51,41,8.315,1.516,1.924,1.742,1.151,3.854,6.299,0.831,6.614,1.216,9.955,1.127
51,42,8.872,1.663,2.056,2.092,0.514,6.244,5.134,0.669,6.325,2.111,9.066,0.0
51,43,9.704,1.009,1.309,0.905,0.96,3.867,5.201,0.899,5.783,2.187,8.737,0.936
51,44,7.148,0.441,0.683,1.389,0.529,5.555,5.33,0.364,7.755,1.429,9.522,0.962
51,45,9.738,1.244,1.558,1.181,1.332,5.449,6.275,0.87,5.622,0.96,9.618,1.461
51,46,8.656,1.303,1.268,1.363,1.672,5.437,4.561,0.781,6.391,1.096,7.891,1.479
51,47,7.49,1.22,0.555,1.854,1.152,5.144,4.311,2.033,7.753,0.567,7.721,1.4
51,48,9.978,1.751,0.674,0.77,1.962,5.434,5.23,0.674,7.907,1.752,7.576,1.342
51,49,1.571,1.546,1.571,0.425,1.132,1.068,1.515,0.773,1.607,0.584,1.316,0.057
51,50,1.847,1.335,2.57,0.907,2.132,1.8,1.963,0.896,1.177,1.883,2.235,0.498
52,1,0.827,0.888,1.464,1.549,1.042,2.238,0.787,0.663,2.334,1.881,1.118,2.028
52,2,0.838,0.812,1.545,1.071,1.47,0.759,1.177,0.998,1.233,1.268,2.112,0.414
52,3,0.379,1.605,1.531,1.631,1.618,0.625,1.828,0.2,1.513,0.741,1.023,1.285
52,4,1.194,1.311,0.776,0.971,1.781,0.766,0.48,1.452,1.694,0.983,1.196,1.625
52,5,1.764,1.672,1.363,2.062,1.485,1.407,1.116,2.137,1.338,0.619,0.441,1.919
52,6,1.914,2.229,0.871,0.036,0.918,1.682,1.769,2.103,1.405,1.391,1.782,0.221
52,7,1.756,0.307,0.97,1.362,1.259,1.638,1.15,1.521,0.441,1.052,0.986,1.289
52,8,1.64,0.772,1.399,0.467,1.384,1.343,0.646,1.814,0.922,0.895,1.127,0.63
52,9,0.999,1.369,1.642,1.343,2.095,1.801,1.82,1.941,0.361,0.901,2.401,1.807
52,10,1.301,2.337,1.639,0.78,1.073,0.824,0.0,1.267,1.416,0.0,2.46,1.687
52,11,1.142,0.594,1.178,2.031,1.046,2.048,1.155,1.529,0.912,1.328,0.969,1.464
52,12,0.857,1.409,1.587,0.884,0.375,1.572,1.798,1.111,1.73,1.402,1.329,2.016
52,13,0.893,1.618,1.667,0.7,0.915,1.761,0.96,1.737,2.477,0.436,1.204,1.093
52,14,1.679,2.068,1.119,0.671,1.246,1.154,1.132,1.313,1.696,1.738,1.114,0.522
52,15,10.848,6.235,2.608,4.76,1.644,3.076,7.737,6.228,4.088,0.296,3.392,4.26
52,16,10.65,5.264,0.641,4.678,2.107,2.677,5.968,5.27,4.541,1.352,3.285,1.448
52,17,12.252,6.095,1.751,4.677,1.492,3.517,6.428,4.379,4.048,0.265,2.323,2.315
52,18,13.26,6.131,0.788,2.732,1.036,2.585,5.518,5.159,2.9,1.585,2.413,3.832
52,19,12.576,5.878,1.039,3.782,1.502,2.072,5.468,5.035,4.961,0.392,2.983,3.56
52,20,12.284,5.314,1.85,5.19,1.898,2.924,6.875,3.729,6.321,1.816,3.698,3.33
52,21,12.894,5.92,1.253,4.941,1.831,3.19,8.042,4.853,3.455,2.006,2.506,2.507
52,22,10.481,3.859,1.846,4.259,0.852,3.295,8.379,4.501,4.185,1.921,3.874,3.573
52,23,12.433,7.095,1.097,5.043,1.008,2.907,8.343,4.486,5.069,0.963,3.109,2.671
52,24,12.745,6.85,1.151,3.399,1.545,2.865,5.345,4.089,4.971,2.394,2.946,5.18
52,25,11.578,7.032,1.459,3.569,0.653,2.884,6.248,4.749,3.283,1.024,2.191,3.685
52,26,9.312,5.814,0.548,3.936,1.169,3.973,5.893,5.715,2.689,0.432,2.616,1.476
52,27,10.674,7.103,2.074,4.143,1.492,1.792,7.12,6.053,2.942,0.0,3.131,2.891
52,28,10.915,5.712,0.864,4.283,1.921,2.247,7.294,5.284,4.552,1.346,1.374,3.672
52,29,9.462,6.393,1.483,5.229,0.719,3.73,8.182,4.37,2.474,1.545,2.386,3.869
52,30,11.907,4.607,1.203,4.103,1.128,4.179,8.433,4.665,5.024,1.534,2.836,4.278
52,31,12.306,5.82,1.195,4.327,0.798,2.767,7.879,6.037,5.347,0.777,2.683,3.817
52,32,12.166,5.599,1.355,3.434,0.781,3.855,6.392,5.407,3.686,2.317,1.786,2.397
52,33,11.039,4.387,2.622,2.809,2.285,2.53,7.732,4.998,4.889,0.716,3.461,3.884
52,34,10.097,5.967,1.415,3.664,0.842,2.056,8.134,6.47,4.724,2.138,3.226,3.378
52,35,10.422,6.406,1.756,4.399,1.428,2.215,6.139,4.945,3.51,0.472,4.286,2.269
52,36,1.228,1.248,1.684,1.486,0.93,1.071,1.017,0.482,1.792,1.324,2.229,1.727
52,37,8.224,2.251,0.011,0.186,0.516,5.524,6.713,0.991,5.639,0.391,7.073,1.544
52,38,10.883,1.785,1.67,1.82,1.68,4.876,6.184,1.394,6.037,0.272,7.504,1.261
52,39,10.019,1.226,1.486,1.933,1.251,5.421,5.714,2.406,6.631,1.464,6.715,1.16
52,40,8.405,1.311,0.924,1.444,1.091,4.145,4.944,0.356,5.702,1.349,7.669,1.208
52,41,9.535,0.527,1.225,1.024,0.282,5.58,5.169,0.617,6.503,0.165,7.88,0.478
52,42,7.328,1.755,1.143,0.222,1.453,4.158,5.828,1.36,6.482,1.848,8.985,1.642
52,43,7.219,1.17,0.738,1.672,1.042,5.49,5.103,1.481,7.943,1.478,8.812,1.493
52,44,10.069,0.388,0.799,1.281,1.999,4.847,6.041,2.069,7.016,0.948,9.587,0.611
52,45,8.505,1.095,0.642,1.706,1.013,5.65,5.902,2.188,5.686,1.055,9.723,1.644
52,46,9.034,0.62,1.398,1.424,0.805,6.18,3.282,1.154,7.472,1.576,7.44,0.625
52,47,8.781,2.047,0.623,1.85,1.636,5.975,6.219,1.892,7.619,1.637,8.421,1.22
52,48,9.488,0.695,0.354,0.0,0.902,4.587,5.816,1.652,6.101,1.923,7.047,2.082
52,49,1.11,1.309,0.765,1.584,1.096,1.911,2.014,1.348,0.991,0.973,1.574,0.935
52,50,2.01,2.049,0.497,0.824,1.146,1.059,0.504,1.554,1.888,2.299,2.157,1.591
53,1,0.713,1.983,2.046,1.592,0.666,0.835,2.203,1.345,0.324,1.852,1.049,1.243
53,2,1.089,2.125,1.122,1.906,1.332,0.216,1.057,0.96,1.834,1.199,1.607,1.154
53,3,1.344,1.687,1.081,0.544,1.876,1.018,1.892,1.371,0.965,0.544,1.525,1.505
53,4,1.112,0.212,0.845,1.755,0.672,1.45,1.821,0.566,1.177,1.436,1.242,1.147
53,5,1.618,1.45,0.041,1.944,1.253,2.088,1.311,1.037,1.655,1.695,0.497,0.071
53,6,1.681,0.505,0.528,0.913,0.559,2.124,1.355,0.59,1.614,1.055,1.606,1.101
53,7,1.19,0.772,1.891,0.991,0.142,0.794,1.695,1.002,1.642,1.899,0.671,1.168
53,8,1.383,0.828,1.111,1.053,2.102,1.405,1.946,0.644,0.99,1.262,1.391,1.141
53,9,0.325,1.391,1.227,1.482,1.249,0.805,2.125,1.198,1.773,0.256,1.14,1.262
53,10,0.965,1.341,1.374,1.846,0.477,1.495,1.369,1.17,1.55,1.05,1.102,0.58
53,11,1.073,1.82,0.626,1.578,1.308,1.201,1.129,1.784,0.368,0.612,0.484,1.438
53,12,1.875,0.607,2.188,1.386,1.222,1.901,1.725,0.947,1.769,1.159,0.964,1.719
53,13,0.519,1.331,0.6,1.405,0.708,1.431,1.995,1.936,0.987,0.711,0.665,0.134
53,14,1.714,1.8,2.399,1.14,0.654,0.4,1.856,1.374,1.118,1.43,0.532,0.277
53,15,12.703,5.198,0.479,4.555,0.775,2.781,6.612,4.879,2.865,1.013,2.019,2.64
53,16,9.825,6.119,0.794,3.547,1.406,3.221,8.489,5.891,5.142,0.832,3.169,3.181
53,17,11.217,5.995,1.074,4.403,1.909,1.594,5.96,6.177,4.87,0.746,3.086,5.113
53,18,12.345,6.678,0.594,4.441,0.917,3.498,7.904,5.636,6.287,0.865,2.792,2.822
53,19,12.246,4.553,2.403,4.587,2.125,3.045,6.657,4.198,4.265,1.045,1.727,2.479
53,20,13.855,4.715,1.632,5.298,0.149,2.333,6.927,5.587,3.835,1.688,3.383,3.112
53,21,12.361,4.189,1.999,3.808,0.971,2.749,5.808,5.277,4.424,0.85,3.669,2.838
53,22,11.492,6.618,1.011,4.51,1.782,2.981,6.392,4.644,4.821,0.333,2.685,2.128
53,23,11.883,6.643,1.401,5.901,0.736,3.177,6.905,4.917,3.733,1.063,2.064,3.719
53,24,9.59,4.839,1.195,4.159,0.917,2.983,6.093,5.726,3.861,1.147,3.638,2.938
53,25,11.098,7.3,1.815,4.325,1.421,2.723,6.807,6.192,4.394,0.679,3.167,4.003
53,26,11.266,6.705,1.252,5.597,1.437,2.464,7.144,5.393,4.607,0.895,2.697,4.077
53,27,11.192,5.613,1.539,4.056,1.731,3.571,6.834,5.377,5.003,1.431,4.106,2.791
53,28,9.23,7.584,2.071,4.253,0.322,2.728,6.687,5.403,4.657,1.048,3.14,4.175
53,29,9.848,5.324,0.958,2.877,1.525,2.681,8.361,4.848,3.406,2.314,2.849,3.429
53,30,12.784,5.989,1.497,5.904,1.911,1.521,6.811,3.59,4.461,1.675,2.379,2.384
53,31,10.563,4.813,0.647,4.895,0.748,2.724,6.281,5.914,4.039,0.824,2.671,4.692
53,32,12.144,4.577,0.935,3.789,0.947,3.336,7.028,7.131,4.479,1.527,1.573,2.118
53,33,10.148,5.828,0.701,3.818,1.172,3.33,7.426,5.393,4.437,1.116,2.801,3.822
53,34,10.12,6.256,1.158,5.175,1.761,3.529,7.006,6.067,4.588,0.115,3.078,4.305
53,35,11.821,5.25,1.972,4.353,1.195,2.394,7.285,4.87,3.446,1.149,2.122,3.679
53,36,1.106,1.093,1.156,1.495,1.742,1.0,0.819,1.555,0.983,1.959,0.273,0.177
53,37,8.488,1.82,1.057,1.702,0.341,4.937,5.628,1.059,8.071,0.402,8.398,2.066
53,38,9.423,0.992,1.897,1.572,1.162,4.975,5.427,1.344,8.779,1.629,8.971,0.976
53,39,7.818,0.795,1.993,0.935,1.634,4.256,4.851,1.823,7.423,1.776,8.713,0.11
53,40,9.831,1.813,0.58,1.964,1.633,6.143,6.037,0.838,8.436,0.548,6.35,1.28
53,41,7.541,1.007,1.583,0.653,1.597,5.844,4.668,1.144,6.313,1.808,8.666,1.168
53,42,9.774,1.524,1.405,0.665,1.485,3.973,5.61,0.65,5.384,0.736,9.692,1.531
53,43,8.882,1.639,1.106,0.726,1.877,5.399,3.948,1.904,6.823,0.923,9.333,1.388
53,44,9.597,1.068,0.513,1.139,2.379,6.054,4.473,0.926,7.702,1.23,7.609,2.016
53,45,8.857,0.756,0.47,0.243,1.616,5.003,4.883,1.48,8.01,1.525,7.008,2.48
53,46,7.438,0.85,2.113,1.1,1.351,4.747,6.106,0.516,7.045,0.62,8.978,0.904
53,47,9.806,2.066,0.36,0.948,1.079,4.883,5.692,1.592,5.777,1.794,10.977,1.556
53,48,7.743,0.944,1.443,1.899,1.273,5.003,5.044,1.473,5.108,1.676,6.181,0.471
53,49,1.887,1.184,1.487,0.309,1.795,1.324,0.937,0.771,1.193,1.702,1.495,1.278
53,50,0.68,1.227,1.971,1.138,0.629,0.958,1.994,1.348,1.654,1.038,0.593,0.65
54,1,1.368,1.204,0.809,0.761,1.461,1.474,0.78,1.476,1.779,1.308,0.12,1.016
54,2,0.656,1.196,1.559,0.0,0.65,0.866,0.43,1.238,1.303,2.069,1.547,1.015
54,3,1.433,1.149,1.802,0.891,1.867,1.203,0.431,1.849,1.439,1.11,1.194,0.487
54,4,1.495,1.404,1.783,1.138,1.463,1.24,0.978,1.464,0.0,1.207,1.544,0.826
54,5,1.017,1.104,1.27,1.115,1.748,1.545,1.058,1.686,0.492,1.543,1.594,1.799
54,6,1.945,0.772,0.816,1.843,2.566,0.825,1.308,1.807,0.392,0.475,1.72,0.851
54,7,0.258,1.086,0.341,0.895,0.86,1.323,1.744,1.126,1.664,0.998,1.221,1.015
54,8,2.366,1.793,1.466,1.189,0.814,0.397,0.296,1.435,1.554,1.643,1.058,1.99
54,9,0.669,0.843,0.234,0.0,2.037,0.675,1.759,1.691,0.737,1.05,0.278,1.548
54,10,1.322,1.315,1.053,1.542,1.885,1.063,1.378,1.906,1.173,2.307,1.462,1.42
54,11,1.296,1.652,1.105,1.641,1.541,0.597,0.768,0.715,1.262,0.663,1.086,0.727
54,12,0.925,0.844,0.941,1.028,0.976,1.751,1.196,1.924,1.412,1.465,1.739,1.897
54,13,0.96,0.803,2.57,1.199,0.892,1.455,0.629,1.483,1.531,1.909,2.246,0.603
54,14,0.781,1.488,0.645,1.329,1.201,1.003,1.51,0.337,2.089,1.445,2.443,1.088
54,15,1.827,0.984,0.65,1.584,1.047,0.871,1.154,1.257,0.819,1.243,0.555,1.928
54,16,12.258,4.475,0.209,4.145,1.552,3.031,5.16,4.781,3.745,0.757,2.119,2.091
54,17,12.874,5.77,2.115,3.14,1.416,3.544,7.819,5.889,3.264,0.761,3.499,2.773
54,18,11.024,6.029,2.089,3.947,1.809,3.355,6.054,6.509,5.149,1.022,2.665,2.736
54,19,9.716,5.179,1.307,3.524,1.489,1.912,7.318,3.628,3.312,1.172,2.632,2.476
54,20,12.643,5.028,1.52,2.776,0.154,3.506,6.04,4.864,5.317,0.905,2.688,3.354
54,21,10.864,7.026,1.871,3.289,0.887,3.224,6.091,5.44,4.565,0.488,3.092,2.229
54,22,11.717,5.278,0.891,3.996,0.685,3.008,6.065,5.499,5.781,1.385,3.061,2.959
54,23,11.49,7.689,1.025,5.717,1.38,2.892,6.848,5.73,4.089,1.073,2.965,3.651
54,24,10.246,6.946,0.953,4.445,1.319,2.656,6.719,6.471,4.181,0.719,2.689,3.903
54,25,11.617,5.257,1.096,4.025,0.731,1.91,7.548,6.777,4.848,1.705,3.762,2.576
54,26,10.906,6.533,0.741,5.598,0.672,3.382,6.337,5.788,3.994,1.46,2.48,4.034
54,27,10.38,6.027,0.809,2.971,1.275,2.731,7.676,5.558,4.47,1.766,1.625,2.663
54,28,11.413,5.611,0.587,3.789,0.753,2.332,5.017,4.885,4.291,1.237,3.608,4.544
54,29,11.032,6.001,0.835,3.207,1.107,2.983,5.812,5.529,4.046,1.241,2.388,2.262
54,30,12.394,6.134,1.58,3.778,1.912,3.275,5.821,6.527,4.271,1.418,2.894,3.281
54,31,8.926,4.433,0.933,3.855,0.882,3.146,6.079,6.988,3.262,2.165,3.093,2.096
54,32,10.945,5.417,1.77,4.429,1.46,2.845,5.812,6.398,3.591,1.004,2.361,4.25
54,33,12.281,7.8,1.637,4.116,1.974,2.41,8.332,5.256,5.455,1.965,1.563,3.497
54,34,9.731,5.202,1.956,4.867,0.758,3.307,7.249,5.005,4.106,1.821,1.911,2.726
54,35,0.811,0.954,0.821,1.696,1.059,1.09,1.041,1.192,1.055,0.712,1.759,0.995
54,36,2.346,1.88,1.104,1.087,0.587,1.392,1.135,1.89,0.762,0.358,1.177,0.768
54,37,7.533,0.452,1.137,0.73,2.329,6.081,5.122,0.515,6.084,2.25,7.254,1.863
54,38,8.592,1.075,2.197,1.378,1.692,4.737,5.017,0.436,6.205,2.433,8.019,0.929
54,39,9.748,2.164,0.907,0.193,1.086,6.407,5.953,1.488,7.652,1.317,6.222,0.0
54,40,10.021,0.685,1.619,0.988,1.946,5.298,7.01,0.939,5.759,0.675,6.185,1.292
54,41,10.401,1.395,0.811,2.081,1.314,6.225,5.449,1.147,6.113,0.86,10.136,1.683
54,42,8.808,1.671,1.345,1.055,1.244,6.008,4.874,1.243,7.937,1.635,7.133,0.569
54,43,10.082,0.686,1.99,1.064,0.77,6.908,5.171,0.847,7.8,1.547,10.756,1.241
54,44,8.818,0.634,1.645,1.715,1.435,3.998,4.944,0.502,5.766,0.647,7.796,1.06
54,45,8.178,1.959,0.568,0.537,1.095,5.997,4.07,0.743,5.453,0.964,8.467,1.419
54,46,9.973,1.483,0.581,0.994,1.59,5.542,5.971,0.976,8.149,1.279,9.549,1.692
54,47,8.824,0.291,1.556,1.566,1.44,4.564,5.618,0.973,5.374,0.407,8.17,1.327
54,48,9.538,0.453,0.64,2.003,1.343,4.31,5.484,0.751,6.974,1.458,10.01,1.329
54,49,0.878,1.615,1.393,0.882,1.518,1.52,2.028,2.308,1.543,0.428,0.89,0.879
54,50,1.13,1.056,0.768,0.929,1.393,1.884,1.699,1.234,1.576,0.728,2.187,0.933
55,1,1.453,1.815,1.577,1.54,1.857,0.733,0.833,1.11,0.432,1.226,0.088,1.742
55,2,1.728,1.249,2.116,1.592,1.065,1.055,0.246,1.253,1.824,1.608,1.354,0.8
55,3,0.839,1.338,1.581,1.081,1.518,0.412,0.687,1.605,1.684,1.598,0.348,1.711
55,4,1.068,1.42,1.736,1.62,0.801,1.108,1.161,1.234,0.961,0.926,1.268,0.87
55,5,1.966,1.439,1.568,1.233,1.101,1.857,0.116,1.13,0.565,0.679,0.216,1.06
55,6,1.916,1.578,1.363,1.282,1.459,1.714,0.441,1.537,0.41,2.164,0.306,1.206
55,7,2.039,1.38,0.92,2.11,0.477,1.192,1.057,0.91,1.186,0.826,2.142,0.951
55,8,1.103,1.031,1.872,0.852,0.32,1.351,1.127,1.612,2.19,2.431,1.13,0.837
55,9,1.355,0.859,0.78,1.172,2.173,2.222,1.265,1.576,1.688,0.01,1.19,0.575
55,10,0.958,1.254,1.11,2.071,0.999,0.817,0.455,0.724,0.903,1.519,1.48,1.752
55,11,1.681,1.252,0.923,0.983,1.771,1.102,1.085,0.928,2.245,1.681,0.372,1.682
55,12,0.838,0.574,1.899,0.543,1.519,1.138,1.624,1.627,2.442,1.67,1.344,2.241
55,13,1.658,1.478,1.486,1.124,1.338,1.723,1.229,1.663,1.557,1.326,1.678,1.925
55,14,1.892,1.543,1.414,0.25,0.607,1.596,1.163,1.64,1.634,0.18,1.308,1.74
55,15,1.444,1.177,1.009,0.188,1.682,1.915,1.845,1.42,0.006,1.543,1.861,1.871
55,16,11.499,4.873,1.07,3.908,1.544,3.286,6.631,5.07,3.378,1.87,3.463,2.98
55,17,11.685,4.528,1.294,4.358,1.654,3.156,7.062,5.643,5.283,0.653,2.347,3.757
55,18,11.381,6.426,0.716,3.725,1.436,1.916,6.889,4.783,4.411,0.939,2.649,3.755
55,19,10.378,6.092,1.682,5.089,1.164,2.658,4.917,5.561,3.787,0.811,3.346,3.532
55,20,12.75,6.519,1.131,5.403,1.459,3.246,5.814,4.58,5.52,1.004,2.087,3.737
55,21,11.425,5.751,0.699,3.028,1.034,2.686,5.25,6.276,4.184,0.812,2.587,3.177
55,22,11.03,6.299,1.611,4.922,1.414,2.944,5.314,5.51,4.587,1.538,3.448,4.3
55,23,11.203,5.695,1.548,5.348,1.867,3.112,5.922,4.674,3.823,0.617,2.149,2.991
55,24,10.397,4.629,1.796,4.641,1.833,3.136,8.078,3.318,3.682,1.419,2.994,2.719
55,25,11.162,7.282,0.972,2.557,2.172,2.054,8.612,3.944,4.318,1.241,3.136,3.203
55,26,10.151,5.358,2.199,4.02,0.949,2.276,6.62,4.72,5.797,1.728,3.847,2.582
55,27,9.83,5.867,0.737,3.944,1.43,1.871,7.025,6.365,4.769,1.129,1.71,2.13
55,28,9.802,7.789,1.037,5.025,1.921,3.116,7.802,6.544,4.808,0.914,3.176,2.761
55,29,10.441,5.95,1.878,5.598,0.684,2.742,4.98,5.597,3.202,0.94,2.914,2.615
55,30,10.331,7.162,1.772,4.83,1.946,3.365,7.44,4.657,5.339,2.214,2.036,3.831
55,31,13.35,6.238,0.38,4.275,0.137,2.195,7.357,6.639,4.169,0.744,3.096,2.791
55,32,10.849,5.544,1.602,4.981,1.559,3.101,6.285,6.133,4.512,2.079,2.404,3.627
55,33,12.328,5.266,0.612,5.217,1.678,2.193,6.866,4.329,4.764,1.491,3.435,3.113
55,34,9.899,6.436,1.128,2.711,0.706,2.437,6.143,4.78,4.562,1.689,2.38,2.469
55,35,0.89,1.73,0.313,1.498,0.576,1.171,1.245,0.395,1.0,1.738,0.802,0.763
55,36,1.245,1.23,1.154,1.486,1.383,1.011,1.058,1.289,2.222,0.07,0.546,0.99
55,37,10.539,0.224,1.32,1.672,2.127,3.98,6.229,0.623,6.53,1.4,8.493,0.81
55,38,8.399,1.152,1.43,2.291,1.224,4.973,5.083,0.457,5.131,0.308,7.083,0.877
55,39,8.984,0.797,0.801,1.793,1.447,5.128,6.406,1.211,5.749,0.759,6.399,0.633
55,40,8.269,1.354,1.727,1.365,0.96,5.685,5.486,0.75,7.354,1.946,6.412,0.607
55,41,7.785,1.049,1.045,1.411,1.748,5.025,4.044,1.475,7.106,0.62,8.955,1.117
55,42,9.494,0.541,2.14,1.167,1.546,5.535,6.53,2.228,7.987,1.742,9.367,1.407
55,43,10.084,1.836,1.355,1.12,0.68,4.446,4.158,0.511,6.42,0.94,9.272,0.622
55,44,9.628,1.185,1.847,0.576,1.359,5.797,4.814,1.444,7.833,1.567,10.233,0.549
55,45,9.179,1.092,1.591,2.034,0.633,4.446,5.276,1.006,6.985,1.059,7.321,1.196
55,46,10.396,0.411,1.964,0.324,1.843,6.152,6.071,0.38,5.271,1.375,8.89,0.79
55,47,7.689,1.623,0.119,1.152,2.041,5.324,6.825,0.539,5.943,1.857,8.353,0.728
55,48,7.558,0.536,1.731,1.443,0.64,5.289,4.881,1.294,7.426,1.413,6.485,1.201
55,49,0.783,1.118,1.698,0.55,0.838,0.48,1.295,1.227,1.565,0.829,1.761,0.744
55,50,0.342,0.529,1.713,1.368,1.339,0.956,1.88,0.417,1.816,1.134,0.917,0.973
56,1,1.188,1.78,1.303,0.87,2.118,1.365,2.082,0.915,2.027,1.128,0.442,1.976
56,2,1.839,0.698,1.064,0.408,1.227,1.027,1.324,1.218,0.241,0.945,2.323,1.319
56,3,2.7,0.677,1.391,0.706,1.808,0.761,0.344,1.451,0.711,0.882,0.75,2.604
56,4,1.161,1.337,0.889,1.334,1.835,2.119,0.787,0.784,1.151,2.067,1.752,2.189
56,5,1.357,1.467,1.502,1.936,1.597,0.927,2.115,1.89,0.69,1.855,1.881,0.298
56,6,1.283,1.322,1.479,0.435,0.549,0.439,0.801,1.008,1.737,1.605,1.192,1.514
56,7,0.812,1.864,0.443,2.309,1.889,0.0,2.195,1.641,0.876,1.185,1.277,1.999
56,8,1.014,0.62,0.792,1.781,1.682,1.419,1.517,1.427,1.836,0.765,0.816,1.854
56,9,1.411,1.892,1.566,2.097,1.858,1.389,1.04,1.347,0.63,1.453,1.537,1.257
56,10,1.06,1.963,1.318,1.159,2.264,1.659,0.886,0.659,1.393,1.301,1.241,0.757
56,11,0.497,0.555,1.649,2.175,1.363,1.539,1.716,1.586,1.287,0.225,1.076,1.951
56,12,1.232,0.883,1.41,0.597,0.332,1.659,1.101,0.686,1.731,0.979,1.622,1.388
56,13,1.314,1.257,1.324,1.88,1.52,0.992,0.724,0.987,0.854,1.907,0.713,0.337
56,14,0.668,0.866,0.4,0.656,0.923,1.564,1.335,0.85,0.232,0.868,1.365,1.959
56,15,1.711,1.232,1.478,0.928,2.193,2.386,0.466,0.878,1.869,1.005,1.242,1.246
56,16,9.441,6.716,1.575,3.427,1.578,1.519,5.835,4.805,3.605,0.61,3.02,3.747
56,17,11.98,3.479,1.853,3.717,1.288,2.984,6.17,6.342,4.885,1.506,2.928,2.688
56,18,11.365,5.978,0.996,3.856,1.093,3.064,6.632,5.177,4.494,1.391,2.329,2.62
56,19,10.063,7.614,1.982,3.502,0.479,2.345,5.844,6.108,3.419,1.264,2.575,3.406
56,20,9.777,4.735,1.223,4.193,0.88,2.029,7.25,3.153,3.824,2.378,2.546,3.13
56,21,9.948,6.706,1.834,4.161,2.461,3.231,5.901,5.135,3.565,1.414,1.775,3.774
56,22,11.777,7.407,1.563,4.391,1.692,2.268,7.956,4.608,4.05,1.786,2.039,2.193
56,23,8.528,7.509,1.355,3.588,0.437,2.031,6.436,4.943,2.819,0.433,2.693,2.789
56,24,10.057,7.451,0.34,4.662,1.195,2.143,7.756,5.828,4.074,1.692,3.171,2.307
56,25,12.073,7.419,1.338,5.564,1.122,2.042,6.02,4.629,4.221,1.32,2.433,3.973
56,26,10.287,5.002,1.97,5.497,2.596,2.934,5.835,3.873,5.254,0.859,2.168,4.108
56,27,9.607,5.809,0.634,5.652,1.576,1.805,7.299,5.566,2.888,0.478,3.036,3.594
56,28,12.367,6.187,1.647,4.483,1.492,3.001,5.619,6.091,4.575,1.111,1.945,3.287
56,29,9.904,6.308,1.579,3.969,1.804,2.774,7.663,5.055,3.154,0.714,1.62,2.789
56,30,12.693,7.71,0.581,2.695,1.071,2.439,4.891,5.943,3.706,0.736,2.308,4.493
56,31,10.617,6.366,0.558,2.864,1.952,2.404,5.939,5.566,4.328,0.189,2.136,3.032
56,32,12.153,5.894,1.562,4.299,1.638,2.202,7.546,6.957,3.179,1.301,3.153,3.212
56,33,11.001,4.915,1.555,4.771,0.704,1.899,7.539,6.172,5.346,1.3,2.102,2.61
56,34,10.355,5.299,1.373,4.236,0.18,2.639,5.598,6.068,3.345,1.008,3.663,1.438
56,35,1.901,1.216,1.155,1.054,1.371,1.007,1.691,0.608,1.87,1.704,0.892,1.418
56,36,0.56,1.905,1.072,0.689,1.308,1.165,1.004,1.45,1.662,0.778,1.467,0.471
56,37,1.558,1.982,0.345,1.484,1.258,1.712,2.229,2.074,0.717,0.655,1.051,1.954
56,38,0.0,0.55,0.707,0.367,1.089,1.759,0.872,0.96,0.931,2.156,1.468,1.947
56,39,0.802,1.383,0.936,1.448,1.039,2.1,0.729,0.922,0.843,1.733,1.056,1.528
56,40,0.549,1.625,1.231,2.054,1.836,0.825,1.918,1.382,1.34,1.727,0.06,1.564
56,41,0.933,1.404,1.943,0.752,1.506,1.577,2.058,1.376,0.316,1.756,1.832,1.279
56,42,1.224,0.865,0.986,0.553,0.285,2.698,1.293,2.127,1.209,1.724,1.162,1.927
56,43,1.681,0.938,1.183,1.237,1.064,1.519,0.339,0.676,1.372,1.437,0.816,1.624
56,44,0.904,1.34,2.024,1.691,1.623,1.202,1.236,1.665,1.538,1.845,0.729,1.951
56,45,1.816,1.556,0.76,1.542,1.201,0.597,0.807,1.725,1.652,1.246,0.779,0.868
56,46,0.533,1.731,1.921,1.118,0.693,1.182,1.477,1.947,0.949,0.684,0.723,1.772
56,47,1.01,1.311,0.525,0.666,1.577,0.639,0.75,1.958,0.77,1.095,1.764,0.874
56,48,1.159,1.708,1.677,1.238,2.077,0.894,0.631,1.485,1.681,1.309,0.74,1.226
56,49,1.705,1.034,1.825,1.885,1.372,1.565,0.889,1.334,1.654,2.069,1.112,1.5
56,50,0.827,0.932,1.094,1.35,1.332,1.0,1.663,1.307,1.725,0.528,2.018,1.082
57,1,2.428,0.894,1.52,1.391,0.43,2.506,0.911,1.584,1.575,0.909,1.689,0.873
57,2,1.835,1.527,0.348,1.201,0.809,0.816,1.473,0.925,2.297,0.967,1.461,0.906
57,3,1.916,1.746,1.798,0.451,2.775,0.455,2.106,0.625,0.446,1.409,1.271,2.348
57,4,1.268,0.801,0.488,0.588,0.0,1.961,1.61,0.646,1.381,1.382,1.714,2.135
57,5,1.803,0.518,1.527,1.349,0.441,1.128,1.441,1.557,0.578,1.862,1.192,1.258
57,6,1.019,1.696,1.216,1.188,1.783,0.701,0.769,0.617,1.301,1.749,1.85,0.877
57,7,1.818,0.42,1.814,1.054,1.42,2.492,2.025,1.608,1.627,1.094,0.801,0.759
57,8,1.141,1.233,1.922,1.703,0.974,1.477,1.885,1.701,1.706,2.159,1.128,2.021
57,9,0.742,1.331,0.753,1.036,0.321,2.057,0.846,1.522,1.752,1.636,0.825,1.584
57,10,0.838,0.795,0.839,1.644,1.629,1.406,0.942,0.545,0.577,1.808,1.296,1.386
57,11,1.317,2.123,1.477,1.566,0.609,1.085,1.523,0.729,1.577,0.804,1.009,1.222
57,12,1.73,1.55,0.74,1.657,1.099,1.258,0.065,1.783,1.125,1.339,0.29,0.146
57,13,0.913,1.673,0.814,1.446,1.598,0.415,0.478,1.958,1.856,1.308,1.231,0.506
57,14,0.595,1.732,0.889,1.18,1.71,1.14,0.807,0.895,1.386,1.54,0.748,0.476
57,15,0.772,1.179,0.571,1.935,0.481,1.854,0.355,0.29,1.364,1.29,1.624,0.867
57,16,1.618,1.727,2.006,0.793,1.319,0.978,1.312,1.464,1.334,1.083,1.95,1.845
57,17,11.076,5.598,1.021,4.475,1.342,2.201,6.196,4.548,4.734,1.286,2.744,1.783
57,18,12.12,5.672,1.465,4.03,1.392,1.659,6.437,4.285,5.416,1.29,2.212,3.097
57,19,11.835,7.143,1.127,4.906,1.565,2.219,5.666,6.817,2.982,2.509,2.427,3.339
57,20,10.33,5.352,1.343,3.988,1.831,3.677,4.899,5.761,4.283,1.137,2.583,3.432
57,21,11.483,4.389,1.559,3.167,1.059,2.812,6.464,6.123,2.838,1.121,1.876,4.11
57,22,12.999,5.385,1.497,5.41,2.102,3.046,8.138,4.32,4.231,0.371,1.944,1.62
57,23,12.434,5.027,1.369,5.627,0.363,3.396,6.749,5.661,4.178,0.817,3.667,2.909
57,24,10.426,8.144,0.31,3.195,0.933,3.472,6.363,5.28,3.818,1.735,3.068,2.224
57,25,11.339,6.335,1.166,3.173,1.791,3.633,6.479,5.343,4.563,1.789,3.28,2.282
57,26,12.967,5.874,0.235,4.512,0.496,2.742,8.097,4.672,4.369,0.585,1.976,4.162
57,27,9.05,6.515,0.813,4.277,0.777,2.926,6.834,4.163,2.548,1.624,3.262,2.749
57,28,11.609,6.019,1.458,5.189,1.612,2.81,7.225,5.639,4.606,0.786,1.628,3.661
57,29,9.852,6.315,1.419,5.065,1.162,1.264,5.823,5.134,2.742,1.69,3.434,2.942
57,30,11.973,6.226,0.88,3.657,0.562,2.027,4.947,5.884,4.73,1.403,2.443,4.317
57,31,12.989,5.343,1.081,3.857,0.876,2.457,8.03,5.533,4.992,2.229,3.014,4.241
57,32,12.301,4.227,1.463,5.641,1.534,3.319,8.792,6.114,2.713,0.512,4.156,4.467
57,33,12.943,4.081,1.357,4.085,1.999,2.706,7.272,3.953,3.67,1.036,1.821,1.785
57,34,0.92,1.263,1.01,0.99,1.892,1.286,1.509,1.43,1.128,1.527,1.436,1.262
57,35,1.14,1.207,0.278,2.01,1.481,1.549,1.099,1.192,0.848,1.736,0.213,0.609
57,36,1.979,1.199,0.446,1.303,0.714,1.472,2.159,2.104,1.654,1.959,1.56,0.966
57,37,1.746,0.964,0.586,2.12,1.864,0.96,1.054,1.074,0.581,1.852,0.908,1.982
57,38,1.208,1.005,1.678,2.278,1.036,1.507,0.418,1.746,0.714,0.842,0.963,1.071
57,39,1.114,2.537,1.513,0.281,0.244,2.389,1.15,1.882,1.021,0.418,1.285,1.847
57,40,1.477,1.297,1.043,0.768,0.677,1.344,2.079,1.086,1.482,0.742,2.055,1.566
57,41,1.414,1.414,2.602,1.548,1.512,1.313,0.573,0.64,0.538,0.657,0.741,0.888
57,42,0.28,0.334,1.254,1.701,0.988,0.922,1.22,2.149,0.989,1.187,1.328,2.359
57,43,1.678,1.835,1.481,1.743,1.253,0.931,1.297,0.952,0.85,2.092,0.858,1.043
57,44,1.495,0.722,1.305,1.167,0.975,1.303,0.685,0.689,1.944,1.328,1.082,1.293
57,45,0.484,1.964,0.509,2.077,1.138,0.88,1.127,1.742,1.125,0.496,1.418,1.259
57,46,1.335,0.545,1.235,1.651,0.76,1.777,1.798,1.737,1.143,0.418,2.016,1.213
57,47,1.549,0.49,2.014,1.045,2.006,0.351,2.536,0.595,1.033,0.537,1.512,1.506
57,48,1.834,1.669,0.823,1.402,1.583,0.381,1.857,0.877,1.161,2.024,0.248,0.771
57,49,1.459,1.413,2.179,1.649,2.123,1.086,1.4,0.661,1.105,0.539,0.0,1.245
57,50,1.385,1.843,1.658,1.967,1.195,1.821,0.849,1.955,1.07,1.494,0.89,0.778
58,1,1.006,0.728,2.131,1.854,1.883,1.509,1.489,0.827,1.219,1.278,0.957,1.806
58,2,0.67,1.219,1.311,1.596,1.26,1.293,1.212,1.747,1.93,0.684,0.312,1.413
58,3,1.201,1.373,0.329,0.78,0.864,0.455,1.928,1.857,1.059,0.668,0.823,0.436
58,4,1.461,0.716,1.411,0.795,1.592,0.463,1.587,0.495,0.965,1.231,0.759,0.525
58,5,1.795,1.612,1.219,1.03,1.25,0.37,0.869,1.194,1.588,0.812,1.673,0.579
58,6,0.698,1.876,1.459,1.538,0.663,0.158,2.002,1.235,1.357,0.895,1.47,1.718
58,7,2.038,1.999,1.333,1.854,0.699,1.861,1.347,1.862,0.909,0.945,0.834,0.82
58,8,1.324,0.742,1.882,1.034,0.707,0.202,2.176,1.293,1.059,1.225,1.195,1.755
58,9,1.712,1.794,1.677,1.345,1.736,2.042,0.846,0.803,1.901,1.979,0.665,0.255
58,10,1.686,0.31,1.585,1.452,1.299,0.963,1.064,1.671,1.104,1.712,1.847,0.344
58,11,0.483,2.193,1.984,1.162,1.421,0.615,0.413,1.068,1.449,1.356,0.265,1.394
58,12,1.159,1.241,1.012,0.562,0.94,1.492,2.093,0.94,1.261,0.864,1.451,1.973
58,13,1.409,0.881,0.591,1.75,1.344,1.817,1.319,2.052,1.42,1.052,2.366,0.01
58,14,1.419,0.732,1.13,2.003,1.197,0.328,0.63,1.106,1.264,0.549,0.655,1.606
58,15,1.454,1.595,0.674,1.083,1.782,0.241,1.644,0.804,1.226,0.745,1.3,1.327
58,16,1.896,1.975,1.041,0.358,1.009,1.901,1.782,1.625,2.034,2.195,0.977,0.856
58,17,11.367,4.94,1.643,4.495,1.285,1.865,8.592,5.467,3.501,1.615,3.188,3.523
58,18,9.622,6.418,0.97,4.164,0.338,3.602,4.323,5.071,4.96,1.44,2.453,3.877
58,19,9.359,7.164,1.228,4.099,0.27,2.67,5.947,4.414,3.967,0.88,3.523,3.129
58,20,9.979,4.954,1.375,4.853,1.556,1.667,6.622,5.158,4.758,1.004,2.901,3.867
58,21,9.112,6.282,1.7,5.299,1.308,2.541,7.043,4.019,4.451,0.953,3.096,3.269
58,22,8.471,6.863,1.578,4.906,0.647,1.371,7.385,4.648,4.482,1.062,3.006,2.546
58,23,12.53,4.441,1.638,5.433,2.101,3.28,5.421,5.635,3.976,0.76,3.399,2.626
58,24,9.597,5.4,1.273,3.797,0.95,3.589,7.128,5.616,4.789,1.214,2.057,3.15
58,25,10.569,6.232,1.528,5.156,0.843,3.172,7.312,5.618,5.134,0.963,3.398,3.077
58,26,12.551,5.455,1.412,5.057,1.065,2.514,5.468,6.544,4.561,1.765,2.041,1.759
58,27,10.3,6.937,1.17,4.397,1.129,3.398,8.398,5.02,3.38,1.164,1.79,2.444
58,28,11.452,5.549,0.97,3.244,0.86,3.768,6.711,5.671,4.112,0.711,3.038,2.954
58,29,12.334,7.061,1.702,2.969,1.705,3.671,6.877,4.921,5.09,0.684,2.933,4.081
58,30,9.157,7.031,0.448,4.087,1.666,2.757,7.96,5.551,3.582,1.254,2.921,3.47
58,31,13.151,5.676,0.103,5.131,0.815,2.976,5.959,5.567,4.69,0.942,2.503,3.912
58,32,13.037,5.352,1.87,3.956,1.422,2.975,7.959,6.198,3.171,0.462,2.165,3.924
58,33,12.23,6.941,0.889,4.721,1.04,2.23,5.387,4.864,5.141,1.488,2.972,4.836
58,34,1.832,1.924,0.666,0.975,1.586,0.665,1.462,0.85,0.88,0.975,1.015,1.083
58,35,1.855,0.0,1.705,2.02,1.756,1.906,0.57,0.87,1.754,1.535,2.029,1.42
58,36,1.062,1.324,1.861,1.783,1.07,0.449,0.43,1.255,0.401,0.582,1.325,1.19
58,37,0.987,1.39,0.773,1.769,0.072,1.129,0.661,0.747,1.652,1.843,1.147,1.853
58,38,1.375,1.118,2.067,0.885,1.39,0.776,1.208,1.095,1.189,0.791,1.155,1.502
58,39,1.131,1.765,2.14,2.09,1.588,1.719,0.673,1.157,1.416,1.523,1.722,1.071
58,40,0.572,0.305,1.072,1.083,1.139,0.843,1.527,0.603,0.67,1.679,0.865,1.762
58,41,1.664,1.302,1.678,1.893,1.761,0.81,1.482,1.522,0.867,1.724,1.374,1.752
58,42,1.859,0.925,1.322,0.699,0.458,0.966,1.407,1.931,1.054,1.377,1.997,1.811
58,43,1.355,1.31,0.508,1.081,1.189,0.806,1.631,2.008,1.287,0.632,0.662,1.256
58,44,0.899,1.171,0.914,1.191,0.224,1.853,0.838,0.939,1.153,0.69,0.683,1.925
58,45,1.874,1.234,1.514,0.294,1.776,0.445,1.858,0.41,2.253,1.541,2.115,0.737
58,46,0.411,1.029,0.686,1.03,1.657,1.32,1.202,0.947,0.619,0.193,1.898,2.046
58,47,1.908,1.67,0.035,0.983,0.482,0.672,2.103,2.254,1.532,1.607,0.637,1.137
58,48,1.088,1.559,1.051,1.6,0.325,0.832,1.262,1.234,1.744,0.344,0.897,0.593
58,49,1.062,1.604,2.584,1.257,1.695,0.954,1.938,1.502,0.762,1.233,1.523,1.38
58,50,1.879,0.673,1.47,0.551,2.023,1.384,0.537,1.317,0.866,0.346,0.28,1.974
59,1,1.872,2.2,1.498,2.392,1.049,0.988,0.929,1.233,1.467,2.128,0.678,1.418
59,2,0.395,0.842,1.301,0.803,1.929,1.604,1.75,2.964,0.965,1.391,0.641,2.054
59,3,1.49,0.865,1.188,1.032,2.133,1.408,1.466,2.277,0.275,1.285,0.555,0.861
59,4,2.029,1.658,1.05,1.29,0.725,1.359,1.288,1.268,1.883,2.147,2.37,0.653
59,5,1.071,1.09,0.879,2.456,0.843,1.524,2.348,1.485,2.112,0.169,0.902,1.627
59,6,2.116,0.797,1.532,1.973,2.019,1.394,0.741,0.533,0.899,0.085,1.083,1.743
59,7,1.73,1.479,0.641,1.278,0.839,0.63,0.751,1.388,1.853,1.171,1.686,1.618
59,8,0.972,1.601,0.813,1.95,1.947,0.843,0.918,2.118,1.03,0.944,0.851,0.96
59,9,1.578,0.683,0.583,1.609,2.019,1.501,1.534,1.584,1.776,1.284,0.827,0.617
59,10,0.478,0.749,1.484,1.277,0.384,0.648,0.608,1.019,1.144,0.41,1.005,0.403
59,11,0.457,1.28,0.501,1.044,0.818,1.078,0.762,1.829,1.429,2.08,1.387,1.573
59,12,0.983,0.496,0.738,1.332,1.808,1.843,1.173,1.896,1.348,0.566,0.625,1.99
59,13,1.916,1.168,1.014,0.778,0.91,2.015,1.274,1.847,1.368,1.545,1.853,1.199
59,14,0.955,0.272,1.106,1.205,0.972,1.791,0.99,1.467,0.549,1.934,1.26,1.2
59,15,0.938,0.962,0.461,1.838,0.64,0.439,1.443,2.096,1.205,1.164,0.406,1.054
59,16,0.911,0.543,1.942,1.298,1.726,1.445,1.222,0.788,1.37,1.188,1.353,1.726
59,17,0.962,1.645,1.665,1.611,0.93,1.312,0.976,1.875,0.815,0.95,1.352,1.698
59,18,9.928,6.634,2.468,3.0,0.867,3.024,6.197,5.068,3.509,1.428,3.533,3.529
59,19,11.224,5.452,1.628,4.034,0.873,2.312,6.67,6.245,4.34,1.206,1.508,4.522
59,20,11.691,6.644,1.737,4.033,1.3,2.204,5.829,4.603,4.409,1.148,2.592,2.482
59,21,11.107,6.094,1.186,5.288,1.55,3.088,8.038,5.942,5.642,1.068,2.542,2.091
59,22,11.313,5.22,1.06,4.704,0.913,3.398,7.602,6.009,4.154,0.873,3.45,3.247
59,23,9.156,4.54,1.724,4.47,1.306,3.101,6.499,4.552,3.171,0.538,3.059,4.853
59,24,13.236,6.5,1.243,4.399,0.85,2.72,7.764,5.237,4.456,1.051,1.823,2.698
59,25,12.078,7.08,1.661,3.473,2.007,2.004,8.995,5.086,3.65,0.121,2.446,2.037
59,26,11.457,6.581,1.551,4.518,1.866,3.532,7.447,4.419,5.359,1.314,3.329,2.609
59,27,11.001,4.827,0.866,4.787,0.156,2.581,5.727,5.299,5.207,1.344,2.048,3.235
59,28,10.959,4.534,2.2,4.973,0.768,2.098,8.053,6.563,4.758,0.596,3.134,1.727
59,29,9.094,5.672,0.622,3.565,2.02,2.476,6.042,3.853,4.845,1.921,2.972,2.444
59,30,9.924,5.102,1.214,3.124,1.492,2.534,8.864,4.294,3.904,1.112,3.787,3.578
59,31,12.708,6.017,1.807,4.256,1.056,2.662,7.282,6.573,4.429,0.809,2.72,1.878
59,32,10.062,4.565,1.222,3.528,0.967,3.331,6.293,5.095,3.06,1.594,2.955,1.91
59,33,2.144,0.95,0.719,1.839,0.716,1.857,1.993,1.978,1.105,1.243,0.629,1.495
59,34,2.164,0.65,1.148,1.835,1.249,2.14,2.085,2.396,0.048,1.399,1.147,0.858
59,35,2.362,0.471,1.172,1.284,0.744,1.668,0.972,0.37,0.668,1.312,1.498,0.544
59,36,1.824,2.01,0.786,1.504,0.283,0.487,0.98,1.19,0.349,1.452,0.612,1.774
59,37,1.692,2.06,0.976,1.867,1.316,1.68,0.0,1.656,0.746,1.097,1.376,1.748
59,38,1.239,0.207,1.932,1.963,0.888,2.129,1.915,2.008,0.851,1.3,0.811,0.894
59,39,0.362,1.259,0.499,0.988,0.9,1.63,1.502,1.63,2.216,0.717,1.32,2.006
59,40,1.303,0.368,1.801,0.926,1.609,0.743,0.761,1.931,0.513,1.093,1.261,1.712
59,41,1.271,0.757,0.807,1.938,2.022,1.287,1.389,1.111,1.158,0.938,0.671,1.214
59,42,1.237,1.014,1.516,1.711,0.459,0.849,1.906,1.063,1.39,0.607,0.962,0.424
59,43,1.57,1.325,1.286,0.449,0.426,1.822,1.298,0.604,0.538,0.638,1.859,1.437
59,44,1.226,1.289,0.866,0.829,1.115,1.164,1.321,0.695,1.108,1.206,0.873,1.32
59,45,0.753,1.013,0.619,0.952,1.495,0.668,1.602,1.14,0.73,1.781,1.529,0.955
59,46,0.811,0.757,2.282,1.699,1.439,1.011,0.147,0.731,1.612,1.825,1.372,1.009
59,47,1.027,1.086,1.739,0.249,1.804,1.231,1.367,1.408,1.331,1.334,1.743,0.667
59,48,0.25,1.413,2.001,0.774,1.086,1.354,1.063,1.673,1.081,1.272,0.961,0.752
59,49,1.419,1.252,1.33,0.333,0.687,1.869,1.283,1.962,0.937,0.848,0.761,1.395
59,50,1.32,0.988,0.771,1.718,1.723,1.181,1.705,1.038,1.449,2.056,1.518,0.464
60,1,1.726,1.574,1.737,1.423,1.449,1.075,1.696,0.83,0.264,0.952,1.716,0.977
60,2,0.657,1.305,1.135,1.846,1.781,1.11,0.487,1.012,0.987,2.033,0.705,1.852
60,3,0.395,2.021,1.055,1.282,1.817,2.306,1.858,1.695,0.968,0.922,1.081,1.139
60,4,1.934,1.151,1.955,1.688,0.151,1.928,0.698,0.976,1.449,0.518,0.648,1.029
60,5,0.58,1.107,1.019,1.339,1.462,1.64,1.134,1.304,1.628,1.236,1.749,1.139
60,6,1.867,1.812,1.704,0.931,0.813,1.483,0.958,1.062,0.814,0.569,1.55,1.321
60,7,0.665,2.295,1.623,0.331,1.352,1.805,2.052,1.957,0.797,1.378,1.516,1.857
60,8,1.669,0.433,1.15,1.713,0.741,0.728,1.517,1.342,1.322,2.264,1.542,0.662
60,9,1.745,1.335,1.531,1.247,0.466,0.93,1.523,1.072,0.867,1.531,0.533,0.576
60,10,1.155,0.86,1.719,2.212,1.451,1.383,0.0,1.758,1.433,1.456,2.064,0.361
60,11,0.972,1.114,1.045,0.962,0.0,1.659,1.636,0.911,1.148,0.945,1.148,2.262
60,12,1.236,0.92,1.251,1.514,0.58,0.725,1.262,1.382,1.54,1.436,1.926,0.349
60,13,0.725,1.831,1.152,1.367,1.648,1.662,1.502,1.601,2.167,0.458,1.26,0.618
60,14,0.309,0.807,1.586,1.415,0.883,0.736,1.032,0.347,0.407,0.526,1.117,1.945
60,15,0.458,2.22,1.114,1.359,1.778,1.078,0.265,0.663,1.49,2.081,0.079,1.875
60,16,0.902,2.234,1.364,1.734,1.273,2.249,1.559,0.743,1.542,0.681,2.061,0.695
60,17,1.467,1.351,1.355,1.487,1.788,1.721,1.272,1.39,1.098,0.523,0.944,1.279
60,18,12.359,6.883,1.082,5.336,1.126,0.919,6.238,4.438,3.591,0.698,3.191,2.835
60,19,11.436,7.339,2.199,4.707,0.63,3.693,4.89,5.354,4.063,1.643,2.092,1.625
60,20,13.387,3.92,1.409,2.877,1.64,2.852,6.466,4.348,3.285,0.823,2.655,2.437
60,21,12.195,5.567,1.849,3.76,1.875,1.984,6.23,5.76,4.081,1.189,2.321,3.591
60,22,14.048,5.878,1.604,5.133,1.261,2.59,6.328,4.696,3.607,0.967,2.898,3.02
60,23,11.64,6.312,1.669,3.825,1.331,3.691,6.159,3.987,4.362,0.886,2.052,2.151
60,24,12.045,7.084,1.478,5.276,0.083,2.644,5.529,4.095,5.256,0.454,2.456,2.614
60,25,11.135,7.379,0.868,3.626,0.852,3.619,8.319,5.525,5.32,1.73,3.236,3.69
60,26,12.492,6.834,2.028,3.425,0.805,1.601,6.923,4.42,3.968,0.441,2.53,1.735
60,27,10.115,5.448,0.741,5.248,1.283,2.508,6.653,5.259,4.351,2.195,2.423,2.028
60,28,10.988,7.257,1.593,4.819,1.614,2.729,6.22,6.384,5.688,1.904,2.053,3.29
60,29,11.992,4.654,1.761,4.433,2.237,2.723,7.704,3.814,4.696,2.413,2.119,3.792
60,30,8.557,5.22,2.097,4.977,0.542,2.471,5.564,5.3,4.531,0.979,2.358,2.601
60,31,12.255,5.199,1.908,3.455,0.959,2.971,7.277,5.977,5.122,0.463,2.691,3.132
60,32,11.918,6.073,0.358,4.382,1.688,2.858,4.796,4.69,5.299,1.809,2.442,2.355
60,33,0.77,1.886,0.056,1.539,0.751,1.1,1.862,0.525,1.903,1.383,1.249,0.698
60,34,1.253,0.59,1.726,1.195,0.324,0.626,0.509,1.135,2.007,1.945,0.973,0.749
60,35,0.703,1.687,2.085,1.869,1.319,1.295,1.046,0.977,1.497,2.055,1.401,1.103
60,36,1.29,0.731,1.71,1.079,1.541,0.154,0.709,1.869,0.499,1.637,0.812,0.669
60,37,1.239,2.117,0.643,1.714,1.853,1.789,0.9,1.062,0.478,1.778,0.999,1.482
60,38,1.526,0.801,0.788,0.154,1.353,1.461,0.895,1.466,0.866,1.424,2.707,1.216
60,39,1.106,2.21,1.306,0.95,0.784,0.679,0.818,1.944,1.975,1.028,1.016,0.451
60,40,1.154,1.412,1.568,1.398,0.885,1.904,0.674,1.019,1.724,1.449,0.952,1.085
60,41,0.497,0.873,1.459,0.96,2.091,1.587,2.058,1.783,2.171,0.873,1.19,1.341
60,42,1.291,1.2,1.138,0.3,1.167,0.937,0.733,1.15,1.126,1.629,0.899,1.312
60,43,1.749,1.031,2.221,1.458,1.634,0.552,1.326,1.449,1.024,1.821,1.19,0.891
60,44,0.993,1.358,1.175,0.801,1.168,1.036,1.068,0.614,1.904,1.394,1.464,1.642
60,45,0.593,1.563,1.249,1.891,0.994,1.06,0.143,1.392,1.852,1.985,1.059,1.214
60,46,1.83,1.813,0.677,1.635,1.68,1.848,1.402,1.424,0.999,1.373,0.518,1.381
60,47,0.941,1.374,1.077,0.642,1.495,0.071,1.778,2.16,1.509,0.107,0.838,0.919
60,48,1.666,1.835,1.114,1.977,0.705,0.825,0.447,1.035,1.039,1.27,0.395,1.504
60,49,1.313,2.091,1.877,1.411,1.325,0.378,1.28,0.376,1.154,1.861,0.829,1.238
60,50,1.952,1.526,1.51,1.731,1.73,1.901,1.923,0.581,1.617,1.967,1.243,1.173
61,1,1.363,1.391,0.544,1.449,1.049,0.934,1.251,1.348,2.054,1.866,1.114,1.129
61,2,1.528,1.628,0.772,1.168,1.521,1.403,1.279,0.747,0.953,1.99,1.507,1.213
61,3,0.827,1.504,1.786,1.908,2.129,0.553,0.983,1.145,0.049,1.966,0.662,2.43
61,4,1.481,1.534,0.818,1.768,0.699,0.711,1.304,1.712,1.257,1.47,1.181,1.074
61,5,1.639,1.215,1.681,1.45,0.316,2.15,1.222,2.006,1.154,1.228,0.672,1.551
61,6,1.012,1.224,1.057,1.666,2.148,1.598,1.007,1.13,2.094,1.351,0.408,1.896
61,7,0.916,1.479,1.869,0.964,1.129,1.714,1.158,1.066,1.504,0.991,0.345,2.281
61,8,0.587,1.695,0.27,1.764,1.411,2.005,1.68,1.74,0.553,1.384,1.218,1.697
61,9,0.573,1.074,1.752,1.99,1.004,2.116,1.303,1.907,1.424,1.8,1.337,0.693
61,10,1.235,0.412,0.704,1.204,1.46,1.474,0.616,1.564,1.974,0.726,1.62,1.549
61,11,1.187,1.201,0.545,0.964,2.494,1.328,0.914,1.113,0.24,1.23,0.949,0.264
61,12,0.836,1.032,1.024,1.593,1.772,1.413,0.536,1.983,1.262,0.98,1.703,0.455
61,13,1.52,1.384,1.995,1.152,1.668,1.247,0.969,0.567,2.292,0.808,1.675,1.266
61,14,1.403,1.665,1.669,1.851,1.11,0.323,1.175,0.367,1.871,1.01,1.293,0.971
61,15,1.704,1.968,1.722,0.152,1.08,0.764,0.747,1.06,0.802,0.779,0.986,1.618
61,16,2.015,2.097,1.305,1.57,1.15,1.722,0.7,1.055,1.317,0.649,1.055,1.598
61,17,1.275,0.845,0.0,1.112,2.094,1.431,1.59,1.356,0.701,0.494,0.54,1.43
61,18,1.028,0.534,0.499,0.655,1.314,1.585,1.339,1.237,1.572,1.031,1.167,0.258
61,19,9.779,5.26,0.583,4.435,0.945,2.551,7.446,5.51,4.417,1.156,2.977,3.859
61,20,10.912,5.541,1.23,4.81,1.778,2.003,5.678,4.409,4.249,1.017,2.765,3.249
61,21,10.754,4.952,1.046,4.072,2.261,3.777,6.53,5.016,3.446,1.231,2.499,4.829
61,22,10.652,6.963,0.893,4.227,0.779,2.494,6.288,6.781,4.868,1.705,2.617,3.305
61,23,10.502,5.374,1.69,4.823,0.866,2.833,6.377,6.049,4.51,0.853,2.425,2.301
61,24,10.774,7.06,1.082,4.589,1.619,3.182,5.579,3.802,4.764,0.927,3.155,3.829
61,25,13.36,5.92,1.78,4.486,2.173,3.178,4.788,6.68,3.635,0.664,2.646,3.282
61,26,8.93,4.226,0.345,2.902,1.485,2.38,6.11,4.475,2.925,1.072,2.678,3.526
61,27,10.215,5.317,0.487,5.151,0.86,3.013,6.537,5.565,5.911,1.719,1.449,3.485
61,28,13.289,5.067,1.428,5.345,1.062,2.334,7.702,4.216,4.434,1.624,1.422,2.475
61,29,11.344,3.794,1.297,3.855,1.281,2.696,7.292,5.104,4.903,2.138,3.383,2.938
61,30,12.632,5.139,0.464,5.609,2.241,2.229,7.45,5.197,4.774,1.747,1.751,2.73
61,31,12.198,5.588,2.085,3.82,0.699,2.417,6.572,4.933,3.732,0.847,3.76,3.288
61,32,1.545,0.852,0.353,1.093,1.959,2.138,0.785,1.089,1.091,1.285,0.571,1.238
61,33,1.131,1.699,1.84,0.051,1.271,1.742,1.605,1.971,1.168,1.551,1.612,0.265
61,34,1.74,0.829,0.286,1.085,1.533,1.383,1.292,1.221,2.003,1.246,2.186,1.691
61,35,0.806,0.523,1.339,0.478,0.816,1.268,0.306,0.725,0.751,2.249,1.241,1.054
61,36,0.794,0.642,1.359,2.059,0.559,1.754,1.828,1.293,1.194,1.435,0.559,0.969
61,37,1.489,1.065,1.566,2.24,1.699,1.453,1.295,0.291,1.786,1.673,1.119,0.411
61,38,0.555,2.115,1.343,1.788,1.118,1.259,1.51,1.49,1.658,1.209,1.514,1.618
61,39,0.655,1.644,2.13,0.644,1.688,1.87,0.0,0.344,1.608,0.519,1.278,1.258
61,40,1.611,0.462,0.667,0.223,1.224,1.823,0.599,0.996,1.08,1.502,0.919,1.628
61,41,0.144,1.946,0.348,1.39,1.049,0.275,1.37,2.147,1.362,2.023,1.148,1.483
61,42,0.8,1.408,1.337,0.851,0.706,1.982,0.826,1.515,0.354,1.499,0.75,0.805
61,43,1.641,0.685,0.93,1.683,0.849,1.847,1.556,1.805,1.685,0.0,0.75,1.778
61,44,1.264,0.991,0.862,0.706,2.073,1.163,1.072,1.469,0.945,1.818,1.22,0.91
61,45,0.811,1.531,0.218,1.256,1.26,1.076,1.705,2.12,1.363,1.803,2.327,0.846
61,46,1.667,2.203,1.532,1.584,1.327,0.194,1.636,0.963,0.895,1.194,0.823,0.27
61,47,1.489,0.336,0.662,1.798,1.535,2.098,0.698,1.829,1.723,1.997,0.615,1.427
61,48,1.977,1.551,0.674,1.452,1.26,1.245,1.265,1.276,2.122,0.052,1.843,1.541
61,49,1.875,0.75,0.545,1.017,1.448,1.213,1.222,0.378,0.984,1.13,1.381,1.049
61,50,2.017,1.695,0.572,1.53,0.782,2.004,0.474,2.207,1.042,2.179,0.507,0.81
62,1,1.981,0.65,1.102,1.885,0.723,1.205,0.835,1.497,1.834,1.245,1.156,1.487
62,2,0.176,2.017,1.02,1.969,1.281,1.473,1.913,1.719,0.939,1.488,1.474,2.05
62,3,0.54,1.583,1.445,1.653,0.845,0.516,1.043,1.371,2.435,0.648,1.726,0.401
62,4,0.834,0.938,0.538,1.236,1.883,1.726,1.094,2.197,1.527,1.111,1.165,0.868
62,5,1.121,0.439,0.919,1.548,0.912,1.469,0.579,0.566,1.41,1.185,0.721,1.153
62,6,1.359,1.373,0.684,0.847,1.001,1.442,0.279,2.003,1.097,1.151,1.11,0.665
62,7,1.351,0.493,0.308,0.756,1.119,2.419,0.937,0.741,1.054,0.651,0.933,2.177
62,8,1.066,1.755,1.4,1.844,2.128,1.114,1.038,1.675,1.805,1.324,1.466,1.657
62,9,0.554,0.651,0.903,1.068,0.852,1.726,1.552,1.509,1.14,1.727,1.175,0.998
62,10,1.073,0.698,0.981,1.165,1.504,0.91,1.778,1.724,1.15,1.11,0.865,1.217
62,11,2.268,2.036,1.137,1.227,1.89,0.874,0.378,1.257,1.665,2.105,1.225,1.447
62,12,1.281,0.218,0.855,1.007,0.616,0.59,1.415,0.0,1.872,1.245,2.182,0.824
62,13,2.031,0.899,1.724,0.934,1.606,1.453,2.646,1.116,1.653,1.29,1.681,0.732
62,14,0.969,2.181,2.255,1.899,1.681,0.667,1.258,1.659,0.596,1.83,0.92,0.687
62,15,1.603,1.078,1.658,1.996,1.241,1.266,1.58,0.852,0.974,1.745,1.817,2.563
62,16,1.661,1.717,0.855,0.948,1.693,0.427,1.227,0.931,1.703,1.98,0.583,1.805
62,17,0.501,1.862,1.337,0.395,1.615,1.484,1.883,1.533,1.605,1.13,1.564,1.96
62,18,0.67,1.172,1.719,1.854,0.923,1.883,1.597,1.93,0.951,0.985,0.923,1.259
62,19,1.188,0.839,1.884,1.381,1.005,1.541,1.16,2.083,0.479,1.549,1.119,0.376
62,20,12.183,6.977,1.725,4.514,0.751,3.47,5.368,5.828,4.954,1.612,2.839,2.6
62,21,12.03,6.508,0.588,3.777,0.884,2.98,7.735,4.577,3.874,0.833,2.344,3.522
62,22,12.718,7.446,1.27,2.817,1.729,3.756,7.13,5.116,4.557,0.538,3.146,3.433
62,23,11.363,6.109,0.963,4.847,1.959,2.764,5.749,4.089,4.573,1.522,2.436,2.754
62,24,10.481,6.358,1.495,4.292,2.29,2.107,7.961,5.082,4.987,1.203,3.079,2.542
62,25,10.713,3.849,1.261,4.358,0.475,1.582,7.444,4.215,3.528,1.516,2.479,4.04
62,26,10.997,5.913,2.027,3.816,2.357,2.961,5.2,5.439,4.853,1.458,3.198,3.627
62,27,9.264,5.599,1.727,3.324,1.571,2.916,8.459,5.595,3.996,2.292,3.27,3.126
62,28,8.17,6.436,1.809,4.745,1.028,2.138,5.434,3.543,4.13,1.214,3.521,3.153
62,29,11.861,7.569,0.094,4.51,1.045,2.365,8.218,6.352,4.733,1.023,1.141,3.582
62,30,12.397,4.749,0.577,4.013,1.243,3.406,7.077,6.004,4.951,0.715,2.804,3.093
62,31,0.64,0.606,0.697,1.288,0.45,2.122,2.071,1.582,1.071,0.917,0.42,0.805
62,32,0.545,1.306,1.908,1.289,1.459,1.423,0.818,1.501,0.904,0.319,1.097,1.167
62,33,0.468,0.523,0.806,1.958,0.844,1.028,0.827,1.21,1.312,2.415,0.643,1.507
62,34,0.857,0.934,1.766,1.879,1.709,0.0,0.886,0.551,1.406,0.658,1.489,1.993
62,35,0.851,0.745,1.088,1.7,1.862,0.499,0.697,1.434,1.788,1.566,1.012,1.553
62,36,1.587,0.712,0.784,1.435,1.62,1.242,1.352,1.379,1.767,1.644,2.419,0.616
62,37,1.476,2.079,1.246,2.229,0.538,1.49,1.17,1.816,1.718,0.596,0.476,1.518
62,38,0.068,1.677,0.763,1.339,2.232,1.033,1.191,0.94,0.871,0.806,0.943,0.87
62,39,1.689,0.77,1.514,1.057,0.81,1.446,1.244,0.657,1.465,1.084,0.055,2.043
62,40,1.366,1.17,1.891,0.469,1.492,1.468,1.558,2.11,1.247,0.998,1.335,1.212
62,41,0.879,1.774,0.967,0.85,1.773,1.404,1.728,1.44,0.91,1.908,0.739,1.859
62,42,1.295,1.15,1.607,0.272,1.731,1.818,1.99,1.373,1.463,0.61,1.446,1.946
62,43,1.104,0.602,1.286,1.438,0.583,0.651,0.846,2.155,1.302,0.919,1.469,0.993
62,44,1.785,1.28,2.289,1.156,0.849,1.815,1.6,0.21,0.14,0.837,0.599,0.877
62,45,0.776,0.437,1.521,1.497,0.833,0.482,0.837,0.667,1.496,1.807,1.464,0.686
62,46,0.981,1.947,2.645,1.391,1.107,1.188,0.349,1.639,1.68,2.177,0.46,1.04
62,47,1.727,0.334,1.978,0.962,1.313,1.917,1.864,2.045,1.873,0.317,1.305,0.181
62,48,1.068,1.882,1.212,1.055,0.501,1.513,1.387,2.146,0.915,0.481,1.272,1.002
62,49,1.009,1.054,0.119,2.247,1.388,2.035,0.907,1.921,1.252,0.154,0.344,1.568
62,50,0.916,2.339,1.391,1.668,1.385,1.857,1.987,0.557,1.479,0.785,1.778,1.642
63,1,2.072,2.471,1.563,0.86,1.54,2.18,1.1,1.551,1.916,0.119,1.623,2.069
63,2,0.908,1.674,1.445,0.544,1.572,0.652,1.449,1.385,0.941,1.615,1.515,1.11
63,3,2.327,0.481,1.134,1.039,0.0,1.908,0.732,1.351,1.624,0.96,0.34,1.323
63,4,1.041,1.191,1.525,1.383,2.148,1.184,0.732,2.131,0.94,1.681,1.559,1.329
63,5,0.313,1.16,0.477,1.193,1.41,1.385,2.192,1.084,0.39,0.36,1.016,1.544
63,6,1.865,0.65,0.785,2.236,1.093,1.574,1.229,0.832,0.372,0.878,1.13,1.243
63,7,0.626,1.56,1.159,0.779,0.886,0.991,1.384,1.875,1.619,0.977,0.814,0.662
63,8,0.327,1.08,0.969,0.898,1.176,1.605,1.507,1.886,2.3,1.366,2.076,1.452
63,9,1.328,1.716,1.046,1.113,0.645,0.82,0.806,0.991,1.457,1.911,0.31,1.007
63,10,1.206,1.443,1.787,2.392,1.418,0.629,0.107,0.519,2.173,1.189,0.818,1.199
63,11,0.833,0.573,2.027,0.748,1.71,1.103,1.664,1.897,1.796,1.483,1.654,0.706
63,12,1.595,0.531,0.714,1.625,1.53,0.221,0.773,1.54,2.01,1.378,1.3,1.039
63,13,1.71,0.647,1.083,1.642,2.06,1.722,1.467,1.527,1.191,0.907,0.916,1.758
63,14,1.845,0.736,2.162,0.669,1.221,1.913,1.413,1.198,2.078,0.161,1.442,0.914
63,15,1.717,1.116,0.994,1.124,1.073,0.643,1.661,0.953,1.073,0.988,1.597,1.726
63,16,0.862,1.643,1.844,1.084,0.537,0.903,0.659,0.98,1.441,0.367,2.337,1.65
63,17,0.735,1.428,2.406,1.801,1.28,1.162,0.715,1.264,0.395,1.934,0.568,2.523
63,18,1.457,0.798,2.262,1.928,1.619,2.153,0.5,1.665,0.748,0.887,1.312,1.535
63,19,1.588,0.919,1.777,0.604,1.428,1.079,1.062,2.096,1.23,1.589,1.746,0.573
63,20,1.699,1.676,1.999,0.871,0.663,1.033,0.206,1.09,0.855,2.247,1.857,2.017
63,21,11.33,4.475,1.291,3.866,1.057,3.515,7.444,4.62,4.083,1.805,2.444,3.254
63,22,12.087,5.795,0.981,3.862,1.653,3.276,7.781,4.579,3.673,1.032,1.487,3.727
63,23,10.831,6.863,0.776,4.002,1.638,2.15,7.999,6.597,3.726,0.541,2.401,4.27
63,24,9.377,6.532,2.464,5.285,1.035,1.944,7.304,6.096,2.946,1.283,2.927,4.574
63,25,12.658,7.334,1.396,3.924,2.285,2.949,8.223,5.233,5.72,1.094,2.961,3.368
63,26,10.045,5.372,1.483,5.567,2.279,2.28,8.685,5.147,2.597,0.487,2.786,3.229
63,27,11.495,7.416,1.471,5.129,1.559,3.134,6.079,4.615,3.906,0.802,1.606,2.802
63,28,9.99,5.998,1.094,3.296,1.911,2.873,8.326,5.082,2.477,1.629,2.77,4.125
63,29,10.737,6.211,1.637,4.361,1.776,2.965,6.571,3.922,4.771,1.379,2.172,3.503
63,30,0.812,1.66,1.609,1.533,1.574,1.09,0.599,1.324,1.044,0.355,0.808,1.542
63,31,0.888,1.799,0.556,1.115,1.015,0.392,0.956,1.046,1.272,0.446,1.423,1.623
63,32,1.999,1.779,1.198,0.83,1.694,0.0,0.903,0.858,0.992,1.511,1.399,0.015
63,33,0.178,0.459,0.522,1.188,0.89,1.068,1.029,1.804,1.933,1.336,1.832,0.968
63,34,1.557,2.351,0.201,1.482,0.951,1.572,1.197,1.131,1.503,0.836,1.016,0.837
63,35,1.177,0.861,1.108,0.799,0.796,1.554,1.321,0.441,0.578,0.655,1.052,1.534
63,36,2.034,2.303,1.54,1.32,1.44,1.366,1.059,0.725,1.667,1.096,1.403,0.829
63,37,1.206,1.576,0.985,1.052,1.061,1.741,1.764,0.624,1.366,1.502,0.244,1.708
63,38,0.715,0.858,2.015,1.339,1.358,1.521,2.085,1.632,0.942,0.567,0.627,0.52
63,39,2.336,1.645,0.588,1.488,1.533,0.586,1.461,1.366,1.288,2.175,1.55,2.439
63,40,1.925,1.839,1.421,1.221,1.404,1.669,1.087,1.393,1.42,0.998,2.914,0.905
63,41,0.817,1.474,0.845,0.777,1.782,0.643,1.323,1.237,1.433,1.362,0.574,0.672
63,42,1.154,0.628,1.286,1.974,1.411,1.466,1.558,1.23,2.308,0.521,1.294,0.711
63,43,2.026,1.514,1.569,1.235,1.54,0.522,1.311,1.166,1.187,1.712,0.663,2.042
63,44,0.882,1.719,0.325,0.836,1.417,1.173,2.093,2.333,1.852,1.777,1.527,0.722
63,45,2.054,1.05,1.073,1.295,2.121,1.219,1.171,0.512,0.952,1.225,0.035,1.452
63,46,0.543,1.51,1.493,1.411,1.726,1.182,1.555,1.188,1.513,1.409,2.144,1.755
63,47,1.482,0.422,1.46,0.534,1.338,1.429,0.194,1.188,0.841,1.848,0.856,1.394
63,48,1.721,1.218,1.404,1.503,1.128,0.506,0.671,1.838,1.523,1.117,1.756,1.005
63,49,1.733,2.042,1.911,1.907,1.478,0.292,1.238,2.332,2.349,1.185,1.731,1.32
63,50,1.322,1.576,0.374,1.463,0.903,1.283,0.81,2.023,0.928,1.608,0.907,1.529
64,1,1.387,2.218,0.706,0.505,0.992,1.223,1.114,0.887,1.529,1.216,1.475,1.826
64,2,0.406,1.657,0.482,1.113,1.473,1.739,1.788,0.86,0.811,1.715,0.762,1.74
64,3,0.848,1.772,2.673,1.672,1.327,0.747,1.56,0.896,1.155,0.94,1.841,1.235
64,4,0.987,1.363,1.195,1.744,1.256,0.871,0.739,1.734,0.837,1.454,1.851,1.02
64,5,1.463,0.546,1.242,1.094,0.293,1.572,1.564,2.221,1.728,1.355,1.43,1.333
64,6,1.343,0.156,2.005,1.101,1.083,1.862,1.293,1.285,1.063,1.658,1.427,1.624
64,7,1.223,2.205,0.958,1.453,1.661,1.07,0.99,1.55,1.16,0.747,0.498,0.732
64,8,1.889,1.245,0.099,1.373,1.442,1.539,0.642,1.16,0.237,1.433,1.677,0.971
64,9,1.254,0.757,1.67,0.692,1.349,0.101,1.436,1.168,0.741,1.602,1.902,0.982
64,10,0.736,1.282,1.285,0.79,2.305,2.154,2.023,1.651,0.681,1.199,1.35,1.653
64,11,0.561,1.597,1.23,2.093,0.728,1.889,0.606,1.395,1.115,0.76,1.79,1.147
64,12,2.01,0.905,1.389,1.18,1.375,2.089,1.912,0.998,0.758,1.291,0.984,0.051
64,13,1.686,0.465,2.09,1.037,1.179,1.437,0.57,1.032,0.445,2.083,1.241,0.902
64,14,0.885,1.078,1.096,1.93,1.57,0.605,1.363,0.657,1.407,0.404,1.097,1.151
64,15,1.317,1.253,1.634,0.585,1.657,0.731,0.555,1.323,1.649,1.236,0.16,1.169
64,16,0.108,1.121,1.523,0.493,1.612,1.444,1.264,0.729,1.191,1.777,0.176,0.639
64,17,1.444,0.932,1.54,1.67,1.485,1.25,2.143,1.022,0.676,2.021,1.513,2.07
64,18,2.17,0.771,2.106,1.933,1.521,0.979,0.491,1.311,0.972,0.307,0.859,1.078
64,19,1.572,1.546,1.063,1.875,0.547,1.513,1.834,1.892,1.328,1.117,1.029,1.323
64,20,1.761,1.388,1.211,0.871,0.93,1.713,1.138,1.308,0.629,0.934,0.925,2.071
64,21,0.653,1.261,0.61,0.944,1.336,1.204,0.959,1.543,0.869,1.08,2.094,1.151
64,22,13.081,4.079,1.59,4.367,1.549,2.925,7.969,5.711,2.608,0.782,2.476,3.573
64,23,8.792,5.84,0.459,4.571,0.023,2.34,6.053,5.753,5.201,1.499,1.97,2.865
64,24,11.06,5.541,0.891,3.473,1.187,2.16,7.506,4.783,5.108,1.623,3.191,3.688
64,25,10.429,5.996,2.036,3.905,0.716,2.771,5.395,5.767,4.081,1.458,2.939,4.43
64,26,13.166,4.394,1.406,4.2,0.883,2.558,7.41,3.773,6.175,0.862,2.777,1.915
64,27,10.671,6.61,1.664,5.193,1.628,2.986,8.046,5.036,3.523,0.881,2.068,3.86
64,28,12.519,5.169,0.809,3.718,1.619,3.154,7.668,4.816,4.919,0.868,3.856,4.116
64,29,1.845,0.37,0.605,0.756,2.097,1.78,0.62,0.977,0.725,1.936,1.98,1.333
64,30,2.211,1.254,0.732,0.395,1.066,1.229,1.643,2.063,1.315,1.462,1.74,0.989
64,31,0.166,0.101,1.119,1.747,0.993,1.63,2.044,1.827,2.2,1.08,1.846,1.037
64,32,1.676,1.546,1.69,0.602,1.25,1.309,0.572,0.669,1.208,0.435,1.304,0.791
64,33,0.727,1.033,0.623,1.63,1.645,1.878,1.443,1.811,0.838,1.85,0.87,1.422
64,34,0.771,2.032,1.109,1.073,0.68,1.822,0.636,1.792,0.991,1.181,0.761,1.155
64,35,0.961,0.633,1.763,0.321,1.71,1.379,2.109,0.697,0.874,0.433,0.67,1.377
64,36,1.846,0.88,1.77,1.346,0.667,0.325,1.411,0.959,1.655,1.327,1.672,1.63
64,37,1.83,0.826,0.842,1.426,0.292,1.966,1.213,1.129,1.8,1.059,1.429,1.028
64,38,1.026,2.169,0.755,1.888,1.485,1.197,1.318,0.841,1.278,1.651,1.837,0.578
64,39,0.838,1.935,1.705,1.246,1.504,0.644,1.448,0.891,0.961,1.233,1.601,0.791
64,40,0.719,0.542,1.423,1.434,1.143,1.815,1.032,0.086,1.525,1.576,1.448,0.606
64,41,1.267,2.048,1.256,1.431,0.916,1.069,1.871,1.061,1.003,1.278,0.539,1.512
64,42,2.494,0.814,1.633,0.487,1.103,0.149,1.769,1.428,1.386,0.511,1.172,1.111
64,43,0.785,1.912,1.512,1.665,1.509,1.447,2.059,1.264,0.852,1.181,0.82,1.554
64,44,2.064,1.143,0.979,1.338,1.224,0.907,1.723,1.65,2.275,1.661,0.611,1.853
64,45,1.528,0.551,0.73,1.419,0.482,0.596,0.989,1.617,1.072,0.516,0.374,1.817
64,46,1.138,1.631,0.927,2.127,1.367,1.108,0.714,0.856,1.002,1.693,0.852,0.982
64,47,0.867,0.427,0.761,1.25,1.93,1.24,1.259,1.01,1.982,2.018,0.815,1.745
64,48,1.051,0.644,1.681,1.998,1.003,2.102,1.491,1.254,2.08,0.731,1.859,2.282
64,49,1.233,1.381,1.003,0.894,1.556,1.189,1.404,1.425,2.291,1.532,1.767,1.792
64,50,1.449,2.448,1.691,1.046,1.543,2.253,1.346,0.603,2.143,0.922,0.933,0.974
65,1,1.737,1.292,0.99,0.952,1.631,1.47,2.058,0.632,0.0,1.13,1.999,1.503
65,2,0.888,0.49,1.95,1.775,1.278,0.965,0.911,0.0,2.169,0.627,1.213,1.441
65,3,1.154,1.45,1.124,1.092,1.291,1.746,1.848,1.163,2.321,1.187,1.965,1.566
65,4,1.291,0.335,0.889,0.298,0.629,1.599,0.844,0.207,0.993,1.43,1.757,1.856
65,5,1.38,2.266,0.908,1.184,0.317,1.577,1.902,1.419,1.727,0.928,2.002,1.422
65,6,2.382,0.675,1.057,1.596,1.911,1.524,1.852,1.219,0.725,1.318,1.164,1.308
65,7,1.447,1.356,0.776,1.917,2.178,1.621,1.402,1.432,1.021,1.52,0.905,1.22
65,8,1.133,1.703,0.462,1.331,1.919,1.737,1.044,0.633,1.046,1.234,2.318,1.952
65,9,1.147,1.004,1.53,0.675,1.4,0.457,1.335,0.62,0.682,1.69,1.466,2.267
65,10,1.171,0.673,1.553,0.899,1.511,0.837,1.616,0.556,1.991,1.742,1.818,1.442
65,11,0.448,2.19,0.65,1.74,2.406,1.063,0.009,1.632,0.889,1.432,0.861,1.81
65,12,1.811,1.493,1.769,1.07,1.687,0.47,1.628,1.281,0.798,1.233,1.605,1.662
65,13,1.509,1.344,1.325,1.848,1.087,0.741,1.334,1.206,1.121,1.892,2.342,1.537
65,14,1.536,0.984,1.563,0.385,1.558,1.639,1.23,2.076,1.695,0.974,1.554,0.992
65,15,0.222,0.93,1.983,1.227,1.674,1.789,0.515,0.988,1.16,1.218,1.15,1.093
65,16,2.191,1.349,1.708,0.625,0.786,1.791,1.705,0.629,1.191,0.979,1.251,1.939
65,17,1.413,1.609,1.23,1.122,1.903,1.483,0.307,2.196,1.102,1.812,0.532,0.969
65,18,0.53,2.024,2.181,1.204,0.986,1.026,2.16,0.213,1.776,1.459,0.253,1.007
65,19,1.299,1.356,1.031,1.244,1.396,1.591,0.254,1.037,0.147,2.093,1.308,1.812
65,20,1.717,0.858,1.827,1.368,1.425,0.938,0.938,1.298,1.953,0.689,0.826,1.385
65,21,0.612,1.808,1.253,1.281,2.145,0.918,1.566,1.53,1.085,0.201,1.757,1.508
65,22,0.373,1.485,0.135,1.238,1.254,1.461,1.711,1.371,1.561,1.4,0.057,1.946
65,23,1.187,0.721,1.811,1.193,1.952,1.832,1.822,0.58,1.449,0.485,1.629,0.499
65,24,0.8,1.617,0.991,2.196,0.737,1.149,1.056,1.346,0.912,1.637,1.035,0.862
65,25,13.35,6.515,1.282,5.336,2.162,2.353,6.035,5.85,4.174,1.726,2.564,3.079
65,26,1.732,0.742,1.197,0.347,1.265,1.802,0.399,0.799,1.953,0.573,1.73,2.046
65,27,1.787,1.316,1.277,1.91,1.437,0.568,1.313,1.276,0.918,1.117,1.597,1.221
65,28,1.65,1.665,0.898,1.288,1.305,1.048,0.537,2.474,1.56,1.532,2.07,1.146
65,29,0.925,0.686,1.44,1.06,0.805,0.599,0.739,1.311,1.177,0.613,1.278,1.615
65,30,1.137,0.467,1.564,1.811,1.601,0.58,1.612,1.567,1.497,0.827,1.349,1.316
65,31,0.996,0.853,1.002,0.657,2.253,1.277,1.185,0.464,0.684,0.883,1.023,1.546
65,32,1.78,0.31,1.44,1.628,1.114,0.802,0.602,1.389,0.981,0.589,0.777,0.97
65,33,1.459,1.725,0.126,1.348,1.613,1.851,1.695,0.847,0.962,1.133,1.052,1.431
65,34,0.989,1.468,1.156,1.048,1.966,1.791,0.74,0.748,0.694,0.874,1.657,1.462
65,35,0.143,2.029,2.418,2.328,1.472,1.311,1.426,2.049,1.394,0.928,0.826,1.442
65,36,1.234,1.359,2.069,1.931,0.732,0.54,1.596,1.026,1.761,2.059,1.376,1.744
65,37,1.216,2.006,0.786,1.407,0.094,1.535,2.623,1.005,0.372,1.079,0.899,1.803
65,38,0.151,0.881,1.672,1.937,1.697,1.412,1.635,1.429,0.913,0.609,0.0,1.656
65,39,1.301,0.766,0.772,1.4,1.919,0.516,1.107,1.799,0.67,0.655,0.39,1.405
65,40,0.873,0.871,1.172,0.631,0.789,1.669,0.656,0.981,0.777,1.336,1.857,1.787
65,41,1.527,2.292,1.454,0.663,2.828,2.284,2.272,1.981,0.932,0.0,0.927,1.131
65,42,0.863,2.107,0.926,1.848,0.814,1.372,1.127,1.141,1.298,1.831,0.993,1.861
65,43,1.756,0.85,2.209,1.602,1.199,1.696,0.969,1.939,1.639,0.462,2.093,2.061
65,44,0.947,0.745,1.241,1.093,1.411,0.39,0.721,0.36,0.772,0.663,1.99,1.967
65,45,1.31,0.887,1.467,0.93,2.116,1.402,1.089,1.093,1.128,0.695,1.281,1.36
65,46,2.088,1.773,1.635,2.06,1.939,0.91,1.254,2.076,2.132,1.894,1.568,2.18
65,47,1.689,0.772,1.774,2.171,1.226,0.333,1.242,1.96,1.095,0.599,1.763,0.639
65,48,0.619,1.599,0.737,1.937,0.557,1.877,0.419,0.557,1.711,1.777,1.566,0.59
65,49,0.499,0.917,2.175,1.374,1.617,1.974,0.403,1.235,1.342,1.508,1.838,0.694
65,50,0.577,0.931,0.748,1.152,1.068,1.354,0.367,1.121,1.226,1.551,1.953,1.105
66,1,0.893,1.536,0.744,0.971,1.717,1.196,0.618,1.398,1.52,0.471,0.917,0.273
66,2,0.975,1.708,1.358,2.063,1.281,1.757,2.393,0.854,0.596,1.562,2.251,0.356
66,3,1.658,0.405,0.849,1.501,1.751,2.13,1.662,1.368,1.441,0.816,1.046,0.377
66,4,0.546,0.449,1.158,0.119,2.126,0.754,0.474,0.532,1.119,0.677,1.293,1.666
66,5,1.212,0.632,1.859,0.988,1.043,1.798,1.034,1.132,0.063,1.323,1.099,0.602
66,6,1.717,1.41,1.591,0.693,0.882,0.84,0.535,0.492,1.064,0.678,1.445,0.836
66,7,1.919,0.494,1.753,2.023,1.685,1.55,1.19,0.783,1.222,0.376,0.748,1.847
66,8,1.753,1.694,1.485,0.572,1.749,1.648,1.34,0.723,1.382,1.447,0.751,1.463
66,9,0.594,0.504,1.326,2.011,1.951,1.218,0.921,2.076,1.12,0.55,0.684,2.499
66,10,0.899,1.211,1.578,1.275,0.985,1.078,1.1,1.185,1.916,1.713,1.076,0.425
66,11,1.466,1.917,2.019,1.145,0.633,1.244,1.421,2.004,0.81,1.551,0.67,0.946
66,12,1.387,1.342,1.643,0.786,0.429,1.404,1.456,1.705,1.158,0.449,1.443,1.249
66,13,1.476,1.741,0.983,0.99,1.454,0.577,1.607,1.895,1.486,1.78,0.751,1.352
66,14,1.517,1.149,1.718,0.843,1.67,0.947,1.068,1.719,1.239,1.179,1.857,0.64
66,15,0.97,0.613,2.186,2.175,2.298,1.141,1.56,1.151,0.577,2.161,0.744,0.141
66,16,1.473,0.399,0.389,1.428,0.943,1.189,0.773,1.897,0.708,0.585,0.605,1.47
66,17,1.149,2.184,0.982,2.031,1.089,1.282,2.203,1.525,0.537,1.528,1.752,1.08
66,18,2.001,1.448,0.988,0.497,1.276,0.351,0.654,1.284,0.866,0.924,0.497,0.612
66,19,1.099,1.467,1.892,0.972,1.016,2.072,1.441,1.534,0.994,1.095,1.474,1.741
66,20,1.343,0.991,2.042,1.142,2.252,0.798,0.044,1.307,1.805,1.638,2.39,1.043
66,21,0.177,1.544,0.587,2.034,1.914,1.35,1.432,2.215,1.703,0.693,0.937,1.668
66,22,1.445,1.211,0.254,1.347,1.828,0.836,1.179,1.342,0.732,1.525,0.247,0.917
66,23,0.565,1.715,1.851,1.606,2.217,0.629,1.17,1.4,1.825,1.138,0.854,0.896
66,24,1.371,1.356,1.452,1.334,1.09,1.084,1.669,1.74,1.484,0.901,1.587,1.593
66,25,1.537,1.16,1.796,0.655,1.361,1.891,1.447,2.014,1.108,1.865,1.146,0.507
66,26,1.137,0.937,1.007,0.925,0.608,0.937,2.153,1.303,0.526,1.304,2.142,0.903
66,27,1.788,1.247,1.67,0.775,1.044,0.675,1.348,0.134,1.718,1.814,1.426,1.909
66,28,0.581,0.964,1.39,1.309,1.578,0.913,1.516,1.472,0.745,2.125,1.329,1.255
66,29,1.623,0.967,1.389,1.121,1.139,1.949,0.686,0.831,1.57,1.612,0.002,0.627
66,30,0.631,0.811,1.434,1.044,0.616,0.171,0.529,1.764,1.809,1.139,0.988,0.902
66,31,0.623,1.391,0.844,1.217,0.421,1.044,1.541,2.127,0.78,1.282,0.893,0.937
66,32,1.318,1.569,2.032,1.164,0.9,1.587,0.536,1.599,0.79,1.963,1.025,0.496
66,33,1.977,2.05,1.423,0.997,1.701,1.919,0.966,1.73,0.71,1.802,1.083,1.005
66,34,0.737,1.035,1.935,1.338,1.675,1.399,0.314,1.783,1.419,1.66,0.385,0.723
66,35,1.006,1.584,1.478,1.698,1.246,0.922,1.265,1.529,1.156,1.987,2.337,2.326
66,36,1.28,1.353,1.557,1.188,0.486,1.294,0.859,0.645,1.062,0.881,1.565,0.927
66,37,1.114,0.645,0.758,0.522,1.689,0.833,0.0,1.515,0.793,1.302,0.711,0.868
66,38,1.022,1.51,1.616,1.248,0.558,0.541,0.697,1.353,1.792,0.406,1.414,0.946
66,39,0.331,2.222,1.882,0.432,0.205,1.271,0.661,0.795,1.669,1.489,1.704,1.674
66,40,0.576,2.105,1.046,1.338,0.988,2.049,1.9,1.824,1.771,0.838,1.611,0.806
66,41,1.359,2.034,1.479,1.817,0.775,1.386,1.913,0.898,1.555,1.96,1.638,0.625
66,42,0.725,1.709,1.47,0.601,0.266,1.667,1.603,1.384,2.052,1.187,1.469,2.138
66,43,1.32,2.471,0.786,0.94,0.319,0.747,0.642,0.979,2.101,1.633,0.802,2.31
66,44,1.292,1.918,0.784,1.162,0.319,1.599,1.868,0.661,1.216,1.371,1.207,1.943
66,45,1.065,2.167,2.019,1.368,1.72,0.649,0.6,1.674,1.118,0.884,0.824,0.809
66,46,1.467,1.412,0.669,1.848,1.186,0.417,0.647,2.141,1.649,1.695,2.004,1.049
66,47,0.362,2.026,1.578,1.124,1.724,1.09,0.804,1.241,1.772,0.964,0.535,0.711
66,48,1.554,0.371,1.044,2.075,1.697,1.837,1.514,0.954,1.684,0.287,0.877,0.737
66,49,1.369,1.681,1.396,0.964,0.684,1.89,1.736,0.827,1.27,1.555,0.304,1.175
66,50,1.2,2.038,1.315,1.04,0.903,0.13,1.052,1.154,2.394,1.009,0.993,0.377
67,1,1.249,1.908,1.304,0.996,2.729,0.829,1.044,1.31,0.976,2.179,0.985,2.262
67,2,1.872,1.208,0.947,1.241,1.133,1.016,0.741,1.568,2.188,1.404,1.228,0.305
67,3,1.152,1.404,2.279,2.138,0.924,1.214,1.572,1.323,0.614,0.572,1.322,0.99
67,4,2.217,0.936,0.319,1.579,2.253,0.793,2.0,0.861,0.543,0.506,0.9,1.321
67,5,1.201,1.033,0.423,1.475,1.391,1.437,0.861,0.898,1.429,1.684,0.909,1.824
67,6,1.178,0.65,0.967,0.0,1.237,0.156,1.501,0.246,1.511,1.795,1.069,1.734
67,7,1.492,0.772,0.988,1.931,1.386,1.24,0.951,0.561,0.862,1.603,0.64,1.018
67,8,1.865,1.523,1.46,1.119,1.322,0.783,0.92,1.151,0.612,2.139,2.077,0.685
67,9,0.696,1.57,0.123,0.65,1.039,1.258,0.063,1.582,1.816,0.399,0.563,0.677
67,10,1.793,0.256,0.645,1.845,0.09,1.494,1.48,0.0,1.336,0.322,0.905,1.663
67,11,1.401,1.363,1.954,1.733,1.533,1.442,2.127,0.746,0.686,0.39,1.172,0.41
67,12,1.81,0.705,1.2,1.208,0.854,1.291,1.233,1.488,1.109,1.497,0.498,1.678
67,13,2.292,1.702,1.935,0.708,0.78,1.549,0.954,1.027,1.772,2.007,1.311,1.15
67,14,1.201,0.4,1.042,1.017,1.372,0.764,0.438,0.987,1.525,0.684,1.506,1.493
67,15,0.35,1.921,1.2,1.757,0.487,1.478,0.571,1.434,1.248,1.268,1.534,1.483
67,16,0.517,0.811,1.719,1.372,1.538,0.895,1.248,1.323,0.683,0.647,1.056,1.803
67,17,0.933,1.085,0.501,0.454,1.407,0.342,1.654,0.415,1.083,0.355,1.838,1.101
67,18,2.024,1.816,0.437,1.157,2.447,0.513,1.85,0.613,0.511,1.842,0.772,0.566
67,19,1.544,1.828,1.909,1.434,1.865,1.109,0.577,1.717,1.472,1.918,2.145,1.748
67,20,1.016,0.656,1.459,1.289,1.741,1.596,0.538,1.13,1.089,1.633,0.668,0.954
67,21,1.858,1.958,0.842,2.442,2.117,1.634,1.316,2.106,1.255,2.011,1.76,1.792
67,22,1.875,1.657,1.146,1.994,0.944,1.307,1.979,1.681,1.956,0.941,1.617,1.183
67,23,1.72,1.793,1.27,2.392,0.394,1.415,1.343,0.609,0.638,1.512,1.642,1.42
67,24,1.561,1.942,1.464,1.768,0.661,1.192,2.139,2.168,1.14,1.492,0.489,0.451
67,25,1.743,1.488,0.557,0.693,1.73,2.003,1.704,0.579,2.148,0.847,1.664,1.337
67,26,0.83,1.142,0.893,1.733,1.303,0.842,2.039,1.712,1.187,0.958,0.931,1.371
67,27,0.805,2.012,0.552,1.108,0.355,1.856,0.414,0.791,1.67,1.339,0.93,1.661
67,28,1.687,0.251,0.709,1.653,1.879,0.084,2.23,0.662,0.455,1.183,0.801,1.383
67,29,1.846,1.053,0.381,0.0,0.788,1.479,1.128,1.743,1.625,0.399,1.212,1.474
67,30,1.114,1.551,1.191,1.87,1.759,1.846,2.136,1.321,1.036,0.37,1.434,0.518
67,31,1.432,0.876,1.603,2.083,1.1,0.708,0.749,0.319,1.728,1.12,0.963,1.193
67,32,1.278,1.15,0.941,1.154,0.817,0.602,0.819,1.126,2.268,1.067,0.523,1.623
67,33,1.399,0.822,1.726,1.294,2.119,0.936,1.133,1.492,0.347,2.224,1.5,0.802
67,34,1.179,1.903,1.669,1.368,0.207,1.219,1.791,1.936,0.974,1.364,1.614,1.449
67,35,0.664,1.949,0.596,0.965,0.559,1.015,2.044,1.287,0.327,0.575,2.045,0.909
67,36,0.978,1.04,1.277,0.541,1.773,1.15,1.034,0.817,2.014,0.8,1.116,1.917
67,37,0.442,1.567,1.916,0.441,1.27,0.898,1.553,1.266,2.098,0.6,2.373,1.487
67,38,1.416,1.269,0.209,0.639,1.602,1.377,0.919,1.281,1.167,0.582,1.645,0.715
67,39,1.008,0.233,0.681,2.043,1.003,0.658,1.692,1.246,1.585,1.248,1.939,1.534
67,40,2.132,1.558,2.025,1.893,1.752,1.59,1.104,1.337,1.122,1.371,0.005,0.886
67,41,1.395,2.094,1.209,0.523,0.569,1.755,0.454,0.763,2.122,1.008,1.014,0.389
67,42,1.992,1.167,2.171,1.06,1.316,1.242,1.568,1.409,1.763,0.847,1.507,2.204
67,43,1.515,1.153,0.786,1.094,2.11,0.14,0.462,1.419,1.413,1.406,1.045,2.089
67,44,1.601,1.926,1.299,0.7,1.417,2.166,1.39,1.069,0.165,1.441,1.23,0.994
67,45,0.888,1.217,1.69,0.715,0.286,1.057,1.472,1.709,0.655,0.912,0.975,1.377
67,46,0.977,1.009,1.071,1.078,1.403,0.62,1.112,0.807,1.26,0.583,1.622,0.0
67,47,1.396,0.754,0.657,0.742,0.887,1.922,0.299,0.999,0.528,1.405,1.368,1.746
67,48,0.531,0.843,0.885,1.091,0.604,1.211,2.069,1.631,1.843,0.916,2.408,0.742
67,49,1.805,1.171,1.006,0.875,0.85,2.058,0.876,1.736,1.149,1.497,2.223,1.074
67,50,0.501,0.519,1.512,0.753,0.571,0.946,0.923,2.41,0.526,0.913,1.216,1.534
68,1,1.607,0.55,0.763,0.788,2.127,2.041,0.455,1.422,1.993,1.739,0.641,0.737
68,2,1.723,0.693,1.86,0.755,1.088,1.472,1.161,1.541,1.442,1.863,0.407,0.519
68,3,1.208,0.796,1.689,1.44,1.676,1.666,2.048,1.422,1.6,1.08,0.926,2.214
68,4,1.395,0.758,0.643,1.682,1.11,1.11,0.288,1.053,2.166,2.028,1.283,1.008
68,5,0.668,0.97,0.603,2.007,1.376,0.86,0.831,1.959,1.02,0.0,1.47,1.35
68,6,1.233,1.263,1.237,1.474,1.516,0.961,1.15,1.417,0.464,0.851,0.897,0.762
68,7,2.011,2.305,1.357,1.626,1.801,1.731,2.354,0.608,0.417,0.561,0.603,1.044
68,8,1.783,0.467,0.899,1.49,2.203,1.381,0.769,0.836,1.173,1.098,1.813,0.741
68,9,2.127,2.062,1.451,0.967,0.99,1.84,0.827,1.645,1.877,1.128,1.864,0.9
68,10,0.766,1.74,0.824,1.403,1.415,1.415,2.439,2.156,2.265,0.795,2.526,1.784
68,11,1.352,0.79,1.736,2.22,0.741,1.133,2.343,0.536,1.122,1.578,2.077,1.271
68,12,0.795,0.909,0.601,1.549,1.832,1.453,1.061,1.504,0.809,1.598,0.397,0.944
68,13,1.874,0.836,2.293,1.149,1.352,0.821,1.645,0.33,1.543,0.609,1.814,0.647
68,14,1.671,1.643,0.946,1.895,2.045,1.757,0.945,0.288,0.594,1.902,0.818,1.213
68,15,0.686,1.441,1.687,0.935,0.977,1.017,1.574,0.71,1.225,0.215,0.85,1.573
68,16,1.186,1.521,1.445,1.607,0.869,1.142,1.696,1.064,1.458,0.658,2.035,0.871
68,17,0.805,1.034,0.739,1.4,1.172,1.659,0.8,0.669,0.389,0.983,1.502,1.308
68,18,2.062,1.592,1.671,0.557,1.945,1.445,0.78,1.44,0.854,1.305,0.439,0.568
68,19,1.688,1.013,1.43,1.425,0.539,1.722,2.12,1.959,1.763,1.624,2.046,1.198
68,20,1.11,1.026,2.034,0.509,0.722,1.818,0.551,0.715,0.811,1.282,1.693,0.715
68,21,1.018,1.155,2.398,1.077,1.89,1.755,1.924,1.111,1.086,0.358,1.257,0.305
68,22,1.105,1.798,1.452,1.492,1.716,0.581,1.488,1.387,2.036,1.95,1.097,0.601
68,23,0.875,1.668,1.87,0.241,1.962,1.84,1.489,0.662,0.572,1.467,1.896,0.885
68,24,1.153,1.7,0.514,0.576,1.733,1.063,1.618,1.648,0.683,0.899,0.644,0.743
68,25,0.385,0.48,1.066,1.383,1.233,1.304,1.655,0.457,1.982,1.537,1.211,1.731
68,26,1.572,0.712,1.626,1.57,1.549,1.498,1.736,0.492,2.331,1.155,0.754,2.213
68,27,1.014,0.405,1.856,1.398,2.501,1.578,1.632,0.543,0.885,1.443,1.203,1.878
68,28,2.072,0.72,0.78,0.916,1.62,1.801,0.9,0.53,1.183,1.843,1.549,1.126
68,29,0.835,1.405,1.708,1.084,0.856,1.973,1.092,1.802,1.103,1.295,1.584,1.438
68,30,1.658,1.423,1.469,0.321,1.718,0.418,1.058,1.538,1.03,1.094,1.083,0.685
68,31,1.837,1.398,0.708,1.015,1.63,0.659,1.767,1.06,1.302,0.808,1.334,1.96
68,32,1.201,1.849,1.581,1.461,1.78,1.003,1.611,2.031,0.902,1.014,1.962,0.578
68,33,1.261,1.434,1.893,1.438,2.046,0.529,1.824,1.378,0.604,0.92,1.878,1.923
68,34,0.0,1.85,1.686,1.357,0.242,1.051,0.851,0.817,0.927,1.085,1.219,0.077
68,35,0.412,0.273,0.715,1.179,0.354,0.539,1.007,1.162,1.748,1.636,1.253,1.17
68,36,0.953,1.05,0.999,1.555,0.653,1.622,0.441,1.392,0.774,1.827,1.293,1.506
68,37,1.421,0.594,1.262,1.183,0.876,0.521,1.795,0.943,1.659,0.938,1.127,0.874
68,38,1.39,1.62,2.19,0.677,1.787,1.517,1.148,2.213,1.038,1.455,0.395,0.979
68,39,1.139,1.751,1.729,1.219,2.149,1.139,1.311,2.032,2.231,1.341,1.7,1.103
68,40,2.624,0.449,1.324,0.324,0.989,0.763,1.15,1.009,1.061,1.337,0.922,1.781
68,41,2.058,1.947,2.267,1.055,0.57,1.822,1.022,0.253,1.131,1.746,0.96,2.037
68,42,1.379,1.88,1.315,1.001,0.894,0.735,1.311,1.95,0.637,1.944,1.211,1.767
68,43,2.021,1.269,1.815,0.747,0.926,1.912,1.1,1.064,1.694,0.789,1.651,1.214
68,44,1.56,1.039,1.181,1.837,0.743,1.414,1.698,1.352,1.549,1.541,1.476,1.386
68,45,0.846,0.671,0.925,0.619,2.501,0.021,2.182,1.736,1.055,1.68,1.253,1.965
68,46,1.132,1.418,0.462,0.841,0.966,1.358,2.137,2.278,1.18,1.563,0.847,0.41
68,47,1.557,0.812,2.298,1.139,1.481,0.708,1.315,1.299,1.213,1.15,1.384,1.548
68,48,1.039,0.431,1.783,0.428,1.827,1.467,1.929,1.504,0.437,1.102,1.16,1.208
68,49,0.975,1.097,1.576,1.439,1.1,0.981,1.339,1.572,1.517,1.499,1.052,1.192
68,50,0.941,1.256,1.045,0.457,0.999,0.848,1.733,0.868,0.518,0.202,1.563,0.912
69,1,0.492,1.181,1.542,1.656,1.546,0.86,1.778,1.198,1.231,2.032,1.045,0.934
69,2,1.246,0.808,1.138,1.746,1.363,0.997,1.261,2.102,2.057,1.585,1.654,1.874
69,3,1.925,1.385,0.947,0.608,0.435,1.576,1.671,1.108,1.481,1.21,1.77,1.792
69,4,1.191,1.559,1.26,0.396,1.23,0.225,1.906,1.123,1.886,0.838,1.656,1.214
69,5,0.515,1.497,0.901,1.4,1.049,0.338,0.688,0.866,1.873,0.708,1.245,2.011
69,6,2.176,1.422,0.86,2.095,0.235,1.945,1.042,1.297,1.014,0.934,1.57,0.888
69,7,1.536,0.998,0.836,1.162,0.401,0.756,0.649,1.558,2.021,0.87,0.657,0.769
69,8,0.632,2.384,1.612,0.933,0.866,0.658,1.435,2.238,0.343,1.68,0.972,1.453
69,9,1.121,0.526,0.499,1.015,1.379,0.548,1.699,0.093,1.657,0.88,2.327,0.834
69,10,1.153,0.641,0.788,1.887,1.603,0.93,2.068,1.273,2.129,1.571,1.748,1.543
69,11,0.791,1.442,0.873,1.67,1.072,1.586,1.786,0.734,1.067,1.885,0.603,1.92
69,12,1.747,1.42,0.681,1.447,1.771,1.23,0.301,0.521,0.987,1.303,0.565,1.05
69,13,1.471,1.553,2.164,2.064,0.683,1.468,0.88,0.511,1.946,2.154,1.668,1.328
69,14,0.546,1.688,2.045,1.901,0.429,1.25,1.31,0.779,2.021,1.415,0.85,0.307
69,15,2.053,0.919,1.556,1.83,1.523,1.41,0.674,1.158,1.156,2.1,1.439,1.264
69,16,2.384,1.871,1.668,1.603,1.306,1.636,0.779,1.165,0.525,2.587,0.536,0.796
69,17,0.998,2.439,1.355,0.889,1.636,1.658,1.468,0.982,0.601,1.014,1.079,0.697
69,18,0.776,0.976,1.583,1.214,0.823,0.235,1.313,0.904,1.967,1.713,1.538,0.825
69,19,1.635,0.802,1.27,0.056,1.402,1.608,0.947,0.684,2.117,0.41,1.655,2.117
69,20,1.523,1.325,1.299,1.24,0.726,1.727,1.399,0.711,0.842,0.714,1.377,1.178
69,21,1.44,1.137,1.071,0.935,1.755,0.658,0.938,0.362,1.985,1.607,1.355,1.518
69,22,1.885,0.521,0.776,1.222,0.908,0.565,1.179,1.185,0.438,0.215,1.183,0.265
69,23,0.916,1.088,0.789,1.45,0.978,1.735,0.32,0.793,1.409,0.317,1.387,0.989
69,24,1.691,1.09,1.835,1.358,0.898,0.703,1.858,1.774,2.058,1.222,0.952,1.952
69,25,1.144,0.818,1.341,0.723,1.734,0.473,0.622,1.169,0.804,1.323,0.0,1.31
69,26,0.824,1.275,1.302,1.985,0.918,0.693,1.362,0.479,1.354,1.383,0.609,1.577
69,27,0.718,0.812,1.818,1.558,0.986,2.204,0.635,1.254,1.234,1.754,0.96,1.691
69,28,0.826,1.788,0.394,0.98,0.67,1.598,2.452,0.732,1.264,1.729,1.363,2.289
69,29,1.146,0.906,2.032,0.983,1.878,0.356,1.701,0.823,1.864,1.241,1.746,0.462
69,30,0.951,1.681,1.575,0.884,0.853,0.988,0.601,0.402,0.767,1.501,1.0,2.559
69,31,0.886,1.69,1.075,1.559,1.275,1.738,2.005,1.137,0.915,1.32,1.293,1.037
69,32,1.424,1.773,1.767,1.799,1.521,0.642,2.184,2.068,1.67,0.732,0.575,1.593
69,33,0.97,0.984,1.133,0.944,1.859,0.687,2.104,1.356,0.651,0.654,1.551,1.898
69,34,0.931,0.875,1.796,0.685,0.656,0.853,0.917,1.483,1.448,1.718,0.553,1.757
69,35,0.267,1.834,0.373,1.355,1.823,1.331,1.485,1.442,0.985,1.623,1.763,1.807
69,36,1.824,1.447,1.082,0.76,1.669,0.855,1.426,1.261,2.008,0.912,1.239,1.243
69,37,1.118,0.59,2.015,0.825,1.189,1.283,1.739,0.9,2.046,1.017,1.954,1.657
69,38,0.209,1.595,0.901,2.069,1.801,1.101,1.3,1.838,2.572,0.963,0.871,1.969
69,39,0.559,0.206,1.596,0.506,1.512,1.754,1.4,1.118,1.741,1.11,1.42,1.051
69,40,1.648,1.553,1.675,1.438,1.267,0.397,0.81,1.931,1.84,0.754,0.988,0.774
69,41,1.388,0.605,0.56,1.632,1.319,0.402,1.744,1.871,0.984,1.632,1.443,0.455
69,42,1.707,1.683,0.153,0.521,2.103,0.867,1.689,0.657,0.649,0.343,1.716,1.688
69,43,1.944,0.737,1.46,0.986,1.503,0.0,1.043,0.824,1.2,1.22,1.064,0.942
69,44,0.286,1.729,1.321,0.579,1.333,0.629,2.049,1.007,1.227,0.977,1.931,0.305
69,45,1.418,1.496,1.927,1.577,1.738,0.912,1.813,0.729,1.85,0.798,1.832,0.365
69,46,0.615,2.148,0.999,0.576,1.048,1.495,0.677,0.682,1.906,0.496,1.578,1.835
69,47,1.517,1.733,0.944,1.491,1.248,1.918,1.104,1.204,1.693,2.089,0.055,0.116
69,48,0.334,1.341,0.345,1.097,0.8,0.597,2.079,1.582,1.531,0.986,1.172,2.122
69,49,1.583,1.968,1.066,1.305,1.742,0.794,0.727,1.207,1.01,1.785,1.373,1.729
69,50,1.53,0.993,1.695,1.03,1.76,1.44,1.137,1.209,1.26,0.06,1.692,0.371
70,1,0.436,1.71,0.004,1.882,0.841,2.316,1.016,1.872,0.573,1.072,1.063,0.628
70,2,1.611,1.667,0.966,1.635,0.701,1.431,1.63,1.391,1.715,1.476,1.781,0.752
70,3,2.117,1.526,1.252,1.738,1.121,1.496,1.293,1.827,0.7,1.057,0.86,2.012
70,4,1.79,1.982,1.635,1.74,1.512,0.537,1.922,1.002,1.788,0.473,1.667,1.606
70,5,2.188,1.897,2.479,0.485,0.733,1.662,1.721,1.176,0.859,0.92,1.605,1.454
70,6,0.824,0.637,1.312,1.734,1.041,1.954,1.394,2.488,1.246,0.607,1.241,0.968
70,7,0.397,1.524,1.674,1.599,1.485,0.306,1.201,0.709,1.304,1.24,1.029,0.755
70,8,1.508,0.884,0.641,1.346,1.742,1.585,1.124,1.213,0.863,1.898,1.901,0.988
70,9,0.507,1.291,1.067,0.887,2.083,1.299,0.794,1.523,0.528,0.939,1.72,1.242
70,10,1.145,1.244,2.176,1.101,1.741,1.07,0.558,2.062,0.287,0.492,1.16,1.105
70,11,1.2,0.264,1.503,0.732,0.934,0.462,2.586,1.826,1.884,1.428,1.938,1.27
70,12,1.086,1.536,1.332,1.648,0.883,1.416,1.642,1.554,1.839,1.34,1.698,1.708
70,13,1.812,0.855,1.665,1.693,1.175,1.695,1.894,1.209,1.095,0.618,1.073,0.939
70,14,1.587,0.9,1.286,0.958,1.838,1.261,1.252,2.073,1.576,1.256,1.792,0.709
70,15,1.853,1.081,1.012,0.762,1.213,2.298,0.456,1.003,0.992,0.181,2.026,2.336
70,16,1.683,1.316,1.301,0.596,1.301,1.06,1.573,0.668,0.752,1.649,0.985,0.354
70,17,1.864,0.566,1.064,1.491,0.406,0.866,0.494,1.711,0.731,1.693,0.234,2.111
70,18,0.691,0.589,1.374,0.622,1.911,1.266,1.941,1.906,0.484,1.23,0.365,1.45
70,19,1.644,0.856,1.219,1.161,0.575,1.715,1.433,0.634,0.195,0.46,1.693,1.88
70,20,1.605,1.744,0.973,0.928,0.947,2.18,1.775,1.569,1.777,1.74,0.942,1.756
70,21,1.712,1.297,1.013,0.665,1.264,2.227,0.839,0.793,1.027,1.037,0.839,1.607
70,22,0.43,1.071,2.067,0.923,2.397,1.707,0.934,1.112,1.644,0.563,0.306,1.567
70,23,0.218,1.268,1.832,1.6,1.715,1.265,1.168,2.439,0.3,1.423,0.846,1.316
70,24,0.683,1.403,0.707,1.689,0.0,1.678,2.239,1.357,1.273,0.808,2.089,0.895
70,25,0.662,1.616,1.315,2.101,2.383,2.442,0.843,1.841,0.609,1.787,0.957,1.018
70,26,2.205,1.434,2.392,2.123,1.711,0.833,1.341,0.971,0.886,1.057,1.999,0.471
70,27,0.56,0.957,1.178,0.308,1.851,1.683,2.017,2.125,0.994,1.281,2.418,2.083
70,28,0.743,1.967,1.129,1.724,1.646,1.1,2.133,1.898,1.003,1.059,0.763,0.916
70,29,0.848,0.956,1.093,0.558,1.331,0.921,1.089,1.326,0.769,1.469,1.822,1.295
70,30,0.872,0.925,1.257,1.25,1.25,1.684,1.924,1.199,1.327,1.931,1.26,0.768
70,31,1.598,0.631,1.433,0.96,1.224,2.165,0.745,0.879,0.962,0.346,1.889,1.896
70,32,1.947,1.914,0.72,1.684,1.422,1.787,1.014,1.115,0.234,2.025,1.74,1.457
70,33,0.577,1.12,1.735,1.324,1.2,1.825,0.858,1.156,1.309,1.195,2.044,1.223
70,34,1.099,1.523,0.818,1.846,1.432,0.91,1.781,2.236,1.661,1.123,1.086,2.104
70,35,0.781,1.226,1.809,1.971,1.252,0.761,0.981,0.41,1.382,0.288,0.976,1.416
70,36,1.095,0.81,0.547,0.524,1.202,1.001,1.405,1.298,1.15,1.033,1.977,1.009
70,37,0.845,1.368,1.383,1.317,0.926,0.615,0.903,1.026,0.738,1.518,1.603,1.648
70,38,1.443,1.131,2.182,1.526,1.588,1.895,1.916,1.194,0.951,0.953,1.066,0.556
70,39,1.054,1.879,1.885,0.879,2.522,0.676,1.52,1.176,0.406,1.904,1.379,0.719
70,40,0.299,0.131,1.767,0.589,0.468,0.487,2.059,0.721,0.258,0.925,1.142,1.118
70,41,1.248,0.443,1.639,1.444,0.938,1.407,1.315,1.324,1.858,0.554,1.603,1.447
70,42,0.493,1.507,0.932,1.314,2.529,1.651,0.825,2.095,1.593,1.392,0.797,1.179
70,43,0.972,1.249,2.032,0.977,1.041,0.799,2.14,1.589,0.526,0.22,1.298,1.094
70,44,1.705,0.119,1.432,0.571,1.743,1.224,1.296,0.34,1.122,1.105,0.065,0.64
70,45,1.508,0.807,0.953,1.315,1.296,1.238,1.543,0.733,1.5,1.823,1.385,1.383
70,46,2.264,0.912,0.0,1.19,1.481,1.551,1.924,1.498,0.862,1.139,1.121,1.044
70,47,1.373,1.359,1.828,0.62,1.325,0.447,0.945,0.674,1.646,0.198,0.785,1.173
70,48,1.448,0.546,1.468,0.801,1.835,1.792,0.905,1.445,1.382,1.486,1.635,0.818
70,49,0.969,0.675,0.878,1.539,1.305,0.219,1.677,1.466,2.355,1.32,1.592,0.0
70,50,1.939,1.136,0.442,1.317,0.421,2.081,0.884,1.373,2.019,2.418,0.047,2.051
71,1,0.647,1.42,1.36,0.531,0.151,0.767,0.557,2.303,0.487,0.675,1.177,0.134
71,2,1.838,0.917,0.896,1.697,1.372,1.916,0.839,1.665,1.602,1.8,0.849,0.767
71,3,1.301,1.436,1.737,2.24,1.535,0.709,0.927,1.221,1.629,1.472,1.535,0.984
71,4,2.431,1.849,1.21,1.763,1.263,0.97,0.763,1.483,0.819,1.075,1.947,1.04
71,5,0.594,1.477,1.372,0.747,0.894,1.197,1.336,1.309,1.035,0.94,1.821,1.985
71,6,1.773,1.71,1.114,1.898,1.85,1.342,1.812,2.043,0.916,1.026,0.43,0.38
71,7,1.453,1.08,1.465,0.823,1.781,1.635,0.903,2.155,1.619,0.911,0.888,1.033
71,8,0.839,1.428,0.653,0.924,1.739,1.05,0.981,1.064,1.13,0.632,1.087,0.797
71,9,2.376,1.099,1.325,1.649,0.469,1.671,0.928,1.658,1.709,1.122,1.775,1.206
71,10,0.723,1.63,1.422,0.871,1.071,1.34,0.832,0.282,1.349,0.902,2.232,1.142
71,11,1.575,1.515,1.688,0.849,2.658,0.993,1.298,1.471,1.097,2.097,0.958,0.709
71,12,0.682,1.572,1.552,0.722,2.318,1.123,0.988,1.365,1.107,1.483,0.973,1.467
71,13,1.993,1.053,0.774,1.74,1.387,1.631,1.031,1.604,1.68,0.963,1.103,1.243
71,14,1.986,0.445,0.747,0.167,0.941,2.183,1.899,0.818,1.299,1.439,0.817,1.705
71,15,1.548,2.099,1.994,0.648,2.007,0.99,1.082,0.952,1.097,1.63,1.707,2.119
71,16,1.039,1.055,1.46,1.6,1.168,1.19,1.579,2.089,0.831,1.443,1.676,1.633
71,17,1.847,0.607,2.087,0.727,1.391,0.965,0.268,1.306,0.897,1.565,0.754,0.986
71,18,1.997,0.783,1.591,1.141,1.151,0.749,1.268,1.867,1.732,1.748,1.316,1.557
71,19,2.182,1.057,0.968,1.563,0.858,0.219,1.342,1.305,1.25,1.625,1.018,1.148
71,20,1.793,0.635,1.572,1.087,0.856,1.109,1.451,1.038,0.645,1.879,2.041,0.974
71,21,1.072,0.0,0.961,0.56,0.519,1.24,2.16,0.828,0.799,1.127,0.737,1.265
71,22,2.081,1.378,1.647,1.907,0.804,1.321,0.826,1.094,1.014,1.633,1.147,1.629
71,23,0.718,0.949,1.027,0.51,1.772,1.182,0.812,1.377,1.61,0.326,1.669,1.948
71,24,1.165,1.338,1.666,1.446,1.158,0.779,1.223,0.428,0.862,1.535,1.373,2.085
71,25,1.565,1.673,0.664,1.946,1.437,1.146,1.214,1.162,1.299,1.189,1.315,1.937
71,26,1.905,1.979,0.738,1.667,1.414,2.364,1.427,1.944,1.177,1.908,1.002,1.133
71,27,1.792,1.919,1.579,1.077,1.577,0.987,1.153,1.578,1.373,1.861,1.532,1.687
71,28,2.03,1.011,0.831,2.241,0.843,1.923,0.583,0.171,1.591,0.523,0.476,0.934
71,29,1.0,1.383,1.391,2.017,1.253,2.021,0.597,1.169,2.124,1.215,0.579,1.238
71,30,0.972,0.779,1.551,1.483,0.039,1.878,1.538,1.138,2.115,1.026,1.76,1.696
71,31,1.062,0.882,0.622,1.965,0.843,1.069,1.974,1.201,1.433,1.891,1.158,2.193
71,32,1.17,1.539,0.708,0.0,2.325,1.214,0.21,1.335,0.441,1.37,0.659,0.613
71,33,0.565,1.323,0.78,1.52,2.19,0.686,0.332,1.164,0.359,1.994,1.446,2.402
71,34,0.642,1.127,0.989,1.624,1.316,0.747,1.596,2.273,0.877,0.878,1.095,1.674
71,35,0.58,1.274,1.551,0.807,1.409,1.6,1.371,0.509,1.638,0.762,1.914,0.896
71,36,0.844,1.657,1.086,1.814,0.871,1.266,0.294,0.553,0.447,1.597,2.047,1.675
71,37,2.45,1.628,1.45,0.717,0.504,1.75,0.915,1.505,1.713,1.743,1.764,0.59
71,38,0.858,0.871,1.077,1.976,1.93,0.0,0.643,0.928,2.228,0.706,1.194,0.0
71,39,1.408,0.746,1.253,1.174,1.142,0.848,1.699,2.021,1.514,0.94,1.91,1.943
71,40,1.051,0.526,0.388,2.097,0.642,1.849,1.775,0.333,1.36,1.658,1.315,1.781
71,41,0.362,1.787,1.03,1.776,0.856,0.27,0.59,1.008,1.222,0.069,0.668,0.83
71,42,1.003,0.888,1.656,1.158,1.584,0.965,1.154,1.215,1.992,1.895,1.6,1.055
71,43,1.201,1.126,1.377,0.704,1.242,1.053,0.785,0.298,1.304,0.742,0.502,1.563
71,44,1.554,0.546,0.205,1.954,0.849,2.25,1.885,0.718,0.937,1.6,1.466,0.838
71,45,0.961,0.479,0.581,1.495,0.917,1.135,1.456,0.709,0.584,0.924,0.994,1.293
71,46,1.996,1.533,1.836,1.998,1.481,1.52,1.477,1.725,0.825,0.297,1.732,0.709
71,47,0.884,2.237,1.338,2.256,1.78,0.562,1.972,1.07,1.63,0.971,2.669,1.501
71,48,1.262,0.0,2.078,1.373,1.234,1.113,1.696,0.259,1.097,1.347,1.087,0.73
71,49,0.976,1.832,1.872,1.026,1.823,1.916,1.476,1.469,1.63,1.158,1.836,0.123
71,50,0.854,1.21,0.641,0.899,0.903,1.026,1.783,1.511,0.271,1.922,1.973,1.758
72,1,1.163,2.095,1.496,1.023,1.323,1.909,1.187,1.978,2.096,1.616,1.144,1.043
72,2,1.795,1.848,0.512,0.509,0.823,1.577,0.691,0.989,2.136,1.73,0.755,1.836
72,3,0.81,0.668,1.716,1.029,1.763,0.91,1.754,1.059,1.729,1.337,0.906,1.173
72,4,0.761,1.847,1.359,1.219,1.04,1.867,0.134,1.305,1.192,0.362,0.078,2.34
72,5,0.699,1.87,0.732,2.018,1.915,1.464,1.757,1.406,1.391,1.893,1.399,1.278
72,6,1.997,1.155,1.552,1.204,0.985,1.25,0.458,0.952,1.75,1.266,1.365,0.396
72,7,2.01,1.619,2.538,1.623,1.043,0.761,1.921,0.627,1.672,1.233,0.449,0.797
72,8,2.127,1.543,2.045,0.385,1.528,1.453,1.167,1.776,0.732,1.038,1.396,0.993
72,9,1.751,1.504,1.657,1.228,0.774,2.259,1.277,0.67,0.879,0.952,1.885,1.63
72,10,1.719,1.028,1.722,0.767,2.641,1.897,1.201,0.004,1.533,0.604,0.537,1.021
72,11,1.667,2.215,1.382,2.094,1.644,1.75,0.903,1.848,1.599,0.769,1.439,1.843
72,12,2.021,2.207,0.681,0.727,0.648,1.762,1.637,1.235,1.295,1.28,1.275,1.509
72,13,0.909,1.373,1.794,0.588,0.45,0.661,1.66,1.89,0.679,0.428,1.352,1.306
72,14,1.313,1.33,1.867,1.695,0.474,1.03,1.252,0.431,1.469,0.39,1.483,1.862
72,15,1.236,1.226,0.827,1.448,1.841,1.143,1.252,1.65,0.798,1.601,2.32,1.672
72,16,1.576,1.062,1.03,1.112,1.564,0.73,1.715,1.67,1.864,1.624,2.092,1.015
72,17,0.737,1.201,1.524,1.555,0.803,1.031,1.759,1.886,1.495,1.86,0.341,0.792
72,18,1.817,1.322,0.949,1.493,2.164,0.903,1.234,1.009,0.758,1.475,0.587,0.684
72,19,1.449,0.103,1.935,2.129,1.616,1.574,0.326,0.808,0.742,1.01,1.619,0.233
72,20,1.468,1.047,2.511,0.487,1.718,1.593,1.275,0.684,1.266,0.86,1.674,1.038
72,21,1.476,2.15,0.942,1.241,1.227,1.145,1.78,0.896,0.608,0.9,1.674,0.673
72,22,0.93,0.84,1.007,1.215,1.762,1.38,0.955,0.502,1.322,0.815,2.042,1.483
72,23,1.676,1.775,0.504,1.503,0.475,0.335,2.276,2.131,1.659,0.952,1.586,0.766
72,24,0.932,1.139,0.907,0.656,1.759,1.915,1.036,1.82,1.774,1.547,0.994,1.4
72,25,0.822,1.264,0.767,0.933,0.908,1.081,0.692,1.01,1.137,0.553,0.984,2.131
72,26,1.033,1.457,0.864,0.435,1.944,1.102,0.137,1.752,0.362,0.371,1.101,2.166
72,27,1.847,0.248,0.824,0.914,1.188,1.599,1.77,1.063,1.642,1.648,0.434,1.916
72,28,1.264,2.103,1.075,1.515,2.241,1.299,1.867,1.801,0.385,1.692,0.483,1.438
72,29,1.46,0.961,1.219,0.482,0.562,1.881,1.372,1.305,1.402,0.773,1.8,0.524
72,30,1.691,0.473,1.797,0.718,0.196,2.065,0.872,0.754,1.037,1.15,1.142,1.378
72,31,1.249,1.41,1.934,0.906,0.599,0.305,1.413,2.143,2.522,0.851,1.118,1.454
72,32,0.702,1.369,2.005,0.368,0.941,1.113,1.77,1.072,1.549,0.626,0.918,0.927
72,33,1.736,1.863,0.803,1.748,1.628,0.937,0.464,1.003,1.268,2.193,0.478,0.681
72,34,1.263,0.5,1.661,1.636,1.419,1.246,1.214,1.654,0.972,1.25,1.09,1.031
72,35,0.677,2.002,1.208,1.617,0.611,1.508,0.445,1.127,1.706,1.793,1.336,1.402
72,36,1.341,1.272,0.398,1.795,0.568,1.829,2.208,0.967,0.991,1.796,1.868,1.933
72,37,1.473,0.576,1.36,1.559,0.782,1.456,0.413,1.946,0.439,1.555,1.684,1.122
72,38,0.227,1.277,0.756,1.468,0.561,0.999,1.608,1.113,1.225,0.6,1.525,1.419
72,39,1.413,1.684,0.654,1.503,1.105,0.971,1.748,1.28,1.194,0.826,1.526,0.863
72,40,1.069,1.985,2.05,0.844,2.026,1.741,0.0,0.837,1.311,1.284,1.256,0.574
72,41,0.836,1.057,1.293,1.729,1.377,1.619,2.334,0.536,0.764,0.817,2.016,0.803
72,42,1.53,1.667,0.752,2.049,1.042,1.12,1.032,1.88,1.574,0.942,1.185,1.945
72,43,0.532,1.587,1.657,0.92,1.583,1.37,1.841,1.109,1.053,0.907,1.448,1.442
72,44,1.749,1.843,1.875,1.73,1.831,0.761,1.052,0.927,1.54,1.256,0.866,1.267
72,45,1.501,1.621,1.355,1.708,0.787,1.16,1.904,1.656,1.522,1.382,1.58,0.55
72,46,0.68,1.245,1.599,1.199,0.529,0.783,0.362,1.05,1.734,1.745,1.208,1.585
72,47,1.493,0.826,1.447,1.907,0.678,0.8,0.628,1.032,0.788,1.666,1.9,2.015
72,48,1.358,1.647,1.689,1.066,0.544,0.906,1.3,2.07,0.867,0.703,1.399,1.239
72,49,1.985,2.147,0.968,1.878,0.793,1.787,1.458,1.278,0.583,1.069,1.593,0.45
72,50,1.159,1.742,0.293,1.633,1.153,0.99,0.77,1.361,0.467,1.862,1.04,1.606
73,1,1.505,0.793,0.62,1.455,1.654,1.165,1.154,2.022,0.55,1.433,0.659,1.04
73,2,1.584,2.159,2.293,1.227,1.348,1.917,1.797,2.269,2.09,0.63,0.653,2.312
73,3,2.029,0.015,2.01,2.007,2.08,1.728,2.054,1.351,0.993,1.925,1.61,0.67
73,4,1.079,1.974,0.96,1.056,0.977,0.803,1.839,1.323,1.993,1.967,1.294,1.821
73,5,1.847,1.274,1.066,1.072,0.567,1.765,1.741,1.408,2.294,1.828,0.873,1.714
73,6,1.258,0.279,2.076,0.077,1.809,1.953,1.046,1.573,0.997,1.537,0.879,1.307
73,7,1.453,2.1,1.004,0.892,1.874,1.615,0.075,1.699,1.262,0.527,1.816,1.782
73,8,1.893,1.53,0.875,1.353,1.499,1.872,1.111,2.045,1.892,1.236,1.768,1.694
73,9,1.997,1.231,1.805,1.303,1.999,1.891,1.01,0.146,0.501,1.821,0.399,0.81
73,10,1.291,2.087,0.979,0.908,1.355,2.196,1.07,1.02,0.0,1.946,0.117,1.149
73,11,0.746,2.547,2.151,0.884,2.272,1.331,2.196,1.744,0.426,1.709,2.401,0.626
73,12,1.524,1.347,1.504,1.735,1.154,1.208,2.009,1.226,1.793,1.863,0.443,2.044
73,13,1.173,0.751,1.026,1.655,1.309,0.961,0.82,1.426,1.54,1.569,2.074,0.739
73,14,0.697,0.316,1.581,1.352,1.179,1.512,2.386,0.768,0.696,1.852,1.751,1.05
73,15,1.814,1.687,1.065,1.926,0.664,1.897,0.986,0.83,0.616,0.806,0.901,1.856
73,16,1.378,1.885,1.327,2.755,1.682,0.907,1.089,1.299,1.878,2.019,1.578,1.324
73,17,1.329,1.022,2.056,1.579,1.428,1.23,1.455,2.006,1.474,1.16,1.471,1.39
73,18,1.724,0.75,1.528,1.449,2.036,2.249,0.705,1.218,0.673,1.961,1.067,0.33
73,19,1.071,1.628,1.333,2.013,1.169,1.237,2.145,0.924,0.664,2.199,0.504,1.81
73,20,0.733,1.2,1.988,1.685,1.295,2.102,1.099,1.881,0.577,1.107,1.097,0.838
73,21,1.443,0.595,0.114,1.574,0.229,1.452,1.118,0.732,1.569,1.228,1.957,0.97
73,22,1.395,0.787,1.593,0.391,1.175,2.064,1.104,1.508,1.808,1.104,1.61,1.881
73,23,1.456,0.822,1.355,2.257,1.276,1.888,0.909,0.866,1.215,2.333,1.305,1.204
73,24,1.703,1.06,0.933,1.053,0.156,1.282,1.517,1.172,1.629,0.757,1.827,0.914
73,25,1.012,1.166,0.782,1.98,1.095,1.183,0.9,1.297,1.992,2.347,1.422,2.303
73,26,1.545,1.828,1.594,1.993,0.521,1.033,0.82,1.247,0.673,0.838,0.886,1.462
73,27,1.266,1.204,2.129,1.385,1.348,1.401,0.519,1.797,1.704,0.934,1.055,0.946
73,28,2.083,1.556,1.599,0.377,0.351,0.898,1.726,1.468,1.179,0.116,1.321,0.663
73,29,0.349,1.421,1.527,2.08,1.17,1.167,0.935,1.506,2.26,0.702,0.408,0.806
73,30,1.518,1.573,1.262,1.819,1.04,0.369,1.884,1.118,1.654,2.0,1.814,0.732
73,31,1.413,0.003,0.09,0.769,1.522,1.012,0.783,2.09,1.299,1.909,1.631,1.444
73,32,1.152,0.792,0.612,1.789,1.015,1.629,0.689,2.371,0.83,1.76,1.579,1.923
73,33,1.03,0.57,1.754,0.508,1.634,1.156,1.096,1.432,1.332,1.74,0.923,1.636
73,34,1.071,0.822,1.537,1.863,0.9,2.054,1.605,0.6,0.736,1.293,1.491,1.756
73,35,0.564,1.459,1.36,1.779,1.569,1.445,1.624,0.647,1.948,0.432,1.922,0.866
73,36,1.233,0.745,2.567,1.545,1.169,1.046,0.758,1.014,1.278,0.456,1.191,0.915
73,37,2.0,2.344,2.474,1.517,1.614,0.908,1.249,2.02,0.613,1.396,1.872,0.912
73,38,1.044,1.508,1.785,1.004,1.513,0.811,1.422,1.585,0.332,0.824,0.747,1.706
73,39,0.928,0.532,1.282,1.572,1.967,1.481,1.237,0.808,0.733,1.134,1.393,1.651
73,40,0.98,1.515,1.149,0.274,0.756,0.891,1.391,2.223,0.822,1.02,1.649,1.628
73,41,0.437,0.542,1.423,1.668,1.356,0.459,0.506,2.353,1.583,1.394,0.704,2.126
73,42,0.74,1.46,0.653,0.63,1.268,1.956,1.785,1.113,0.358,1.952,1.434,1.876
73,43,1.408,0.633,1.68,2.183,0.845,1.898,1.695,0.633,1.643,1.059,0.781,1.155
73,44,0.614,1.987,1.272,1.9,0.737,1.939,1.134,1.122,0.334,1.512,0.293,1.86
73,45,1.762,1.45,0.981,1.859,1.198,0.249,1.182,1.09,0.584,1.536,1.171,2.113
73,46,1.501,0.98,0.702,0.841,1.66,1.884,1.414,1.202,1.918,1.515,1.603,1.806
73,47,1.748,1.916,1.216,0.821,1.606,1.876,1.643,1.36,1.623,1.593,1.772,1.012
73,48,0.034,0.527,1.413,1.786,1.774,1.725,1.418,2.11,0.641,1.804,0.331,1.569
73,49,0.653,1.164,0.355,0.516,0.741,0.996,0.398,0.294,2.257,1.387,1.043,1.354
73,50,1.579,2.03,1.125,0.269,1.577,1.052,0.657,1.131,1.745,2.081,1.173,1.047
74,1,1.918,0.768,0.687,1.428,0.419,0.675,1.228,2.126,0.775,1.065,0.523,1.72
74,2,2.002,0.0,1.903,2.682,1.155,1.591,1.263,1.219,1.341,0.985,1.866,1.445
74,3,0.864,1.254,2.176,1.037,1.64,2.181,2.319,1.779,2.48,1.618,0.639,1.073
74,4,2.0,1.065,1.192,1.769,1.115,1.629,1.621,0.91,1.052,0.185,0.872,1.89
74,5,1.833,1.435,1.552,1.246,0.811,0.398,1.894,1.958,1.952,0.556,0.666,1.012
74,6,1.361,1.835,2.034,0.82,0.762,0.571,1.273,1.74,1.007,2.281,0.698,0.891
74,7,1.362,1.959,1.462,1.676,0.684,2.081,1.334,1.515,0.909,1.096,0.663,2.415
74,8,0.988,1.684,0.881,2.145,0.672,0.634,0.879,1.06,0.782,0.775,1.41,1.854
74,9,1.568,1.284,0.28,0.768,1.567,0.578,1.745,2.185,0.837,1.704,1.868,1.654
74,10,1.856,0.911,1.748,1.01,1.357,0.892,2.243,1.287,1.731,1.84,1.921,1.568
74,11,1.741,1.337,0.514,0.843,1.686,1.648,1.423,1.844,1.673,0.296,1.814,1.2
74,12,0.904,1.702,1.797,1.063,1.11,1.036,1.099,0.808,1.121,0.527,1.266,1.54
74,13,1.536,1.479,1.532,0.976,2.354,0.866,0.733,1.201,0.995,1.348,1.424,1.286
74,14,0.759,1.703,0.27,2.303,0.578,0.47,2.062,0.716,1.473,0.574,1.511,1.042
74,15,2.559,0.721,1.047,1.443,0.814,1.054,1.372,1.058,0.672,1.582,1.289,0.999
74,16,1.508,1.653,2.223,0.56,0.587,1.402,0.848,0.794,0.424,0.573,0.777,1.864
74,17,1.002,1.814,1.768,0.629,0.823,1.337,1.144,1.132,1.002,1.516,1.114,1.387
74,18,1.232,1.225,0.787,2.464,1.563,1.83,0.811,1.234,0.44,0.83,1.012,1.153
74,19,0.906,1.536,1.034,1.736,1.601,1.03,0.582,0.564,1.851,2.233,1.502,1.148
74,20,1.925,1.418,1.235,1.558,1.388,1.439,0.463,1.758,2.018,1.26,1.752,0.0
74,21,1.597,1.523,1.838,1.661,0.641,0.756,0.55,1.623,1.629,0.936,0.722,1.539
74,22,2.241,1.729,0.815,1.858,1.992,1.334,1.879,1.773,1.367,2.274,1.707,1.342
74,23,0.328,0.888,0.562,1.872,0.265,1.793,1.216,0.499,1.711,1.779,1.745,0.852
74,24,0.581,1.348,0.678,0.887,1.258,0.78,0.917,0.696,0.825,1.252,1.067,1.588
74,25,0.343,1.169,0.563,1.833,1.8,0.411,0.282,1.675,2.066,0.908,2.514,1.067
74,26,0.904,1.107,1.417,1.945,1.703,0.99,0.76,0.732,1.091,1.394,0.653,0.462
74,27,0.711,1.539,1.292,0.475,1.659,1.091,0.0,1.179,1.57,0.208,1.186,2.053
74,28,1.312,1.914,1.319,1.574,0.3,0.964,1.356,1.419,1.66,0.535,2.161,1.394
74,29,1.361,0.88,1.372,0.764,1.996,1.759,0.703,1.518,1.647,0.745,2.137,0.909
74,30,1.652,1.357,1.995,1.026,1.26,0.959,1.675,1.206,1.443,0.744,1.321,1.081
74,31,0.551,1.217,1.069,0.635,0.809,1.503,2.171,1.579,1.827,1.242,1.561,0.476
74,32,0.26,1.586,1.342,1.425,1.739,0.426,0.917,1.425,1.913,1.54,1.326,1.402
74,33,0.489,0.463,1.878,0.387,1.437,1.323,0.918,1.588,1.322,2.311,0.847,0.758
74,34,0.599,0.974,0.928,1.384,1.444,0.831,0.568,0.584,1.396,2.204,1.621,2.15
74,35,1.366,0.935,1.755,1.571,0.761,1.486,0.88,0.49,1.038,1.563,1.224,1.636
74,36,1.88,1.287,0.901,1.431,1.662,0.935,0.763,1.698,0.382,1.081,0.982,0.52
74,37,1.285,0.659,0.915,0.985,1.361,1.195,1.494,0.869,0.927,1.261,1.118,1.157
74,38,1.424,0.849,1.607,1.669,0.273,1.871,2.128,1.105,1.852,0.686,0.737,1.515
74,39,1.613,1.039,1.801,0.772,1.764,1.534,1.479,0.791,2.009,1.103,1.457,1.519
74,40,1.51,1.371,0.406,1.286,0.894,1.701,1.825,1.711,1.712,0.641,0.401,1.258
74,41,1.054,1.566,1.36,0.045,1.37,1.283,1.604,0.553,0.21,0.861,1.317,1.412
74,42,1.67,1.895,1.294,1.885,2.686,0.708,1.443,1.861,0.702,2.52,2.019,0.621
74,43,1.556,0.778,0.808,1.689,0.567,0.0,1.249,1.2,1.543,0.949,1.035,0.803
74,44,0.389,1.298,1.026,0.975,1.176,1.716,1.081,1.651,0.378,1.824,1.223,1.026
74,45,2.158,1.27,1.705,0.694,0.452,1.014,1.22,1.968,0.756,1.612,1.503,1.057
74,46,1.078,0.824,0.152,1.212,0.729,0.277,1.326,1.074,0.706,1.568,1.204,2.214
74,47,1.021,1.147,1.205,0.165,1.504,1.923,1.348,0.759,2.167,2.498,1.349,1.378
74,48,1.573,1.968,0.66,0.4,2.23,1.195,1.946,0.0,2.137,1.211,1.481,0.962
74,49,0.841,1.323,1.707,1.334,2.008,1.435,2.161,0.939,2.538,1.528,0.553,1.909
74,50,1.97,0.221,0.791,0.852,1.712,0.837,1.603,1.471,0.554,1.513,1.471,1.904
75,1,1.068,1.194,0.539,1.401,0.882,1.418,2.25,1.847,1.269,0.722,2.239,1.735
75,2,0.351,1.379,0.278,0.794,1.218,0.63,1.664,1.5,1.039,0.575,0.988,1.29
75,3,1.72,0.585,0.74,1.448,1.431,0.842,1.126,1.565,1.415,0.906,0.864,1.466
75,4,0.839,0.605,1.095,1.138,1.306,0.242,0.496,0.837,0.849,0.718,1.135,0.754
75,5,1.988,1.932,1.114,1.383,0.756,0.458,1.625,0.179,0.954,1.517,1.084,1.424
75,6,1.581,1.349,0.422,1.094,1.366,1.943,1.701,1.428,0.861,2.299,1.66,1.089
75,7,1.269,1.066,1.918,1.88,1.033,1.187,1.736,1.78,1.315,0.829,1.33,1.163
75,8,1.564,1.697,0.673,0.384,1.211,0.949,1.997,2.521,1.459,1.305,0.69,0.164
75,9,1.334,1.095,0.196,0.862,0.953,1.034,0.536,1.399,1.183,2.047,1.14,1.517
75,10,2.115,1.206,2.069,0.908,0.725,1.639,2.304,0.778,0.663,1.946,1.445,0.865
75,11,0.769,0.758,1.653,1.235,2.234,1.218,1.154,0.74,1.77,1.667,0.847,1.054
75,12,1.014,1.751,1.011,2.002,1.815,1.673,2.223,0.849,2.101,1.972,1.276,0.109
75,13,1.396,1.157,1.644,1.217,1.227,2.045,2.071,0.952,1.486,1.315,0.919,1.39
75,14,0.935,1.873,1.056,0.387,1.843,1.289,1.197,0.713,1.24,1.159,1.399,1.244
75,15,1.402,0.526,1.286,0.791,1.365,1.424,0.876,1.11,0.965,1.672,1.419,1.722
75,16,1.041,1.08,1.565,0.791,1.844,1.889,1.91,1.44,1.154,1.058,1.368,2.088
75,17,1.913,1.906,0.804,1.083,1.834,1.34,2.574,0.118,1.161,2.305,1.129,1.751
75,18,0.862,1.203,0.867,1.953,1.906,1.197,1.575,2.095,1.77,1.528,1.521,2.05
75,19,1.061,1.055,0.976,1.245,1.751,0.756,2.156,1.299,1.012,1.194,2.011,1.192
75,20,1.255,0.295,1.609,0.354,0.21,0.664,1.138,1.323,0.686,1.491,1.079,0.305
75,21,0.956,0.582,0.818,0.587,1.454,0.0,1.102,0.758,1.405,1.059,0.643,1.793
75,22,0.483,0.642,1.849,1.979,0.632,0.955,1.879,1.39,2.074,0.947,0.369,1.9
75,23,1.088,1.524,1.277,1.656,1.725,0.979,1.324,1.866,1.426,1.767,1.139,1.581
75,24,2.033,1.982,1.822,1.356,0.911,0.873,2.255,1.759,1.356,1.425,1.273,1.518
75,25,0.975,0.627,0.875,0.886,1.337,1.713,1.198,1.424,0.652,2.224,1.055,1.192
75,26,1.632,0.516,2.226,1.395,1.098,0.388,2.035,1.394,1.952,1.054,1.332,1.912
75,27,1.296,0.361,1.847,1.035,1.174,1.059,0.926,0.383,1.458,0.64,1.185,2.104
75,28,1.297,0.703,1.242,0.425,1.18,1.694,1.461,1.409,1.04,1.827,1.041,0.17
75,29,1.514,0.686,1.567,1.634,1.653,1.45,1.07,0.359,0.404,2.213,0.996,1.121
75,30,2.02,1.44,0.762,2.075,0.49,1.384,0.95,1.443,1.26,1.911,1.097,0.388
75,31,0.482,1.467,1.324,1.629,1.296,1.72,0.288,0.601,1.787,1.315,0.724,1.888
75,32,0.419,0.813,1.327,2.286,0.821,1.569,1.089,1.245,0.848,0.521,1.394,1.28
75,33,2.327,0.02,0.605,0.876,2.019,1.511,0.0,2.088,1.104,1.769,0.501,1.151
75,34,1.016,0.893,1.722,1.724,1.553,1.431,1.635,1.324,0.51,0.453,2.067,1.75
75,35,1.877,1.71,0.927,0.984,0.984,0.406,1.822,1.618,0.433,0.694,1.259,0.769
75,36,1.037,1.308,0.575,0.994,0.69,1.168,1.25,2.103,1.272,2.186,1.118,1.744
75,37,1.092,0.507,0.895,1.658,1.394,0.952,1.3,1.217,1.211,0.554,1.056,1.294
75,38,1.158,1.705,1.817,1.307,1.15,1.322,2.001,0.227,1.399,1.059,1.528,1.059
75,39,1.286,0.284,2.133,0.727,1.81,2.327,1.225,1.055,1.389,1.859,1.414,0.777
75,40,0.499,1.414,1.594,1.698,0.763,1.148,0.744,0.73,1.804,0.569,1.636,0.313
75,41,1.476,1.475,1.491,1.021,1.811,1.702,0.804,0.781,1.698,1.626,1.796,1.116
75,42,1.375,0.88,0.615,1.745,0.781,1.027,0.73,1.763,0.816,0.74,1.685,1.103
75,43,2.235,1.045,0.556,0.812,0.413,0.614,1.394,1.858,1.494,2.372,0.856,1.29
75,44,1.244,1.215,0.812,0.786,1.871,1.048,1.654,1.209,1.742,0.714,2.25,0.676
75,45,1.147,1.576,0.834,1.236,0.968,1.09,0.065,1.404,1.073,1.624,0.542,1.387
75,46,1.664,1.057,2.223,0.957,1.354,1.218,1.525,2.165,1.842,1.525,0.75,0.883
75,47,0.542,1.792,1.485,1.883,0.886,1.57,0.914,1.288,0.0,1.712,0.725,1.139
75,48,1.378,0.783,1.376,1.074,0.919,0.763,1.463,1.841,0.815,0.939,0.773,1.24
75,49,1.315,0.965,0.875,1.241,0.919,1.136,0.757,1.959,1.934,1.478,1.622,0.71
75,50,1.639,0.976,0.957,0.787,1.276,2.184,2.034,1.373,0.683,0.647,1.592,2.139
76,1,1.13,1.77,1.848,0.478,0.733,0.466,1.219,1.231,1.039,1.009,1.484,1.303
76,2,0.535,0.904,1.142,1.976,1.463,0.626,0.532,1.396,1.784,1.462,1.168,1.556
76,3,1.734,1.515,1.7,0.347,1.068,0.534,0.802,1.147,0.644,1.736,1.446,0.656
76,4,1.096,1.193,1.98,1.644,0.371,1.881,0.562,0.683,0.406,1.683,0.669,0.607
76,5,1.931,1.151,1.141,1.392,1.385,0.846,1.042,1.7,2.104,1.58,1.401,0.464
76,6,1.551,1.533,1.484,1.645,0.65,0.883,1.075,1.117,1.747,1.299,1.028,1.506
76,7,1.175,0.269,0.598,2.08,1.235,0.813,0.313,0.792,1.173,0.641,1.947,0.915
76,8,0.224,0.381,2.471,1.036,0.468,1.891,1.195,0.948,1.485,1.441,1.174,1.333
76,9,0.619,1.153,1.933,2.064,1.322,1.066,1.185,0.893,2.053,1.596,1.509,1.448
76,10,1.723,1.306,1.053,2.018,0.784,0.937,0.06,0.372,1.099,1.609,1.141,1.398
76,11,1.739,1.198,0.628,0.577,1.795,1.921,1.48,1.866,0.997,1.073,1.86,0.878
76,12,2.302,0.985,0.492,0.252,0.893,1.207,1.525,1.122,1.301,1.713,0.59,0.62
76,13,2.004,1.252,0.851,0.593,0.718,2.033,1.327,1.581,0.96,1.593,0.905,0.755
76,14,1.953,1.356,0.682,0.901,1.514,1.663,0.628,1.84,2.083,0.802,1.597,1.433
76,15,1.129,1.071,2.333,1.406,1.591,0.451,2.103,1.478,1.815,1.674,2.054,0.882
76,16,0.918,0.0,1.023,1.026,1.971,1.151,1.959,1.212,1.367,1.714,1.485,2.204
76,17,1.43,1.484,1.171,1.471,1.063,0.4,0.962,0.907,0.91,0.948,0.605,0.791
76,18,0.267,1.545,0.538,1.354,1.224,1.228,1.527,1.883,0.965,1.06,2.113,1.104
76,19,0.754,1.259,1.284,0.455,1.485,0.241,1.204,1.663,1.507,1.061,1.133,1.314
76,20,0.846,2.492,1.024,0.53,1.307,1.612,1.477,1.644,1.834,1.546,2.29,0.77
76,21,1.197,1.488,1.437,1.395,2.083,1.601,1.295,1.463,2.3,0.024,1.898,0.574
76,22,1.627,1.854,1.645,1.945,1.838,1.073,1.003,0.494,0.55,0.527,0.427,2.116
76,23,1.73,1.197,1.117,1.602,1.042,0.673,0.634,1.156,1.561,0.858,1.827,1.013
76,24,1.466,1.52,1.613,0.517,1.826,1.505,2.226,1.261,1.64,2.163,1.408,1.235
76,25,0.648,0.96,1.459,2.005,1.287,1.714,2.181,1.256,1.326,1.072,1.176,1.189
76,26,0.217,1.571,1.085,0.79,2.107,1.033,2.138,0.787,0.517,1.573,0.929,2.328
76,27,1.606,1.305,1.409,2.448,1.195,1.095,2.028,1.258,0.856,1.68,2.273,1.021
76,28,0.823,0.416,1.04,0.491,0.858,0.767,1.821,0.872,0.747,1.658,0.648,1.74
76,29,1.664,1.909,1.62,1.379,1.438,2.229,0.198,1.498,1.694,1.093,1.657,0.311
76,30,0.822,1.822,2.311,1.251,0.862,0.971,1.142,1.453,1.148,1.593,1.509,2.039
76,31,2.154,1.005,1.358,1.732,1.139,1.742,1.158,1.197,0.519,1.224,1.324,1.698
76,32,0.969,0.837,2.218,1.252,1.849,1.244,1.308,0.214,1.5,0.813,1.314,0.905
76,33,0.583,1.922,1.213,0.182,1.329,1.375,0.843,1.327,1.599,1.14,1.911,1.2
76,34,2.203,1.417,1.036,1.462,1.317,0.84,0.111,1.36,0.534,0.31,1.118,1.159
76,35,1.693,0.776,2.1,0.775,0.978,1.194,0.862,0.314,1.61,1.673,1.383,0.745
76,36,1.99,1.148,1.233,2.563,0.811,1.142,1.974,2.015,0.0,1.693,1.807,1.421
76,37,0.257,2.002,1.768,1.3,1.369,1.646,1.107,0.59,1.137,0.497,1.548,1.805
76,38,1.246,1.727,1.921,1.578,1.054,1.153,1.63,1.107,2.189,1.49,0.361,0.704
76,39,1.138,1.16,1.726,1.211,0.059,2.163,0.175,1.774,1.73,0.728,1.103,1.78
76,40,1.117,1.546,1.248,0.83,1.236,0.238,2.068,1.341,1.574,1.598,1.192,1.548
76,41,1.845,0.324,1.103,2.192,0.992,1.524,1.595,0.825,0.852,1.784,0.999,0.649
76,42,0.813,1.951,2.251,0.984,0.858,1.803,0.93,1.608,1.704,1.144,0.488,1.449
76,43,1.573,1.993,1.48,1.765,1.989,1.042,1.068,0.765,1.311,1.643,1.652,0.947
76,44,0.932,0.983,1.366,0.739,1.199,0.391,1.708,0.884,0.635,1.013,1.986,2.039
76,45,0.321,1.897,1.074,1.155,1.503,0.747,2.019,1.294,0.813,1.193,1.74,1.914
76,46,1.162,1.063,1.941,1.251,0.71,2.449,0.63,1.345,1.487,1.424,0.431,1.703
76,47,1.746,0.742,1.428,1.196,0.738,0.665,2.097,1.768,1.782,1.669,1.15,1.563
76,48,0.802,1.121,1.806,0.729,0.952,2.391,2.115,0.729,1.29,0.99,0.44,0.695
76,49,1.079,1.479,1.819,1.564,0.19,0.567,0.275,1.067,1.156,0.877,1.691,1.539
76,50,0.354,0.742,1.479,1.669,1.561,1.57,2.063,1.991,1.293,1.584,1.576,1.496
77,1,1.723,1.965,2.147,0.768,0.317,0.726,1.534,1.28,0.529,2.376,1.373,0.327
77,2,0.862,1.263,0.928,1.009,2.135,2.021,0.904,1.357,2.168,1.016,0.701,1.733
77,3,1.323,0.652,1.643,0.265,0.3,0.905,1.351,2.027,1.295,0.315,1.3,0.618
77,4,1.693,0.316,1.02,1.14,1.351,0.203,1.568,1.194,1.112,1.213,1.569,0.984
77,5,1.443,1.909,1.898,1.291,1.323,1.398,0.412,1.23,0.846,1.259,1.376,1.779
77,6,0.971,0.674,1.101,1.262,1.321,1.918,0.464,0.466,0.0,0.174,0.967,1.382
77,7,1.843,1.787,0.74,0.683,1.105,0.156,1.823,1.529,1.217,1.531,0.712,1.927
77,8,1.276,1.849,1.897,1.083,1.284,0.65,0.513,0.686,0.386,0.925,0.982,0.381
77,9,1.853,1.57,2.514,1.81,1.862,1.63,1.326,1.492,1.382,0.167,2.149,2.038
77,10,1.296,2.107,0.037,0.612,0.873,0.957,2.008,1.891,0.751,0.829,0.499,1.65
77,11,0.687,0.58,1.437,2.001,0.499,1.393,2.185,0.989,1.225,1.103,0.897,1.148
77,12,1.272,1.229,0.0,1.132,1.165,1.153,1.055,1.474,0.642,1.349,1.457,0.906
77,13,1.658,0.928,1.994,1.125,1.514,0.89,0.299,1.729,1.09,1.131,1.766,0.146
77,14,1.021,1.555,1.588,1.528,1.743,1.843,1.845,0.405,0.76,0.669,1.519,1.604
77,15,0.454,1.296,1.338,0.266,1.727,1.106,1.859,0.123,1.629,1.453,1.076,1.13
77,16,0.339,0.785,1.46,1.814,1.884,1.365,1.313,1.233,0.45,0.879,1.007,1.961
77,17,2.081,0.279,0.533,1.715,0.966,2.07,2.121,1.495,1.483,0.609,1.508,1.616
77,18,2.204,1.158,0.69,0.435,0.838,1.428,1.537,0.727,1.253,1.766,1.575,2.09
77,19,2.059,0.517,1.894,2.344,0.397,0.938,1.052,2.204,0.832,1.63,0.696,0.903
77,20,0.684,1.511,1.961,0.986,2.035,1.076,1.718,0.298,1.393,1.884,1.234,1.949
77,21,0.971,0.678,1.709,1.745,1.069,2.127,1.121,1.299,1.834,1.257,0.814,0.785
77,22,1.65,1.846,2.0,1.344,1.54,0.979,1.48,1.858,1.774,1.584,1.033,1.105
77,23,1.983,1.028,1.101,1.117,0.655,0.318,1.905,0.971,1.424,0.0,1.118,0.906
77,24,1.4,0.875,1.955,1.889,1.337,1.411,1.808,1.282,1.458,2.315,0.724,1.295
77,25,1.374,1.386,1.766,1.626,1.163,0.24,1.809,1.69,1.709,0.937,1.914,0.822
77,26,0.185,0.34,1.79,1.573,1.644,0.849,0.85,0.492,2.113,2.231,1.709,1.326
77,27,1.173,1.475,1.217,1.48,1.401,0.679,1.152,1.365,1.2,1.105,1.385,1.804
77,28,1.167,0.859,1.613,1.298,0.734,1.216,1.306,0.632,1.702,1.417,1.59,1.569
77,29,2.341,1.12,1.536,0.384,0.955,1.268,1.272,1.035,2.05,0.0,1.569,1.314
77,30,1.244,1.228,1.316,0.903,1.097,1.242,0.285,0.531,1.581,1.473,1.001,1.681
77,31,1.084,1.659,0.478,0.872,1.496,1.065,0.665,0.575,1.394,0.966,2.233,0.905
77,32,1.217,1.18,0.497,1.245,0.485,0.62,2.32,1.942,2.203,1.836,0.955,2.071
77,33,1.096,1.872,1.656,1.408,1.49,1.496,1.556,1.025,2.033,0.713,0.936,1.859
77,34,1.388,1.863,2.35,1.127,1.856,0.767,0.86,0.723,1.164,1.534,1.338,1.165
77,35,0.942,0.739,1.4,1.008,0.589,2.024,1.032,1.288,1.098,1.489,2.062,0.391
77,36,1.531,2.173,1.499,1.119,1.093,1.925,0.98,1.666,1.937,0.591,0.679,1.087
77,37,1.115,1.877,0.318,1.667,0.384,0.579,0.839,1.882,0.852,1.616,0.928,1.505
77,38,1.834,1.029,1.866,0.849,1.788,1.015,0.598,0.81,2.132,1.26,1.977,0.835
77,39,1.046,2.023,1.207,0.635,1.256,1.441,0.642,0.574,1.693,2.096,1.251,0.453
77,40,1.688,1.945,1.598,1.684,2.573,0.075,1.565,1.795,1.917,1.988,1.488,1.08
77,41,2.278,1.782,1.973,1.365,0.349,1.788,0.67,1.615,0.78,0.585,0.694,0.414
77,42,0.784,1.337,0.286,0.626,0.621,1.331,0.877,1.28,1.918,1.382,0.694,1.489
77,43,1.488,2.175,1.292,1.792,0.799,2.184,1.326,1.607,1.465,2.172,1.369,0.96
77,44,0.888,1.414,2.247,2.111,1.316,1.197,0.227,0.773,1.953,0.0,1.004,1.267
77,45,1.579,1.209,0.481,1.476,1.824,2.087,1.442,1.708,1.959,0.912,2.159,1.578
77,46,1.493,0.92,0.892,1.812,0.909,1.222,0.564,0.982,1.868,1.414,1.65,1.035
77,47,1.044,1.752,0.74,1.944,1.302,0.591,0.312,1.225,1.595,1.075,1.517,1.759
77,48,1.149,1.335,1.678,1.013,2.003,0.496,1.629,1.242,0.353,0.593,1.692,0.949
77,49,2.108,1.684,1.618,1.073,1.619,0.976,1.579,1.747,1.82,0.36,0.631,1.671
77,50,0.461,0.869,1.378,1.456,0.414,1.444,2.183,1.612,0.363,1.585,1.641,1.65
78,1,1.23,1.823,1.309,1.143,1.693,1.75,1.081,1.15,1.025,0.747,1.665,0.539
78,2,0.0,1.538,1.532,1.47,1.94,1.514,1.101,1.366,0.44,0.932,1.016,1.421
78,3,0.485,1.66,1.122,1.929,1.654,1.022,0.57,2.414,2.149,1.367,1.293,1.37
78,4,0.427,0.063,0.391,0.706,1.038,1.392,0.77,1.388,1.615,0.782,0.602,0.799
78,5,0.875,2.119,0.873,0.868,0.817,0.463,1.633,0.872,2.074,0.571,0.381,1.687
78,6,1.685,1.419,1.513,1.244,0.736,0.912,0.696,1.156,1.645,1.072,1.492,0.476
78,7,1.437,1.239,1.761,0.0,1.653,0.726,1.36,2.226,1.753,0.828,0.826,1.221
78,8,1.456,1.87,1.852,0.933,0.858,0.969,1.724,2.111,1.264,1.706,0.472,2.059
78,9,0.363,1.357,1.005,1.667,1.588,1.018,2.099,1.316,0.761,1.211,1.795,0.947
78,10,2.217,1.784,1.652,0.43,1.518,2.699,0.319,1.169,1.203,0.497,0.6,1.876
78,11,0.833,1.44,1.482,0.752,1.895,1.241,0.261,0.381,2.194,0.876,1.351,0.461
78,12,1.737,0.257,1.572,1.429,2.085,1.109,1.732,1.195,0.301,0.379,0.507,0.997
78,13,1.804,0.674,0.632,1.819,1.665,1.164,1.618,0.549,1.449,0.774,1.599,1.992
78,14,2.282,1.246,0.431,0.883,1.064,1.487,1.029,2.061,1.214,1.519,0.31,0.69
78,15,1.811,0.692,1.351,0.731,1.534,1.935,1.155,0.604,1.885,1.489,0.752,1.981
78,16,1.306,1.846,2.097,1.302,1.555,0.701,1.881,1.32,0.896,1.694,0.944,0.886
78,17,1.516,1.184,1.53,2.401,1.567,0.286,1.257,0.228,1.008,2.041,1.304,0.125
78,18,0.776,1.543,1.548,2.148,1.607,1.061,1.474,0.846,0.924,0.963,1.126,1.493
78,19,0.56,1.784,1.436,0.269,1.038,1.868,1.377,1.129,1.291,2.07,1.388,1.84
78,20,1.515,0.071,1.092,1.05,0.654,0.648,1.166,1.238,0.816,2.011,1.814,1.087
78,21,1.514,1.26,1.798,0.836,2.024,1.071,1.339,1.043,0.94,1.685,2.406,1.797
78,22,1.335,0.822,1.066,1.228,1.327,1.551,1.845,1.639,0.886,1.561,1.245,1.029
78,23,1.352,0.046,1.48,2.455,0.999,1.37,1.513,0.352,1.205,0.839,0.7,1.239
78,24,2.377,0.714,0.61,1.199,2.057,1.141,1.135,0.684,1.254,2.151,0.442,1.389
78,25,1.235,1.478,0.692,0.415,1.808,0.503,1.418,1.666,1.862,1.522,1.612,1.825
78,26,0.807,1.606,1.451,0.249,1.506,1.36,1.034,1.485,0.268,2.034,1.702,1.706
78,27,1.456,1.11,0.603,0.594,2.433,0.814,0.335,1.62,1.214,0.669,2.063,1.544
78,28,0.477,0.864,1.935,0.172,1.162,1.69,1.703,0.872,2.353,1.096,1.416,1.426
78,29,0.406,2.13,1.413,1.543,0.539,1.683,1.477,0.913,0.951,1.675,1.148,1.184
78,30,0.987,1.155,1.99,0.428,0.774,1.852,1.204,0.792,0.221,2.264,1.129,1.643
78,31,0.714,1.162,1.137,1.029,1.33,0.639,1.133,1.222,1.244,1.556,1.507,1.199
78,32,2.017,0.086,0.332,1.01,1.261,1.407,1.678,0.41,0.534,0.495,1.114,0.561
78,33,0.487,1.976,0.795,1.704,1.913,1.336,1.633,2.14,1.924,1.385,0.618,1.803
78,34,1.64,1.599,1.745,0.984,1.186,1.356,1.58,1.7,1.13,0.946,1.643,1.005
78,35,1.813,0.825,1.089,0.955,2.107,1.016,0.743,0.778,1.253,1.637,0.194,0.701
78,36,2.315,2.282,1.865,1.444,1.708,0.852,2.011,0.14,1.803,2.273,1.905,0.955
78,37,0.769,2.249,1.515,1.013,0.42,1.393,0.672,0.646,0.831,1.861,1.377,1.112
78,38,1.277,1.151,0.686,1.682,0.968,0.944,0.906,1.325,1.004,0.721,1.01,2.407
78,39,2.169,1.804,0.586,0.606,1.673,1.751,1.519,1.752,1.33,1.718,1.763,0.742
78,40,1.181,1.271,1.582,1.637,1.136,0.924,1.327,2.3,1.517,1.641,2.041,1.54
78,41,1.523,1.146,0.422,1.296,1.5,1.157,0.0,1.84,1.342,1.533,1.318,1.169
78,42,1.713,1.728,0.342,1.724,1.264,1.945,1.591,1.369,1.496,1.855,2.525,1.718
78,43,2.256,1.611,2.166,0.924,1.201,0.659,1.886,1.943,1.348,1.0,1.921,0.515
78,44,1.901,0.493,1.056,0.877,0.545,0.806,2.035,1.26,0.776,0.549,0.7,0.843
78,45,0.793,0.908,0.954,1.185,0.661,1.814,1.931,0.863,0.888,0.625,1.51,0.816
78,46,2.103,0.794,2.188,1.415,1.708,1.765,0.815,1.587,1.361,1.365,0.842,1.095
78,47,1.193,0.402,0.706,1.594,1.451,0.475,1.513,1.948,2.133,0.782,1.79,0.94
78,48,0.992,1.165,1.434,1.157,0.529,1.771,1.914,0.568,1.693,0.714,1.656,0.698
78,49,1.708,0.936,1.277,0.644,1.053,1.364,0.981,1.747,0.322,0.786,0.325,1.195
78,50,1.587,1.083,0.845,2.175,0.614,1.304,2.019,1.439,0.75,1.133,0.86,1.92
79,1,1.621,1.592,1.515,1.182,1.794,1.219,0.999,1.14,1.458,0.818,1.885,1.887
79,2,0.966,1.949,1.142,1.494,1.455,0.937,1.694,1.222,1.366,1.597,1.982,2.186
79,3,1.764,0.258,1.876,1.786,0.719,1.168,0.934,1.048,1.392,0.871,1.194,1.756
79,4,1.208,0.408,2.064,0.771,1.136,0.668,1.256,1.569,0.516,0.855,0.486,0.747
79,5,1.173,1.927,0.997,1.738,1.754,1.032,1.553,0.683,1.191,0.771,2.083,0.619
79,6,1.759,0.997,1.584,0.606,1.109,0.79,1.844,0.113,1.803,1.075,1.132,1.648
79,7,2.209,1.68,1.727,1.666,1.08,1.681,1.172,0.0,1.859,0.916,1.883,1.499
79,8,0.936,0.889,1.256,1.318,1.313,0.902,1.705,1.633,1.218,1.523,1.13,1.584
79,9,0.512,0.737,1.057,0.863,0.774,1.867,0.576,0.467,1.042,1.628,0.795,0.0
79,10,0.298,0.832,0.847,1.376,1.561,1.826,0.61,1.41,0.965,1.154,0.716,1.367
79,11,1.142,0.389,1.062,1.242,0.471,1.397,1.646,1.104,1.271,2.006,1.155,1.175
79,12,1.549,1.412,0.865,0.53,0.701,1.48,1.027,1.977,0.478,0.349,1.318,0.671
79,13,0.734,0.817,1.541,1.874,1.421,1.047,1.45,1.858,0.827,0.97,1.479,1.275
79,14,0.709,1.318,1.119,1.534,1.508,1.409,1.489,1.41,1.324,2.623,1.748,0.318
79,15,1.776,1.412,1.324,0.408,1.075,1.228,0.96,0.746,0.593,1.268,1.141,0.889
79,16,0.391,1.193,1.434,1.708,1.517,1.005,1.559,0.49,1.38,0.333,1.797,0.948
79,17,1.055,1.783,0.689,1.146,2.072,1.845,1.347,0.117,1.414,0.774,1.86,0.61
79,18,1.36,0.541,1.492,0.275,1.231,0.667,1.287,0.996,0.606,1.102,0.911,1.591
79,19,1.509,1.096,1.932,1.072,0.735,0.822,1.021,0.858,0.805,0.031,1.832,0.272
79,20,1.53,1.621,1.654,0.641,1.169,1.65,2.433,1.017,0.996,1.436,1.182,1.257
79,21,2.318,1.631,0.902,1.483,0.571,1.831,1.312,0.565,0.912,0.732,1.174,1.676
79,22,0.858,0.829,1.907,0.316,1.59,0.8,0.833,0.696,1.057,0.64,1.842,0.798
79,23,0.831,1.625,1.509,0.706,0.264,0.683,1.346,0.986,1.407,0.871,1.604,0.574
79,24,1.073,1.467,0.455,0.959,1.488,0.556,1.578,1.959,1.283,1.386,0.403,0.722
79,25,1.071,0.313,1.69,1.636,1.367,0.936,1.217,1.627,1.419,0.399,1.532,0.713
79,26,2.125,1.436,1.422,1.41,0.889,1.231,1.51,0.771,0.682,1.337,1.065,1.582
79,27,1.064,0.445,2.265,0.432,1.286,1.718,0.83,1.471,1.613,1.259,0.585,1.846
79,28,1.057,1.515,2.784,1.143,1.093,1.308,0.783,1.117,1.602,1.819,1.893,0.842
79,29,1.952,1.151,0.0,0.844,0.928,1.599,1.907,1.479,1.611,1.45,1.95,2.041
79,30,1.652,0.537,0.318,1.685,1.711,1.623,1.015,0.648,1.353,1.432,1.235,1.071
79,31,1.515,0.862,1.134,2.366,0.974,1.628,1.31,0.724,0.774,0.854,1.001,1.636
79,32,0.0,1.391,1.866,0.131,1.525,0.876,1.009,1.228,0.375,1.748,1.808,0.745
79,33,2.072,0.512,1.122,0.789,0.622,2.043,1.516,1.536,0.912,0.801,2.011,1.292
79,34,0.412,1.38,0.654,0.595,2.233,0.618,0.578,0.913,1.872,0.74,1.913,0.831
79,35,1.366,0.795,1.524,1.959,1.486,1.732,0.53,0.592,1.582,0.565,1.522,0.816
79,36,1.442,2.161,2.028,1.748,1.351,2.099,1.517,0.237,1.53,0.783,2.31,0.575
79,37,1.201,0.81,1.427,1.192,0.0,0.831,0.856,0.808,0.822,1.088,1.29,0.793
79,38,1.702,1.67,1.51,0.408,0.994,2.116,1.259,0.793,0.573,1.374,0.162,0.397
79,39,1.21,1.346,1.846,1.29,1.086,1.59,1.919,1.891,1.269,0.347,1.089,1.011
79,40,1.279,0.421,1.674,0.759,1.539,1.084,0.993,1.824,1.388,1.875,1.186,1.191
79,41,0.0,1.179,1.588,1.123,1.981,1.431,0.802,1.514,1.182,0.945,2.042,0.909
79,42,1.665,2.237,1.478,2.228,1.844,1.042,1.477,1.007,0.956,0.469,1.526,0.816
79,43,1.684,0.885,0.972,0.143,1.578,1.179,1.672,1.495,1.019,1.373,1.219,0.788
79,44,1.748,1.346,0.515,0.449,1.81,1.947,1.75,1.715,0.72,0.324,2.101,0.768
79,45,1.149,1.236,1.364,1.904,0.935,1.389,2.001,1.652,1.056,0.319,1.091,1.193
79,46,1.073,1.157,2.186,2.121,1.898,1.276,0.875,2.083,1.358,1.648,1.238,1.592
79,47,1.336,1.049,1.321,1.27,1.196,0.908,1.452,1.378,1.097,0.46,1.344,2.044
79,48,1.394,1.293,1.453,1.4,0.895,1.484,0.829,1.554,1.4,0.856,0.991,1.091
79,49,1.856,1.807,0.877,1.473,1.81,1.806,1.765,1.099,0.503,1.747,0.547,0.51
79,50,1.14,1.177,0.827,0.74,1.769,0.618,1.0,1.873,1.982,0.619,1.47,1.201
80,1,1.172,0.325,0.817,1.738,1.156,1.32,0.419,0.0,1.687,0.588,0.652,0.984
80,2,1.848,0.65,1.416,2.616,0.285,1.663,1.244,2.235,1.965,0.728,1.41,0.202
80,3,1.666,1.823,1.616,1.981,1.015,1.198,2.051,0.306,1.69,1.298,1.14,0.346
80,4,1.819,1.84,1.984,1.353,1.476,0.768,0.848,1.092,1.54,2.233,1.236,0.929
80,5,0.302,1.097,2.048,1.129,2.01,1.355,0.931,1.106,1.871,0.351,1.375,0.622
80,6,0.593,1.313,0.891,1.965,1.529,1.035,0.354,2.281,2.386,1.34,1.727,0.0
80,7,1.235,0.966,1.084,1.322,2.445,0.459,1.296,1.38,1.052,1.348,1.539,0.683
80,8,1.787,1.578,1.743,1.731,1.462,1.099,0.762,0.785,2.027,1.335,1.82,1.083
80,9,1.84,1.367,0.681,2.242,0.965,1.064,2.443,1.284,0.478,0.958,1.152,0.21
80,10,1.25,0.713,1.238,0.752,1.014,0.398,1.231,0.883,0.148,0.944,1.553,1.347
80,11,0.718,0.665,0.769,0.77,0.909,0.444,1.062,1.67,0.0,1.198,0.865,1.166
80,12,1.54,1.175,1.419,1.909,0.6,0.886,1.741,1.214,1.674,1.186,1.036,1.697
80,13,1.25,1.942,1.131,1.565,1.979,1.393,1.765,1.014,1.808,1.695,1.812,1.303
80,14,1.484,1.31,1.701,1.837,2.117,2.189,1.039,0.0,1.282,1.095,2.023,1.63
80,15,1.198,1.141,0.11,1.161,1.739,2.018,1.424,1.969,1.041,1.457,0.595,1.856
80,16,2.007,1.451,1.286,1.922,1.453,0.71,1.53,1.409,1.195,1.978,1.682,0.924
80,17,1.09,1.127,0.769,1.409,0.907,1.001,1.57,1.621,1.463,0.992,1.945,0.563
80,18,2.159,1.76,0.0,1.526,1.145,1.456,1.467,1.338,1.467,0.755,0.837,1.149
80,19,1.998,0.879,0.582,1.482,1.297,1.821,1.312,0.771,0.727,0.594,1.412,0.843
80,20,1.881,1.407,2.174,1.698,1.927,0.292,1.793,1.019,1.472,1.494,1.439,1.392
80,21,1.328,1.885,1.602,1.891,1.53,1.566,1.587,1.686,0.655,0.569,0.457,1.395
80,22,1.548,0.756,0.156,0.707,0.187,1.819,1.2,1.851,0.773,1.599,1.815,1.316
80,23,1.361,0.845,1.519,1.877,1.988,1.62,1.576,2.079,0.644,1.967,1.926,1.352
80,24,1.764,0.787,1.33,0.908,1.543,1.923,1.282,1.291,1.114,0.71,1.994,1.142
80,25,2.0,0.305,2.085,0.913,1.217,0.315,2.219,0.669,1.894,1.17,1.421,0.824
80,26,1.988,0.565,1.31,1.253,0.692,1.336,1.779,0.931,0.531,1.118,2.02,1.754
80,27,0.368,1.088,1.234,1.39,1.407,2.439,0.36,1.198,1.444,0.606,1.825,0.503
80,28,1.218,1.047,1.257,1.234,0.835,0.499,1.347,1.023,1.31,1.148,0.057,0.491
80,29,1.236,2.008,0.886,1.007,1.673,1.263,1.151,0.631,0.774,1.468,0.826,2.308
80,30,0.738,0.712,1.285,0.656,1.006,1.733,1.427,1.262,1.338,0.402,2.092,0.875
80,31,1.328,0.862,1.577,1.198,0.408,0.69,1.126,0.849,1.166,1.802,0.538,1.883
80,32,0.963,0.991,2.049,0.566,1.523,1.94,0.824,1.64,2.24,1.505,1.446,1.219
80,33,2.089,1.757,1.186,0.706,0.83,0.892,1.364,1.223,1.07,0.402,0.638,1.233
80,34,0.197,1.61,1.315,1.604,1.188,1.602,1.306,1.506,1.276,0.443,0.885,0.774
80,35,1.931,0.853,0.75,1.457,0.814,1.919,0.485,0.788,1.402,1.478,1.893,0.774
80,36,0.668,1.863,2.201,0.42,0.361,1.17,0.912,1.291,1.054,0.827,0.981,0.753
80,37,1.74,0.855,1.569,0.575,0.376,1.78,0.472,0.972,2.039,0.486,1.312,1.454
80,38,1.001,1.526,0.609,2.094,2.115,1.145,1.379,0.992,1.352,1.749,0.808,1.11
80,39,0.835,1.547,0.979,2.202,1.646,1.485,0.696,1.43,1.089,0.226,0.694,0.738
80,40,1.874,0.883,1.008,1.754,1.415,1.785,1.646,0.864,1.556,1.823,0.804,1.834
80,41,1.21,1.576,0.256,0.713,1.056,1.713,1.73,2.202,1.104,1.299,1.785,1.943
80,42,1.222,1.311,0.978,1.296,1.055,1.783,1.409,1.345,0.885,1.385,0.632,1.583
80,43,0.941,0.938,0.968,1.664,1.757,1.288,1.849,1.962,1.476,0.705,0.59,1.224
80,44,0.293,1.573,1.122,1.772,0.945,0.969,0.919,1.679,2.266,0.747,1.509,0.952
80,45,1.049,0.749,1.195,0.813,1.167,0.863,1.812,1.581,1.643,1.761,1.262,1.105
80,46,1.131,1.685,0.427,1.708,1.976,0.547,1.657,1.888,0.793,2.476,0.713,1.353
80,47,0.806,0.837,2.042,2.053,1.586,1.069,0.564,1.579,1.524,1.596,0.282,1.635
80,48,1.043,1.519,0.544,1.748,1.189,1.302,1.436,0.758,0.989,1.946,1.052,0.718
80,49,0.974,1.334,0.635,0.565,0.526,0.759,1.793,0.643,0.89,1.8,1.91,1.251
80,50,1.36,1.056,0.726,1.27,0.771,2.09,0.552,2.281,2.017,1.704,1.912,1.472
